[     292ms] [INFO] %cDownload the React DevTools for a better development experience: https://react.dev/link/react-devtools font-weight:bold @ http://localhost:3000/_next/static/chunks/node_modules_next_dist_1e8vcs8._.js:776
[     318ms] [LOG] [HMR] connected @ http://localhost:3000/_next/static/chunks/node_modules_next_dist_1e8vcs8._.js:776
[     780ms] [LOG] [Fast Refresh] rebuilding @ http://localhost:3000/_next/static/chunks/node_modules_next_dist_1e8vcs8._.js:776
[     860ms] [LOG] [Fast Refresh] done in 226ms @ http://localhost:3000/_next/static/chunks/node_modules_next_dist_1e8vcs8._.js:776
[  181555ms] [LOG] [Fast Refresh] rebuilding @ http://localhost:3000/_next/static/chunks/node_modules_next_dist_1e8vcs8._.js:776
[  182643ms] [ERROR] ./components/hero.tsx:173:14
Error: Expression expected
  171 |               width={900}
  172 |               height={}
> 173 |             />
      |              ^
  174 |           </div>
  175 |         </div>
  176 |       </div>

Parsing ecmascript source code failed

Import trace:
  Server Component:
    ./components/hero.tsx
    ./app/page.tsx @ http://localhost:3000/_next/static/chunks/node_modules_next_dist_1e8vcs8._.js:1052
[  182748ms] [ERROR] ./components/hero.tsx:173:14
Error: Expression expected
  171 |               width={900}
  172 |               height={}
> 173 |             />
      |              ^
  174 |           </div>
  175 |         </div>
  176 |       </div>

Parsing ecmascript source code failed

Import trace:
  Server Component:
    ./components/hero.tsx
    ./app/page.tsx @ http://localhost:3000/_next/static/chunks/node_modules_next_dist_1e8vcs8._.js:1052
[  182958ms] [LOG] [Fast Refresh] rebuilding @ http://localhost:3000/_next/static/chunks/node_modules_next_dist_1e8vcs8._.js:776
[  182964ms] [ERROR] ./components/hero.tsx:173:14
Error: Expression expected
  171 |               width={900}
  172 |               height={}
> 173 |             />
      |              ^
  174 |           </div>
  175 |         </div>
  176 |       </div>

Parsing ecmascript source code failed

Import trace:
  Server Component:
    ./components/hero.tsx
    ./app/page.tsx @ http://localhost:3000/_next/static/chunks/node_modules_next_dist_1e8vcs8._.js:1052
[  183042ms] [ERROR] ./components/hero.tsx:173:14
Error: Expression expected
  171 |               width={900}
  172 |               height={}
> 173 |             />
      |              ^
  174 |           </div>
  175 |         </div>
  176 |       </div>

Parsing ecmascript source code failed

Import trace:
  Server Component:
    ./components/hero.tsx
    ./app/page.tsx @ http://localhost:3000/_next/static/chunks/node_modules_next_dist_1e8vcs8._.js:1052
[  183131ms] [ERROR] ./components/hero.tsx:173:14
Error: Expression expected
  171 |               width={900}
  172 |               height={}
> 173 |             />
      |              ^
  174 |           </div>
  175 |         </div>
  176 |       </div>

Parsing ecmascript source code failed

Import trace:
  Server Component:
    ./components/hero.tsx
    ./app/page.tsx @ http://localhost:3000/_next/static/chunks/node_modules_next_dist_1e8vcs8._.js:1052
[  183196ms] [ERROR] ./components/hero.tsx:173:14
Error: Expression expected
  171 |               width={900}
  172 |               height={}
> 173 |             />
      |              ^
  174 |           </div>
  175 |         </div>
  176 |       </div>

Parsing ecmascript source code failed

Import trace:
  Server Component:
    ./components/hero.tsx
    ./app/page.tsx @ http://localhost:3000/_next/static/chunks/node_modules_next_dist_1e8vcs8._.js:1052
[  183275ms] [ERROR] ./components/hero.tsx:173:14
Error: Expression expected
  171 |               width={900}
  172 |               height={}
> 173 |             />
      |              ^
  174 |           </div>
  175 |         </div>
  176 |       </div>

Parsing ecmascript source code failed

Import trace:
  Server Component:
    ./components/hero.tsx
    ./app/page.tsx @ http://localhost:3000/_next/static/chunks/node_modules_next_dist_1e8vcs8._.js:1052
[  183355ms] [ERROR] ./components/hero.tsx:173:14
Error: Expression expected
  171 |               width={900}
  172 |               height={}
> 173 |             />
      |              ^
  174 |           </div>
  175 |         </div>
  176 |       </div>

Parsing ecmascript source code failed

Import trace:
  Server Component:
    ./components/hero.tsx
    ./app/page.tsx @ http://localhost:3000/_next/static/chunks/node_modules_next_dist_1e8vcs8._.js:1052
[  183433ms] [ERROR] ./components/hero.tsx:173:14
Error: Expression expected
  171 |               width={900}
  172 |               height={}
> 173 |             />
      |              ^
  174 |           </div>
  175 |         </div>
  176 |       </div>

Parsing ecmascript source code failed

Import trace:
  Server Component:
    ./components/hero.tsx
    ./app/page.tsx @ http://localhost:3000/_next/static/chunks/node_modules_next_dist_1e8vcs8._.js:1052
[  183509ms] [ERROR] ./components/hero.tsx:173:14
Error: Expression expected
  171 |               width={900}
  172 |               height={}
> 173 |             />
      |              ^
  174 |           </div>
  175 |         </div>
  176 |       </div>

Parsing ecmascript source code failed

Import trace:
  Server Component:
    ./components/hero.tsx
    ./app/page.tsx @ http://localhost:3000/_next/static/chunks/node_modules_next_dist_1e8vcs8._.js:1052
[  183587ms] [ERROR] ./components/hero.tsx:173:14
Error: Expression expected
  171 |               width={900}
  172 |               height={}
> 173 |             />
      |              ^
  174 |           </div>
  175 |         </div>
  176 |       </div>

Parsing ecmascript source code failed

Import trace:
  Server Component:
    ./components/hero.tsx
    ./app/page.tsx @ http://localhost:3000/_next/static/chunks/node_modules_next_dist_1e8vcs8._.js:1052
[  183666ms] [ERROR] ./components/hero.tsx:173:14
Error: Expression expected
  171 |               width={900}
  172 |               height={}
> 173 |             />
      |              ^
  174 |           </div>
  175 |         </div>
  176 |       </div>

Parsing ecmascript source code failed

Import trace:
  Server Component:
    ./components/hero.tsx
    ./app/page.tsx @ http://localhost:3000/_next/static/chunks/node_modules_next_dist_1e8vcs8._.js:1052
[  183728ms] [ERROR] ./components/hero.tsx:173:14
Error: Expression expected
  171 |               width={900}
  172 |               height={}
> 173 |             />
      |              ^
  174 |           </div>
  175 |         </div>
  176 |       </div>

Parsing ecmascript source code failed

Import trace:
  Server Component:
    ./components/hero.tsx
    ./app/page.tsx @ http://localhost:3000/_next/static/chunks/node_modules_next_dist_1e8vcs8._.js:1052
[  183807ms] [ERROR] ./components/hero.tsx:173:14
Error: Expression expected
  171 |               width={900}
  172 |               height={}
> 173 |             />
      |              ^
  174 |           </div>
  175 |         </div>
  176 |       </div>

Parsing ecmascript source code failed

Import trace:
  Server Component:
    ./components/hero.tsx
    ./app/page.tsx @ http://localhost:3000/_next/static/chunks/node_modules_next_dist_1e8vcs8._.js:1052
[  183887ms] [ERROR] ./components/hero.tsx:173:14
Error: Expression expected
  171 |               width={900}
  172 |               height={}
> 173 |             />
      |              ^
  174 |           </div>
  175 |         </div>
  176 |       </div>

Parsing ecmascript source code failed

Import trace:
  Server Component:
    ./components/hero.tsx
    ./app/page.tsx @ http://localhost:3000/_next/static/chunks/node_modules_next_dist_1e8vcs8._.js:1052
[  183950ms] [ERROR] ./components/hero.tsx:173:14
Error: Expression expected
  171 |               width={900}
  172 |               height={}
> 173 |             />
      |              ^
  174 |           </div>
  175 |         </div>
  176 |       </div>

Parsing ecmascript source code failed

Import trace:
  Server Component:
    ./components/hero.tsx
    ./app/page.tsx @ http://localhost:3000/_next/static/chunks/node_modules_next_dist_1e8vcs8._.js:1052
[  184028ms] [ERROR] ./components/hero.tsx:173:14
Error: Expression expected
  171 |               width={900}
  172 |               height={}
> 173 |             />
      |              ^
  174 |           </div>
  175 |         </div>
  176 |       </div>

Parsing ecmascript source code failed

Import trace:
  Server Component:
    ./components/hero.tsx
    ./app/page.tsx @ http://localhost:3000/_next/static/chunks/node_modules_next_dist_1e8vcs8._.js:1052
[  184107ms] [ERROR] ./components/hero.tsx:173:14
Error: Expression expected
  171 |               width={900}
  172 |               height={}
> 173 |             />
      |              ^
  174 |           </div>
  175 |         </div>
  176 |       </div>

Parsing ecmascript source code failed

Import trace:
  Server Component:
    ./components/hero.tsx
    ./app/page.tsx @ http://localhost:3000/_next/static/chunks/node_modules_next_dist_1e8vcs8._.js:1052
[  184184ms] [ERROR] ./components/hero.tsx:173:14
Error: Expression expected
  171 |               width={900}
  172 |               height={}
> 173 |             />
      |              ^
  174 |           </div>
  175 |         </div>
  176 |       </div>

Parsing ecmascript source code failed

Import trace:
  Server Component:
    ./components/hero.tsx
    ./app/page.tsx @ http://localhost:3000/_next/static/chunks/node_modules_next_dist_1e8vcs8._.js:1052
[  184246ms] [ERROR] ./components/hero.tsx:173:14
Error: Expression expected
  171 |               width={900}
  172 |               height={}
> 173 |             />
      |              ^
  174 |           </div>
  175 |         </div>
  176 |       </div>

Parsing ecmascript source code failed

Import trace:
  Server Component:
    ./components/hero.tsx
    ./app/page.tsx @ http://localhost:3000/_next/static/chunks/node_modules_next_dist_1e8vcs8._.js:1052
[  184310ms] [ERROR] ./components/hero.tsx:173:14
Error: Expression expected
  171 |               width={900}
  172 |               height={}
> 173 |             />
      |              ^
  174 |           </div>
  175 |         </div>
  176 |       </div>

Parsing ecmascript source code failed

Import trace:
  Server Component:
    ./components/hero.tsx
    ./app/page.tsx @ http://localhost:3000/_next/static/chunks/node_modules_next_dist_1e8vcs8._.js:1052
[  184383ms] [ERROR] ./components/hero.tsx:173:14
Error: Expression expected
  171 |               width={900}
  172 |               height={}
> 173 |             />
      |              ^
  174 |           </div>
  175 |         </div>
  176 |       </div>

Parsing ecmascript source code failed

Import trace:
  Server Component:
    ./components/hero.tsx
    ./app/page.tsx @ http://localhost:3000/_next/static/chunks/node_modules_next_dist_1e8vcs8._.js:1052
[  184483ms] [ERROR] ./components/hero.tsx:173:14
Error: Expression expected
  171 |               width={900}
  172 |               height={}
> 173 |             />
      |              ^
  174 |           </div>
  175 |         </div>
  176 |       </div>

Parsing ecmascript source code failed

Import trace:
  Server Component:
    ./components/hero.tsx
    ./app/page.tsx @ http://localhost:3000/_next/static/chunks/node_modules_next_dist_1e8vcs8._.js:1052
[  184563ms] [ERROR] ./components/hero.tsx:173:14
Error: Expression expected
  171 |               width={900}
  172 |               height={}
> 173 |             />
      |              ^
  174 |           </div>
  175 |         </div>
  176 |       </div>

Parsing ecmascript source code failed

Import trace:
  Server Component:
    ./components/hero.tsx
    ./app/page.tsx @ http://localhost:3000/_next/static/chunks/node_modules_next_dist_1e8vcs8._.js:1052
[  184640ms] [ERROR] ./components/hero.tsx:173:14
Error: Expression expected
  171 |               width={900}
  172 |               height={}
> 173 |             />
      |              ^
  174 |           </div>
  175 |         </div>
  176 |       </div>

Parsing ecmascript source code failed

Import trace:
  Server Component:
    ./components/hero.tsx
    ./app/page.tsx @ http://localhost:3000/_next/static/chunks/node_modules_next_dist_1e8vcs8._.js:1052
[  184799ms] [ERROR] ./components/hero.tsx:173:14
Error: Expression expected
  171 |               width={900}
  172 |               height={}
> 173 |             />
      |              ^
  174 |           </div>
  175 |         </div>
  176 |       </div>

Parsing ecmascript source code failed

Import trace:
  Server Component:
    ./components/hero.tsx
    ./app/page.tsx @ http://localhost:3000/_next/static/chunks/node_modules_next_dist_1e8vcs8._.js:1052
[  184907ms] [ERROR] ./components/hero.tsx:173:14
Error: Expression expected
  171 |               width={900}
  172 |               height={}
> 173 |             />
      |              ^
  174 |           </div>
  175 |         </div>
  176 |       </div>

Parsing ecmascript source code failed

Import trace:
  Server Component:
    ./components/hero.tsx
    ./app/page.tsx @ http://localhost:3000/_next/static/chunks/node_modules_next_dist_1e8vcs8._.js:1052
[  184986ms] [ERROR] ./components/hero.tsx:173:14
Error: Expression expected
  171 |               width={900}
  172 |               height={}
> 173 |             />
      |              ^
  174 |           </div>
  175 |         </div>
  176 |       </div>

Parsing ecmascript source code failed

Import trace:
  Server Component:
    ./components/hero.tsx
    ./app/page.tsx @ http://localhost:3000/_next/static/chunks/node_modules_next_dist_1e8vcs8._.js:1052
[  185066ms] [ERROR] ./components/hero.tsx:173:14
Error: Expression expected
  171 |               width={900}
  172 |               height={}
> 173 |             />
      |              ^
  174 |           </div>
  175 |         </div>
  176 |       </div>

Parsing ecmascript source code failed

Import trace:
  Server Component:
    ./components/hero.tsx
    ./app/page.tsx @ http://localhost:3000/_next/static/chunks/node_modules_next_dist_1e8vcs8._.js:1052
[  185143ms] [ERROR] ./components/hero.tsx:173:14
Error: Expression expected
  171 |               width={900}
  172 |               height={}
> 173 |             />
      |              ^
  174 |           </div>
  175 |         </div>
  176 |       </div>

Parsing ecmascript source code failed

Import trace:
  Server Component:
    ./components/hero.tsx
    ./app/page.tsx @ http://localhost:3000/_next/static/chunks/node_modules_next_dist_1e8vcs8._.js:1052
[  185206ms] [ERROR] ./components/hero.tsx:173:14
Error: Expression expected
  171 |               width={900}
  172 |               height={}
> 173 |             />
      |              ^
  174 |           </div>
  175 |         </div>
  176 |       </div>

Parsing ecmascript source code failed

Import trace:
  Server Component:
    ./components/hero.tsx
    ./app/page.tsx @ http://localhost:3000/_next/static/chunks/node_modules_next_dist_1e8vcs8._.js:1052
[  185284ms] [ERROR] ./components/hero.tsx:173:14
Error: Expression expected
  171 |               width={900}
  172 |               height={}
> 173 |             />
      |              ^
  174 |           </div>
  175 |         </div>
  176 |       </div>

Parsing ecmascript source code failed

Import trace:
  Server Component:
    ./components/hero.tsx
    ./app/page.tsx @ http://localhost:3000/_next/static/chunks/node_modules_next_dist_1e8vcs8._.js:1052
[  185365ms] [ERROR] ./components/hero.tsx:173:14
Error: Expression expected
  171 |               width={900}
  172 |               height={}
> 173 |             />
      |              ^
  174 |           </div>
  175 |         </div>
  176 |       </div>

Parsing ecmascript source code failed

Import trace:
  Server Component:
    ./components/hero.tsx
    ./app/page.tsx @ http://localhost:3000/_next/static/chunks/node_modules_next_dist_1e8vcs8._.js:1052
[  185427ms] [ERROR] ./components/hero.tsx:173:14
Error: Expression expected
  171 |               width={900}
  172 |               height={}
> 173 |             />
      |              ^
  174 |           </div>
  175 |         </div>
  176 |       </div>

Parsing ecmascript source code failed

Import trace:
  Server Component:
    ./components/hero.tsx
    ./app/page.tsx @ http://localhost:3000/_next/static/chunks/node_modules_next_dist_1e8vcs8._.js:1052
[  185490ms] [ERROR] ./components/hero.tsx:173:14
Error: Expression expected
  171 |               width={900}
  172 |               height={}
> 173 |             />
      |              ^
  174 |           </div>
  175 |         </div>
  176 |       </div>

Parsing ecmascript source code failed

Import trace:
  Server Component:
    ./components/hero.tsx
    ./app/page.tsx @ http://localhost:3000/_next/static/chunks/node_modules_next_dist_1e8vcs8._.js:1052
[  185553ms] [ERROR] ./components/hero.tsx:173:14
Error: Expression expected
  171 |               width={900}
  172 |               height={}
> 173 |             />
      |              ^
  174 |           </div>
  175 |         </div>
  176 |       </div>

Parsing ecmascript source code failed

Import trace:
  Server Component:
    ./components/hero.tsx
    ./app/page.tsx @ http://localhost:3000/_next/static/chunks/node_modules_next_dist_1e8vcs8._.js:1052
[  185631ms] [ERROR] ./components/hero.tsx:173:14
Error: Expression expected
  171 |               width={900}
  172 |               height={}
> 173 |             />
      |              ^
  174 |           </div>
  175 |         </div>
  176 |       </div>

Parsing ecmascript source code failed

Import trace:
  Server Component:
    ./components/hero.tsx
    ./app/page.tsx @ http://localhost:3000/_next/static/chunks/node_modules_next_dist_1e8vcs8._.js:1052
[  185693ms] [ERROR] ./components/hero.tsx:173:14
Error: Expression expected
  171 |               width={900}
  172 |               height={}
> 173 |             />
      |              ^
  174 |           </div>
  175 |         </div>
  176 |       </div>

Parsing ecmascript source code failed

Import trace:
  Server Component:
    ./components/hero.tsx
    ./app/page.tsx @ http://localhost:3000/_next/static/chunks/node_modules_next_dist_1e8vcs8._.js:1052
[  185754ms] [ERROR] ./components/hero.tsx:173:14
Error: Expression expected
  171 |               width={900}
  172 |               height={}
> 173 |             />
      |              ^
  174 |           </div>
  175 |         </div>
  176 |       </div>

Parsing ecmascript source code failed

Import trace:
  Server Component:
    ./components/hero.tsx
    ./app/page.tsx @ http://localhost:3000/_next/static/chunks/node_modules_next_dist_1e8vcs8._.js:1052
[  185817ms] [ERROR] ./components/hero.tsx:173:14
Error: Expression expected
  171 |               width={900}
  172 |               height={}
> 173 |             />
      |              ^
  174 |           </div>
  175 |         </div>
  176 |       </div>

Parsing ecmascript source code failed

Import trace:
  Server Component:
    ./components/hero.tsx
    ./app/page.tsx @ http://localhost:3000/_next/static/chunks/node_modules_next_dist_1e8vcs8._.js:1052
[  185895ms] [ERROR] ./components/hero.tsx:173:14
Error: Expression expected
  171 |               width={900}
  172 |               height={}
> 173 |             />
      |              ^
  174 |           </div>
  175 |         </div>
  176 |       </div>

Parsing ecmascript source code failed

Import trace:
  Server Component:
    ./components/hero.tsx
    ./app/page.tsx @ http://localhost:3000/_next/static/chunks/node_modules_next_dist_1e8vcs8._.js:1052
[  185972ms] [ERROR] ./components/hero.tsx:173:14
Error: Expression expected
  171 |               width={900}
  172 |               height={}
> 173 |             />
      |              ^
  174 |           </div>
  175 |         </div>
  176 |       </div>

Parsing ecmascript source code failed

Import trace:
  Server Component:
    ./components/hero.tsx
    ./app/page.tsx @ http://localhost:3000/_next/static/chunks/node_modules_next_dist_1e8vcs8._.js:1052
[  186050ms] [ERROR] ./components/hero.tsx:173:14
Error: Expression expected
  171 |               width={900}
  172 |               height={}
> 173 |             />
      |              ^
  174 |           </div>
  175 |         </div>
  176 |       </div>

Parsing ecmascript source code failed

Import trace:
  Server Component:
    ./components/hero.tsx
    ./app/page.tsx @ http://localhost:3000/_next/static/chunks/node_modules_next_dist_1e8vcs8._.js:1052
[  186128ms] [ERROR] ./components/hero.tsx:173:14
Error: Expression expected
  171 |               width={900}
  172 |               height={}
> 173 |             />
      |              ^
  174 |           </div>
  175 |         </div>
  176 |       </div>

Parsing ecmascript source code failed

Import trace:
  Server Component:
    ./components/hero.tsx
    ./app/page.tsx @ http://localhost:3000/_next/static/chunks/node_modules_next_dist_1e8vcs8._.js:1052
[  186192ms] [ERROR] ./components/hero.tsx:173:14
Error: Expression expected
  171 |               width={900}
  172 |               height={}
> 173 |             />
      |              ^
  174 |           </div>
  175 |         </div>
  176 |       </div>

Parsing ecmascript source code failed

Import trace:
  Server Component:
    ./components/hero.tsx
    ./app/page.tsx @ http://localhost:3000/_next/static/chunks/node_modules_next_dist_1e8vcs8._.js:1052
[  186283ms] [ERROR] ./components/hero.tsx:173:14
Error: Expression expected
  171 |               width={900}
  172 |               height={}
> 173 |             />
      |              ^
  174 |           </div>
  175 |         </div>
  176 |       </div>

Parsing ecmascript source code failed

Import trace:
  Server Component:
    ./components/hero.tsx
    ./app/page.tsx @ http://localhost:3000/_next/static/chunks/node_modules_next_dist_1e8vcs8._.js:1052
[  186346ms] [ERROR] ./components/hero.tsx:173:14
Error: Expression expected
  171 |               width={900}
  172 |               height={}
> 173 |             />
      |              ^
  174 |           </div>
  175 |         </div>
  176 |       </div>

Parsing ecmascript source code failed

Import trace:
  Server Component:
    ./components/hero.tsx
    ./app/page.tsx @ http://localhost:3000/_next/static/chunks/node_modules_next_dist_1e8vcs8._.js:1052
[  186424ms] [ERROR] ./components/hero.tsx:173:14
Error: Expression expected
  171 |               width={900}
  172 |               height={}
> 173 |             />
      |              ^
  174 |           </div>
  175 |         </div>
  176 |       </div>

Parsing ecmascript source code failed

Import trace:
  Server Component:
    ./components/hero.tsx
    ./app/page.tsx @ http://localhost:3000/_next/static/chunks/node_modules_next_dist_1e8vcs8._.js:1052
[  186569ms] [ERROR] ./components/hero.tsx:173:14
Error: Expression expected
  171 |               width={900}
  172 |               height={}
> 173 |             />
      |              ^
  174 |           </div>
  175 |         </div>
  176 |       </div>

Parsing ecmascript source code failed

Import trace:
  Server Component:
    ./components/hero.tsx
    ./app/page.tsx @ http://localhost:3000/_next/static/chunks/node_modules_next_dist_1e8vcs8._.js:1052
[  186646ms] [ERROR] ./components/hero.tsx:173:14
Error: Expression expected
  171 |               width={900}
  172 |               height={}
> 173 |             />
      |              ^
  174 |           </div>
  175 |         </div>
  176 |       </div>

Parsing ecmascript source code failed

Import trace:
  Server Component:
    ./components/hero.tsx
    ./app/page.tsx @ http://localhost:3000/_next/static/chunks/node_modules_next_dist_1e8vcs8._.js:1052
[  186707ms] [ERROR] ./components/hero.tsx:173:14
Error: Expression expected
  171 |               width={900}
  172 |               height={}
> 173 |             />
      |              ^
  174 |           </div>
  175 |         </div>
  176 |       </div>

Parsing ecmascript source code failed

Import trace:
  Server Component:
    ./components/hero.tsx
    ./app/page.tsx @ http://localhost:3000/_next/static/chunks/node_modules_next_dist_1e8vcs8._.js:1052
[  186785ms] [ERROR] ./components/hero.tsx:173:14
Error: Expression expected
  171 |               width={900}
  172 |               height={}
> 173 |             />
      |              ^
  174 |           </div>
  175 |         </div>
  176 |       </div>

Parsing ecmascript source code failed

Import trace:
  Server Component:
    ./components/hero.tsx
    ./app/page.tsx @ http://localhost:3000/_next/static/chunks/node_modules_next_dist_1e8vcs8._.js:1052
[  186897ms] [ERROR] ./components/hero.tsx:173:14
Error: Expression expected
  171 |               width={900}
  172 |               height={}
> 173 |             />
      |              ^
  174 |           </div>
  175 |         </div>
  176 |       </div>

Parsing ecmascript source code failed

Import trace:
  Server Component:
    ./components/hero.tsx
    ./app/page.tsx @ http://localhost:3000/_next/static/chunks/node_modules_next_dist_1e8vcs8._.js:1052
[  186957ms] [ERROR] ./components/hero.tsx:173:14
Error: Expression expected
  171 |               width={900}
  172 |               height={}
> 173 |             />
      |              ^
  174 |           </div>
  175 |         </div>
  176 |       </div>

Parsing ecmascript source code failed

Import trace:
  Server Component:
    ./components/hero.tsx
    ./app/page.tsx @ http://localhost:3000/_next/static/chunks/node_modules_next_dist_1e8vcs8._.js:1052
[  187019ms] [ERROR] ./components/hero.tsx:173:14
Error: Expression expected
  171 |               width={900}
  172 |               height={}
> 173 |             />
      |              ^
  174 |           </div>
  175 |         </div>
  176 |       </div>

Parsing ecmascript source code failed

Import trace:
  Server Component:
    ./components/hero.tsx
    ./app/page.tsx @ http://localhost:3000/_next/static/chunks/node_modules_next_dist_1e8vcs8._.js:1052
[  187098ms] [ERROR] ./components/hero.tsx:173:14
Error: Expression expected
  171 |               width={900}
  172 |               height={}
> 173 |             />
      |              ^
  174 |           </div>
  175 |         </div>
  176 |       </div>

Parsing ecmascript source code failed

Import trace:
  Server Component:
    ./components/hero.tsx
    ./app/page.tsx @ http://localhost:3000/_next/static/chunks/node_modules_next_dist_1e8vcs8._.js:1052
[  187177ms] [ERROR] ./components/hero.tsx:173:14
Error: Expression expected
  171 |               width={900}
  172 |               height={}
> 173 |             />
      |              ^
  174 |           </div>
  175 |         </div>
  176 |       </div>

Parsing ecmascript source code failed

Import trace:
  Server Component:
    ./components/hero.tsx
    ./app/page.tsx @ http://localhost:3000/_next/static/chunks/node_modules_next_dist_1e8vcs8._.js:1052
[  187258ms] [ERROR] ./components/hero.tsx:173:14
Error: Expression expected
  171 |               width={900}
  172 |               height={}
> 173 |             />
      |              ^
  174 |           </div>
  175 |         </div>
  176 |       </div>

Parsing ecmascript source code failed

Import trace:
  Server Component:
    ./components/hero.tsx
    ./app/page.tsx @ http://localhost:3000/_next/static/chunks/node_modules_next_dist_1e8vcs8._.js:1052
[  187329ms] [ERROR] ./components/hero.tsx:173:14
Error: Expression expected
  171 |               width={900}
  172 |               height={}
> 173 |             />
      |              ^
  174 |           </div>
  175 |         </div>
  176 |       </div>

Parsing ecmascript source code failed

Import trace:
  Server Component:
    ./components/hero.tsx
    ./app/page.tsx @ http://localhost:3000/_next/static/chunks/node_modules_next_dist_1e8vcs8._.js:1052
[  187421ms] [ERROR] ./components/hero.tsx:173:14
Error: Expression expected
  171 |               width={900}
  172 |               height={}
> 173 |             />
      |              ^
  174 |           </div>
  175 |         </div>
  176 |       </div>

Parsing ecmascript source code failed

Import trace:
  Server Component:
    ./components/hero.tsx
    ./app/page.tsx @ http://localhost:3000/_next/static/chunks/node_modules_next_dist_1e8vcs8._.js:1052
[  187506ms] [ERROR] ./components/hero.tsx:173:14
Error: Expression expected
  171 |               width={900}
  172 |               height={}
> 173 |             />
      |              ^
  174 |           </div>
  175 |         </div>
  176 |       </div>

Parsing ecmascript source code failed

Import trace:
  Server Component:
    ./components/hero.tsx
    ./app/page.tsx @ http://localhost:3000/_next/static/chunks/node_modules_next_dist_1e8vcs8._.js:1052
[  187582ms] [ERROR] ./components/hero.tsx:173:14
Error: Expression expected
  171 |               width={900}
  172 |               height={}
> 173 |             />
      |              ^
  174 |           </div>
  175 |         </div>
  176 |       </div>

Parsing ecmascript source code failed

Import trace:
  Server Component:
    ./components/hero.tsx
    ./app/page.tsx @ http://localhost:3000/_next/static/chunks/node_modules_next_dist_1e8vcs8._.js:1052
[  187661ms] [ERROR] ./components/hero.tsx:173:14
Error: Expression expected
  171 |               width={900}
  172 |               height={}
> 173 |             />
      |              ^
  174 |           </div>
  175 |         </div>
  176 |       </div>

Parsing ecmascript source code failed

Import trace:
  Server Component:
    ./components/hero.tsx
    ./app/page.tsx @ http://localhost:3000/_next/static/chunks/node_modules_next_dist_1e8vcs8._.js:1052
[  187739ms] [ERROR] ./components/hero.tsx:173:14
Error: Expression expected
  171 |               width={900}
  172 |               height={}
> 173 |             />
      |              ^
  174 |           </div>
  175 |         </div>
  176 |       </div>

Parsing ecmascript source code failed

Import trace:
  Server Component:
    ./components/hero.tsx
    ./app/page.tsx @ http://localhost:3000/_next/static/chunks/node_modules_next_dist_1e8vcs8._.js:1052
[  187819ms] [ERROR] ./components/hero.tsx:173:14
Error: Expression expected
  171 |               width={900}
  172 |               height={}
> 173 |             />
      |              ^
  174 |           </div>
  175 |         </div>
  176 |       </div>

Parsing ecmascript source code failed

Import trace:
  Server Component:
    ./components/hero.tsx
    ./app/page.tsx @ http://localhost:3000/_next/static/chunks/node_modules_next_dist_1e8vcs8._.js:1052
[  187899ms] [ERROR] ./components/hero.tsx:173:14
Error: Expression expected
  171 |               width={900}
  172 |               height={}
> 173 |             />
      |              ^
  174 |           </div>
  175 |         </div>
  176 |       </div>

Parsing ecmascript source code failed

Import trace:
  Server Component:
    ./components/hero.tsx
    ./app/page.tsx @ http://localhost:3000/_next/static/chunks/node_modules_next_dist_1e8vcs8._.js:1052
[  187975ms] [ERROR] ./components/hero.tsx:173:14
Error: Expression expected
  171 |               width={900}
  172 |               height={}
> 173 |             />
      |              ^
  174 |           </div>
  175 |         </div>
  176 |       </div>

Parsing ecmascript source code failed

Import trace:
  Server Component:
    ./components/hero.tsx
    ./app/page.tsx @ http://localhost:3000/_next/static/chunks/node_modules_next_dist_1e8vcs8._.js:1052
[  188050ms] [ERROR] ./components/hero.tsx:173:14
Error: Expression expected
  171 |               width={900}
  172 |               height={}
> 173 |             />
      |              ^
  174 |           </div>
  175 |         </div>
  176 |       </div>

Parsing ecmascript source code failed

Import trace:
  Server Component:
    ./components/hero.tsx
    ./app/page.tsx @ http://localhost:3000/_next/static/chunks/node_modules_next_dist_1e8vcs8._.js:1052
[  188128ms] [ERROR] ./components/hero.tsx:173:14
Error: Expression expected
  171 |               width={900}
  172 |               height={}
> 173 |             />
      |              ^
  174 |           </div>
  175 |         </div>
  176 |       </div>

Parsing ecmascript source code failed

Import trace:
  Server Component:
    ./components/hero.tsx
    ./app/page.tsx @ http://localhost:3000/_next/static/chunks/node_modules_next_dist_1e8vcs8._.js:1052
[  188204ms] [ERROR] ./components/hero.tsx:173:14
Error: Expression expected
  171 |               width={900}
  172 |               height={}
> 173 |             />
      |              ^
  174 |           </div>
  175 |         </div>
  176 |       </div>

Parsing ecmascript source code failed

Import trace:
  Server Component:
    ./components/hero.tsx
    ./app/page.tsx @ http://localhost:3000/_next/static/chunks/node_modules_next_dist_1e8vcs8._.js:1052
[  188284ms] [ERROR] ./components/hero.tsx:173:14
Error: Expression expected
  171 |               width={900}
  172 |               height={}
> 173 |             />
      |              ^
  174 |           </div>
  175 |         </div>
  176 |       </div>

Parsing ecmascript source code failed

Import trace:
  Server Component:
    ./components/hero.tsx
    ./app/page.tsx @ http://localhost:3000/_next/static/chunks/node_modules_next_dist_1e8vcs8._.js:1052
[  188386ms] [ERROR] ./components/hero.tsx:173:14
Error: Expression expected
  171 |               width={900}
  172 |               height={}
> 173 |             />
      |              ^
  174 |           </div>
  175 |         </div>
  176 |       </div>

Parsing ecmascript source code failed

Import trace:
  Server Component:
    ./components/hero.tsx
    ./app/page.tsx @ http://localhost:3000/_next/static/chunks/node_modules_next_dist_1e8vcs8._.js:1052
[  188740ms] [ERROR] ./components/hero.tsx:173:14
Error: Expression expected
  171 |               width={900}
  172 |               height={}
> 173 |             />
      |              ^
  174 |           </div>
  175 |         </div>
  176 |       </div>

Parsing ecmascript source code failed

Import trace:
  Server Component:
    ./components/hero.tsx
    ./app/page.tsx @ http://localhost:3000/_next/static/chunks/node_modules_next_dist_1e8vcs8._.js:1052
[  188819ms] [ERROR] ./components/hero.tsx:173:14
Error: Expression expected
  171 |               width={900}
  172 |               height={}
> 173 |             />
      |              ^
  174 |           </div>
  175 |         </div>
  176 |       </div>

Parsing ecmascript source code failed

Import trace:
  Server Component:
    ./components/hero.tsx
    ./app/page.tsx @ http://localhost:3000/_next/static/chunks/node_modules_next_dist_1e8vcs8._.js:1052
[  188897ms] [ERROR] ./components/hero.tsx:173:14
Error: Expression expected
  171 |               width={900}
  172 |               height={}
> 173 |             />
      |              ^
  174 |           </div>
  175 |         </div>
  176 |       </div>

Parsing ecmascript source code failed

Import trace:
  Server Component:
    ./components/hero.tsx
    ./app/page.tsx @ http://localhost:3000/_next/static/chunks/node_modules_next_dist_1e8vcs8._.js:1052
[  188976ms] [ERROR] ./components/hero.tsx:173:14
Error: Expression expected
  171 |               width={900}
  172 |               height={}
> 173 |             />
      |              ^
  174 |           </div>
  175 |         </div>
  176 |       </div>

Parsing ecmascript source code failed

Import trace:
  Server Component:
    ./components/hero.tsx
    ./app/page.tsx @ http://localhost:3000/_next/static/chunks/node_modules_next_dist_1e8vcs8._.js:1052
[  189052ms] [ERROR] ./components/hero.tsx:173:14
Error: Expression expected
  171 |               width={900}
  172 |               height={}
> 173 |             />
      |              ^
  174 |           </div>
  175 |         </div>
  176 |       </div>

Parsing ecmascript source code failed

Import trace:
  Server Component:
    ./components/hero.tsx
    ./app/page.tsx @ http://localhost:3000/_next/static/chunks/node_modules_next_dist_1e8vcs8._.js:1052
[  189131ms] [ERROR] ./components/hero.tsx:173:14
Error: Expression expected
  171 |               width={900}
  172 |               height={}
> 173 |             />
      |              ^
  174 |           </div>
  175 |         </div>
  176 |       </div>

Parsing ecmascript source code failed

Import trace:
  Server Component:
    ./components/hero.tsx
    ./app/page.tsx @ http://localhost:3000/_next/static/chunks/node_modules_next_dist_1e8vcs8._.js:1052
[  189210ms] [ERROR] ./components/hero.tsx:173:14
Error: Expression expected
  171 |               width={900}
  172 |               height={}
> 173 |             />
      |              ^
  174 |           </div>
  175 |         </div>
  176 |       </div>

Parsing ecmascript source code failed

Import trace:
  Server Component:
    ./components/hero.tsx
    ./app/page.tsx @ http://localhost:3000/_next/static/chunks/node_modules_next_dist_1e8vcs8._.js:1052
[  189272ms] [ERROR] ./components/hero.tsx:173:14
Error: Expression expected
  171 |               width={900}
  172 |               height={}
> 173 |             />
      |              ^
  174 |           </div>
  175 |         </div>
  176 |       </div>

Parsing ecmascript source code failed

Import trace:
  Server Component:
    ./components/hero.tsx
    ./app/page.tsx @ http://localhost:3000/_next/static/chunks/node_modules_next_dist_1e8vcs8._.js:1052
[  189351ms] [ERROR] ./components/hero.tsx:173:14
Error: Expression expected
  171 |               width={900}
  172 |               height={}
> 173 |             />
      |              ^
  174 |           </div>
  175 |         </div>
  176 |       </div>

Parsing ecmascript source code failed

Import trace:
  Server Component:
    ./components/hero.tsx
    ./app/page.tsx @ http://localhost:3000/_next/static/chunks/node_modules_next_dist_1e8vcs8._.js:1052
[  189429ms] [ERROR] ./components/hero.tsx:173:14
Error: Expression expected
  171 |               width={900}
  172 |               height={}
> 173 |             />
      |              ^
  174 |           </div>
  175 |         </div>
  176 |       </div>

Parsing ecmascript source code failed

Import trace:
  Server Component:
    ./components/hero.tsx
    ./app/page.tsx @ http://localhost:3000/_next/static/chunks/node_modules_next_dist_1e8vcs8._.js:1052
[  189511ms] [ERROR] ./components/hero.tsx:173:14
Error: Expression expected
  171 |               width={900}
  172 |               height={}
> 173 |             />
      |              ^
  174 |           </div>
  175 |         </div>
  176 |       </div>

Parsing ecmascript source code failed

Import trace:
  Server Component:
    ./components/hero.tsx
    ./app/page.tsx @ http://localhost:3000/_next/static/chunks/node_modules_next_dist_1e8vcs8._.js:1052
[  189571ms] [ERROR] ./components/hero.tsx:173:14
Error: Expression expected
  171 |               width={900}
  172 |               height={}
> 173 |             />
      |              ^
  174 |           </div>
  175 |         </div>
  176 |       </div>

Parsing ecmascript source code failed

Import trace:
  Server Component:
    ./components/hero.tsx
    ./app/page.tsx @ http://localhost:3000/_next/static/chunks/node_modules_next_dist_1e8vcs8._.js:1052
[  189649ms] [ERROR] ./components/hero.tsx:173:14
Error: Expression expected
  171 |               width={900}
  172 |               height={}
> 173 |             />
      |              ^
  174 |           </div>
  175 |         </div>
  176 |       </div>

Parsing ecmascript source code failed

Import trace:
  Server Component:
    ./components/hero.tsx
    ./app/page.tsx @ http://localhost:3000/_next/static/chunks/node_modules_next_dist_1e8vcs8._.js:1052
[  189729ms] [ERROR] ./components/hero.tsx:173:14
Error: Expression expected
  171 |               width={900}
  172 |               height={}
> 173 |             />
      |              ^
  174 |           </div>
  175 |         </div>
  176 |       </div>

Parsing ecmascript source code failed

Import trace:
  Server Component:
    ./components/hero.tsx
    ./app/page.tsx @ http://localhost:3000/_next/static/chunks/node_modules_next_dist_1e8vcs8._.js:1052
[  189808ms] [ERROR] ./components/hero.tsx:173:14
Error: Expression expected
  171 |               width={900}
  172 |               height={}
> 173 |             />
      |              ^
  174 |           </div>
  175 |         </div>
  176 |       </div>

Parsing ecmascript source code failed

Import trace:
  Server Component:
    ./components/hero.tsx
    ./app/page.tsx @ http://localhost:3000/_next/static/chunks/node_modules_next_dist_1e8vcs8._.js:1052
[  189888ms] [ERROR] ./components/hero.tsx:173:14
Error: Expression expected
  171 |               width={900}
  172 |               height={}
> 173 |             />
      |              ^
  174 |           </div>
  175 |         </div>
  176 |       </div>

Parsing ecmascript source code failed

Import trace:
  Server Component:
    ./components/hero.tsx
    ./app/page.tsx @ http://localhost:3000/_next/static/chunks/node_modules_next_dist_1e8vcs8._.js:1052
[  189963ms] [ERROR] ./components/hero.tsx:173:14
Error: Expression expected
  171 |               width={900}
  172 |               height={}
> 173 |             />
      |              ^
  174 |           </div>
  175 |         </div>
  176 |       </div>

Parsing ecmascript source code failed

Import trace:
  Server Component:
    ./components/hero.tsx
    ./app/page.tsx @ http://localhost:3000/_next/static/chunks/node_modules_next_dist_1e8vcs8._.js:1052
[  190041ms] [ERROR] ./components/hero.tsx:173:14
Error: Expression expected
  171 |               width={900}
  172 |               height={}
> 173 |             />
      |              ^
  174 |           </div>
  175 |         </div>
  176 |       </div>

Parsing ecmascript source code failed

Import trace:
  Server Component:
    ./components/hero.tsx
    ./app/page.tsx @ http://localhost:3000/_next/static/chunks/node_modules_next_dist_1e8vcs8._.js:1052
[  190104ms] [ERROR] ./components/hero.tsx:173:14
Error: Expression expected
  171 |               width={900}
  172 |               height={}
> 173 |             />
      |              ^
  174 |           </div>
  175 |         </div>
  176 |       </div>

Parsing ecmascript source code failed

Import trace:
  Server Component:
    ./components/hero.tsx
    ./app/page.tsx @ http://localhost:3000/_next/static/chunks/node_modules_next_dist_1e8vcs8._.js:1052
[  190182ms] [ERROR] ./components/hero.tsx:173:14
Error: Expression expected
  171 |               width={900}
  172 |               height={}
> 173 |             />
      |              ^
  174 |           </div>
  175 |         </div>
  176 |       </div>

Parsing ecmascript source code failed

Import trace:
  Server Component:
    ./components/hero.tsx
    ./app/page.tsx @ http://localhost:3000/_next/static/chunks/node_modules_next_dist_1e8vcs8._.js:1052
[  190259ms] [ERROR] ./components/hero.tsx:173:14
Error: Expression expected
  171 |               width={900}
  172 |               height={}
> 173 |             />
      |              ^
  174 |           </div>
  175 |         </div>
  176 |       </div>

Parsing ecmascript source code failed

Import trace:
  Server Component:
    ./components/hero.tsx
    ./app/page.tsx @ http://localhost:3000/_next/static/chunks/node_modules_next_dist_1e8vcs8._.js:1052
[  190322ms] [ERROR] ./components/hero.tsx:173:14
Error: Expression expected
  171 |               width={900}
  172 |               height={}
> 173 |             />
      |              ^
  174 |           </div>
  175 |         </div>
  176 |       </div>

Parsing ecmascript source code failed

Import trace:
  Server Component:
    ./components/hero.tsx
    ./app/page.tsx @ http://localhost:3000/_next/static/chunks/node_modules_next_dist_1e8vcs8._.js:1052
[  190411ms] [ERROR] ./components/hero.tsx:173:14
Error: Expression expected
  171 |               width={900}
  172 |               height={}
> 173 |             />
      |              ^
  174 |           </div>
  175 |         </div>
  176 |       </div>

Parsing ecmascript source code failed

Import trace:
  Server Component:
    ./components/hero.tsx
    ./app/page.tsx @ http://localhost:3000/_next/static/chunks/node_modules_next_dist_1e8vcs8._.js:1052
[  190637ms] [ERROR] ./components/hero.tsx:173:14
Error: Expression expected
  171 |               width={900}
  172 |               height={}
> 173 |             />
      |              ^
  174 |           </div>
  175 |         </div>
  176 |       </div>

Parsing ecmascript source code failed

Import trace:
  Server Component:
    ./components/hero.tsx
    ./app/page.tsx @ http://localhost:3000/_next/static/chunks/node_modules_next_dist_1e8vcs8._.js:1052
[  190713ms] [ERROR] ./components/hero.tsx:173:14
Error: Expression expected
  171 |               width={900}
  172 |               height={}
> 173 |             />
      |              ^
  174 |           </div>
  175 |         </div>
  176 |       </div>

Parsing ecmascript source code failed

Import trace:
  Server Component:
    ./components/hero.tsx
    ./app/page.tsx @ http://localhost:3000/_next/static/chunks/node_modules_next_dist_1e8vcs8._.js:1052
[  190791ms] [ERROR] ./components/hero.tsx:173:14
Error: Expression expected
  171 |               width={900}
  172 |               height={}
> 173 |             />
      |              ^
  174 |           </div>
  175 |         </div>
  176 |       </div>

Parsing ecmascript source code failed

Import trace:
  Server Component:
    ./components/hero.tsx
    ./app/page.tsx @ http://localhost:3000/_next/static/chunks/node_modules_next_dist_1e8vcs8._.js:1052
[  190854ms] [ERROR] ./components/hero.tsx:173:14
Error: Expression expected
  171 |               width={900}
  172 |               height={}
> 173 |             />
      |              ^
  174 |           </div>
  175 |         </div>
  176 |       </div>

Parsing ecmascript source code failed

Import trace:
  Server Component:
    ./components/hero.tsx
    ./app/page.tsx @ http://localhost:3000/_next/static/chunks/node_modules_next_dist_1e8vcs8._.js:1052
[  190938ms] [ERROR] ./components/hero.tsx:173:14
Error: Expression expected
  171 |               width={900}
  172 |               height={}
> 173 |             />
      |              ^
  174 |           </div>
  175 |         </div>
  176 |       </div>

Parsing ecmascript source code failed

Import trace:
  Server Component:
    ./components/hero.tsx
    ./app/page.tsx @ http://localhost:3000/_next/static/chunks/node_modules_next_dist_1e8vcs8._.js:1052
[  191031ms] [ERROR] ./components/hero.tsx:173:14
Error: Expression expected
  171 |               width={900}
  172 |               height={}
> 173 |             />
      |              ^
  174 |           </div>
  175 |         </div>
  176 |       </div>

Parsing ecmascript source code failed

Import trace:
  Server Component:
    ./components/hero.tsx
    ./app/page.tsx @ http://localhost:3000/_next/static/chunks/node_modules_next_dist_1e8vcs8._.js:1052
[  191108ms] [ERROR] ./components/hero.tsx:173:14
Error: Expression expected
  171 |               width={900}
  172 |               height={}
> 173 |             />
      |              ^
  174 |           </div>
  175 |         </div>
  176 |       </div>

Parsing ecmascript source code failed

Import trace:
  Server Component:
    ./components/hero.tsx
    ./app/page.tsx @ http://localhost:3000/_next/static/chunks/node_modules_next_dist_1e8vcs8._.js:1052
[  191222ms] [ERROR] ./components/hero.tsx:173:14
Error: Expression expected
  171 |               width={900}
  172 |               height={}
> 173 |             />
      |              ^
  174 |           </div>
  175 |         </div>
  176 |       </div>

Parsing ecmascript source code failed

Import trace:
  Server Component:
    ./components/hero.tsx
    ./app/page.tsx @ http://localhost:3000/_next/static/chunks/node_modules_next_dist_1e8vcs8._.js:1052
[  191315ms] [ERROR] ./components/hero.tsx:173:14
Error: Expression expected
  171 |               width={900}
  172 |               height={}
> 173 |             />
      |              ^
  174 |           </div>
  175 |         </div>
  176 |       </div>

Parsing ecmascript source code failed

Import trace:
  Server Component:
    ./components/hero.tsx
    ./app/page.tsx @ http://localhost:3000/_next/static/chunks/node_modules_next_dist_1e8vcs8._.js:1052
[  191403ms] [ERROR] ./components/hero.tsx:173:14
Error: Expression expected
  171 |               width={900}
  172 |               height={}
> 173 |             />
      |              ^
  174 |           </div>
  175 |         </div>
  176 |       </div>

Parsing ecmascript source code failed

Import trace:
  Server Component:
    ./components/hero.tsx
    ./app/page.tsx @ http://localhost:3000/_next/static/chunks/node_modules_next_dist_1e8vcs8._.js:1052
[  191484ms] [ERROR] ./components/hero.tsx:173:14
Error: Expression expected
  171 |               width={900}
  172 |               height={}
> 173 |             />
      |              ^
  174 |           </div>
  175 |         </div>
  176 |       </div>

Parsing ecmascript source code failed

Import trace:
  Server Component:
    ./components/hero.tsx
    ./app/page.tsx @ http://localhost:3000/_next/static/chunks/node_modules_next_dist_1e8vcs8._.js:1052
[  191552ms] [ERROR] ./components/hero.tsx:173:14
Error: Expression expected
  171 |               width={900}
  172 |               height={}
> 173 |             />
      |              ^
  174 |           </div>
  175 |         </div>
  176 |       </div>

Parsing ecmascript source code failed

Import trace:
  Server Component:
    ./components/hero.tsx
    ./app/page.tsx @ http://localhost:3000/_next/static/chunks/node_modules_next_dist_1e8vcs8._.js:1052
[  191638ms] [ERROR] ./components/hero.tsx:173:14
Error: Expression expected
  171 |               width={900}
  172 |               height={}
> 173 |             />
      |              ^
  174 |           </div>
  175 |         </div>
  176 |       </div>

Parsing ecmascript source code failed

Import trace:
  Server Component:
    ./components/hero.tsx
    ./app/page.tsx @ http://localhost:3000/_next/static/chunks/node_modules_next_dist_1e8vcs8._.js:1052
[  191718ms] [ERROR] ./components/hero.tsx:173:14
Error: Expression expected
  171 |               width={900}
  172 |               height={}
> 173 |             />
      |              ^
  174 |           </div>
  175 |         </div>
  176 |       </div>

Parsing ecmascript source code failed

Import trace:
  Server Component:
    ./components/hero.tsx
    ./app/page.tsx @ http://localhost:3000/_next/static/chunks/node_modules_next_dist_1e8vcs8._.js:1052
[  191805ms] [ERROR] ./components/hero.tsx:173:14
Error: Expression expected
  171 |               width={900}
  172 |               height={}
> 173 |             />
      |              ^
  174 |           </div>
  175 |         </div>
  176 |       </div>

Parsing ecmascript source code failed

Import trace:
  Server Component:
    ./components/hero.tsx
    ./app/page.tsx @ http://localhost:3000/_next/static/chunks/node_modules_next_dist_1e8vcs8._.js:1052
[  191982ms] [ERROR] ./components/hero.tsx:173:14
Error: Expression expected
  171 |               width={900}
  172 |               height={}
> 173 |             />
      |              ^
  174 |           </div>
  175 |         </div>
  176 |       </div>

Parsing ecmascript source code failed

Import trace:
  Server Component:
    ./components/hero.tsx
    ./app/page.tsx @ http://localhost:3000/_next/static/chunks/node_modules_next_dist_1e8vcs8._.js:1052
[  192065ms] [ERROR] ./components/hero.tsx:173:14
Error: Expression expected
  171 |               width={900}
  172 |               height={}
> 173 |             />
      |              ^
  174 |           </div>
  175 |         </div>
  176 |       </div>

Parsing ecmascript source code failed

Import trace:
  Server Component:
    ./components/hero.tsx
    ./app/page.tsx @ http://localhost:3000/_next/static/chunks/node_modules_next_dist_1e8vcs8._.js:1052
[  192152ms] [ERROR] ./components/hero.tsx:173:14
Error: Expression expected
  171 |               width={900}
  172 |               height={}
> 173 |             />
      |              ^
  174 |           </div>
  175 |         </div>
  176 |       </div>

Parsing ecmascript source code failed

Import trace:
  Server Component:
    ./components/hero.tsx
    ./app/page.tsx @ http://localhost:3000/_next/static/chunks/node_modules_next_dist_1e8vcs8._.js:1052
[  192215ms] [ERROR] ./components/hero.tsx:173:14
Error: Expression expected
  171 |               width={900}
  172 |               height={}
> 173 |             />
      |              ^
  174 |           </div>
  175 |         </div>
  176 |       </div>

Parsing ecmascript source code failed

Import trace:
  Server Component:
    ./components/hero.tsx
    ./app/page.tsx @ http://localhost:3000/_next/static/chunks/node_modules_next_dist_1e8vcs8._.js:1052
[  192301ms] [ERROR] ./components/hero.tsx:173:14
Error: Expression expected
  171 |               width={900}
  172 |               height={}
> 173 |             />
      |              ^
  174 |           </div>
  175 |         </div>
  176 |       </div>

Parsing ecmascript source code failed

Import trace:
  Server Component:
    ./components/hero.tsx
    ./app/page.tsx @ http://localhost:3000/_next/static/chunks/node_modules_next_dist_1e8vcs8._.js:1052
[  192375ms] [ERROR] ./components/hero.tsx:173:14
Error: Expression expected
  171 |               width={900}
  172 |               height={}
> 173 |             />
      |              ^
  174 |           </div>
  175 |         </div>
  176 |       </div>

Parsing ecmascript source code failed

Import trace:
  Server Component:
    ./components/hero.tsx
    ./app/page.tsx @ http://localhost:3000/_next/static/chunks/node_modules_next_dist_1e8vcs8._.js:1052
[  192450ms] [ERROR] ./components/hero.tsx:173:14
Error: Expression expected
  171 |               width={900}
  172 |               height={}
> 173 |             />
      |              ^
  174 |           </div>
  175 |         </div>
  176 |       </div>

Parsing ecmascript source code failed

Import trace:
  Server Component:
    ./components/hero.tsx
    ./app/page.tsx @ http://localhost:3000/_next/static/chunks/node_modules_next_dist_1e8vcs8._.js:1052
[  192529ms] [ERROR] ./components/hero.tsx:173:14
Error: Expression expected
  171 |               width={900}
  172 |               height={}
> 173 |             />
      |              ^
  174 |           </div>
  175 |         </div>
  176 |       </div>

Parsing ecmascript source code failed

Import trace:
  Server Component:
    ./components/hero.tsx
    ./app/page.tsx @ http://localhost:3000/_next/static/chunks/node_modules_next_dist_1e8vcs8._.js:1052
[  192608ms] [ERROR] ./components/hero.tsx:173:14
Error: Expression expected
  171 |               width={900}
  172 |               height={}
> 173 |             />
      |              ^
  174 |           </div>
  175 |         </div>
  176 |       </div>

Parsing ecmascript source code failed

Import trace:
  Server Component:
    ./components/hero.tsx
    ./app/page.tsx @ http://localhost:3000/_next/static/chunks/node_modules_next_dist_1e8vcs8._.js:1052
[  192772ms] [ERROR] ./components/hero.tsx:173:14
Error: Expression expected
  171 |               width={900}
  172 |               height={}
> 173 |             />
      |              ^
  174 |           </div>
  175 |         </div>
  176 |       </div>

Parsing ecmascript source code failed

Import trace:
  Server Component:
    ./components/hero.tsx
    ./app/page.tsx @ http://localhost:3000/_next/static/chunks/node_modules_next_dist_1e8vcs8._.js:1052
[  192857ms] [ERROR] ./components/hero.tsx:173:14
Error: Expression expected
  171 |               width={900}
  172 |               height={}
> 173 |             />
      |              ^
  174 |           </div>
  175 |         </div>
  176 |       </div>

Parsing ecmascript source code failed

Import trace:
  Server Component:
    ./components/hero.tsx
    ./app/page.tsx @ http://localhost:3000/_next/static/chunks/node_modules_next_dist_1e8vcs8._.js:1052
[  192935ms] [ERROR] ./components/hero.tsx:173:14
Error: Expression expected
  171 |               width={900}
  172 |               height={}
> 173 |             />
      |              ^
  174 |           </div>
  175 |         </div>
  176 |       </div>

Parsing ecmascript source code failed

Import trace:
  Server Component:
    ./components/hero.tsx
    ./app/page.tsx @ http://localhost:3000/_next/static/chunks/node_modules_next_dist_1e8vcs8._.js:1052
[  192997ms] [ERROR] ./components/hero.tsx:173:14
Error: Expression expected
  171 |               width={900}
  172 |               height={}
> 173 |             />
      |              ^
  174 |           </div>
  175 |         </div>
  176 |       </div>

Parsing ecmascript source code failed

Import trace:
  Server Component:
    ./components/hero.tsx
    ./app/page.tsx @ http://localhost:3000/_next/static/chunks/node_modules_next_dist_1e8vcs8._.js:1052
[  193061ms] [ERROR] ./components/hero.tsx:173:14
Error: Expression expected
  171 |               width={900}
  172 |               height={}
> 173 |             />
      |              ^
  174 |           </div>
  175 |         </div>
  176 |       </div>

Parsing ecmascript source code failed

Import trace:
  Server Component:
    ./components/hero.tsx
    ./app/page.tsx @ http://localhost:3000/_next/static/chunks/node_modules_next_dist_1e8vcs8._.js:1052
[  193140ms] [ERROR] ./components/hero.tsx:173:14
Error: Expression expected
  171 |               width={900}
  172 |               height={}
> 173 |             />
      |              ^
  174 |           </div>
  175 |         </div>
  176 |       </div>

Parsing ecmascript source code failed

Import trace:
  Server Component:
    ./components/hero.tsx
    ./app/page.tsx @ http://localhost:3000/_next/static/chunks/node_modules_next_dist_1e8vcs8._.js:1052
[  193201ms] [ERROR] ./components/hero.tsx:173:14
Error: Expression expected
  171 |               width={900}
  172 |               height={}
> 173 |             />
      |              ^
  174 |           </div>
  175 |         </div>
  176 |       </div>

Parsing ecmascript source code failed

Import trace:
  Server Component:
    ./components/hero.tsx
    ./app/page.tsx @ http://localhost:3000/_next/static/chunks/node_modules_next_dist_1e8vcs8._.js:1052
[  193267ms] [ERROR] ./components/hero.tsx:173:14
Error: Expression expected
  171 |               width={900}
  172 |               height={}
> 173 |             />
      |              ^
  174 |           </div>
  175 |         </div>
  176 |       </div>

Parsing ecmascript source code failed

Import trace:
  Server Component:
    ./components/hero.tsx
    ./app/page.tsx @ http://localhost:3000/_next/static/chunks/node_modules_next_dist_1e8vcs8._.js:1052
[  193359ms] [ERROR] ./components/hero.tsx:173:14
Error: Expression expected
  171 |               width={900}
  172 |               height={}
> 173 |             />
      |              ^
  174 |           </div>
  175 |         </div>
  176 |       </div>

Parsing ecmascript source code failed

Import trace:
  Server Component:
    ./components/hero.tsx
    ./app/page.tsx @ http://localhost:3000/_next/static/chunks/node_modules_next_dist_1e8vcs8._.js:1052
[  193437ms] [ERROR] ./components/hero.tsx:173:14
Error: Expression expected
  171 |               width={900}
  172 |               height={}
> 173 |             />
      |              ^
  174 |           </div>
  175 |         </div>
  176 |       </div>

Parsing ecmascript source code failed

Import trace:
  Server Component:
    ./components/hero.tsx
    ./app/page.tsx @ http://localhost:3000/_next/static/chunks/node_modules_next_dist_1e8vcs8._.js:1052
[  193500ms] [ERROR] ./components/hero.tsx:173:14
Error: Expression expected
  171 |               width={900}
  172 |               height={}
> 173 |             />
      |              ^
  174 |           </div>
  175 |         </div>
  176 |       </div>

Parsing ecmascript source code failed

Import trace:
  Server Component:
    ./components/hero.tsx
    ./app/page.tsx @ http://localhost:3000/_next/static/chunks/node_modules_next_dist_1e8vcs8._.js:1052
[  193578ms] [ERROR] ./components/hero.tsx:173:14
Error: Expression expected
  171 |               width={900}
  172 |               height={}
> 173 |             />
      |              ^
  174 |           </div>
  175 |         </div>
  176 |       </div>

Parsing ecmascript source code failed

Import trace:
  Server Component:
    ./components/hero.tsx
    ./app/page.tsx @ http://localhost:3000/_next/static/chunks/node_modules_next_dist_1e8vcs8._.js:1052
[  193668ms] [ERROR] ./components/hero.tsx:173:14
Error: Expression expected
  171 |               width={900}
  172 |               height={}
> 173 |             />
      |              ^
  174 |           </div>
  175 |         </div>
  176 |       </div>

Parsing ecmascript source code failed

Import trace:
  Server Component:
    ./components/hero.tsx
    ./app/page.tsx @ http://localhost:3000/_next/static/chunks/node_modules_next_dist_1e8vcs8._.js:1052
[  193749ms] [ERROR] ./components/hero.tsx:173:14
Error: Expression expected
  171 |               width={900}
  172 |               height={}
> 173 |             />
      |              ^
  174 |           </div>
  175 |         </div>
  176 |       </div>

Parsing ecmascript source code failed

Import trace:
  Server Component:
    ./components/hero.tsx
    ./app/page.tsx @ http://localhost:3000/_next/static/chunks/node_modules_next_dist_1e8vcs8._.js:1052
[  193844ms] [ERROR] ./components/hero.tsx:173:14
Error: Expression expected
  171 |               width={900}
  172 |               height={}
> 173 |             />
      |              ^
  174 |           </div>
  175 |         </div>
  176 |       </div>

Parsing ecmascript source code failed

Import trace:
  Server Component:
    ./components/hero.tsx
    ./app/page.tsx @ http://localhost:3000/_next/static/chunks/node_modules_next_dist_1e8vcs8._.js:1052
[  193952ms] [ERROR] ./components/hero.tsx:173:14
Error: Expression expected
  171 |               width={900}
  172 |               height={}
> 173 |             />
      |              ^
  174 |           </div>
  175 |         </div>
  176 |       </div>

Parsing ecmascript source code failed

Import trace:
  Server Component:
    ./components/hero.tsx
    ./app/page.tsx @ http://localhost:3000/_next/static/chunks/node_modules_next_dist_1e8vcs8._.js:1052
[  194013ms] [ERROR] ./components/hero.tsx:173:14
Error: Expression expected
  171 |               width={900}
  172 |               height={}
> 173 |             />
      |              ^
  174 |           </div>
  175 |         </div>
  176 |       </div>

Parsing ecmascript source code failed

Import trace:
  Server Component:
    ./components/hero.tsx
    ./app/page.tsx @ http://localhost:3000/_next/static/chunks/node_modules_next_dist_1e8vcs8._.js:1052
[  194076ms] [ERROR] ./components/hero.tsx:173:14
Error: Expression expected
  171 |               width={900}
  172 |               height={}
> 173 |             />
      |              ^
  174 |           </div>
  175 |         </div>
  176 |       </div>

Parsing ecmascript source code failed

Import trace:
  Server Component:
    ./components/hero.tsx
    ./app/page.tsx @ http://localhost:3000/_next/static/chunks/node_modules_next_dist_1e8vcs8._.js:1052
[  194155ms] [ERROR] ./components/hero.tsx:173:14
Error: Expression expected
  171 |               width={900}
  172 |               height={}
> 173 |             />
      |              ^
  174 |           </div>
  175 |         </div>
  176 |       </div>

Parsing ecmascript source code failed

Import trace:
  Server Component:
    ./components/hero.tsx
    ./app/page.tsx @ http://localhost:3000/_next/static/chunks/node_modules_next_dist_1e8vcs8._.js:1052
[  194217ms] [ERROR] ./components/hero.tsx:173:14
Error: Expression expected
  171 |               width={900}
  172 |               height={}
> 173 |             />
      |              ^
  174 |           </div>
  175 |         </div>
  176 |       </div>

Parsing ecmascript source code failed

Import trace:
  Server Component:
    ./components/hero.tsx
    ./app/page.tsx @ http://localhost:3000/_next/static/chunks/node_modules_next_dist_1e8vcs8._.js:1052
[  194279ms] [ERROR] ./components/hero.tsx:173:14
Error: Expression expected
  171 |               width={900}
  172 |               height={}
> 173 |             />
      |              ^
  174 |           </div>
  175 |         </div>
  176 |       </div>

Parsing ecmascript source code failed

Import trace:
  Server Component:
    ./components/hero.tsx
    ./app/page.tsx @ http://localhost:3000/_next/static/chunks/node_modules_next_dist_1e8vcs8._.js:1052
[  194342ms] [ERROR] ./components/hero.tsx:173:14
Error: Expression expected
  171 |               width={900}
  172 |               height={}
> 173 |             />
      |              ^
  174 |           </div>
  175 |         </div>
  176 |       </div>

Parsing ecmascript source code failed

Import trace:
  Server Component:
    ./components/hero.tsx
    ./app/page.tsx @ http://localhost:3000/_next/static/chunks/node_modules_next_dist_1e8vcs8._.js:1052
[  194405ms] [ERROR] ./components/hero.tsx:173:14
Error: Expression expected
  171 |               width={900}
  172 |               height={}
> 173 |             />
      |              ^
  174 |           </div>
  175 |         </div>
  176 |       </div>

Parsing ecmascript source code failed

Import trace:
  Server Component:
    ./components/hero.tsx
    ./app/page.tsx @ http://localhost:3000/_next/static/chunks/node_modules_next_dist_1e8vcs8._.js:1052
[  194466ms] [ERROR] ./components/hero.tsx:173:14
Error: Expression expected
  171 |               width={900}
  172 |               height={}
> 173 |             />
      |              ^
  174 |           </div>
  175 |         </div>
  176 |       </div>

Parsing ecmascript source code failed

Import trace:
  Server Component:
    ./components/hero.tsx
    ./app/page.tsx @ http://localhost:3000/_next/static/chunks/node_modules_next_dist_1e8vcs8._.js:1052
[  194529ms] [ERROR] ./components/hero.tsx:173:14
Error: Expression expected
  171 |               width={900}
  172 |               height={}
> 173 |             />
      |              ^
  174 |           </div>
  175 |         </div>
  176 |       </div>

Parsing ecmascript source code failed

Import trace:
  Server Component:
    ./components/hero.tsx
    ./app/page.tsx @ http://localhost:3000/_next/static/chunks/node_modules_next_dist_1e8vcs8._.js:1052
[  194593ms] [ERROR] ./components/hero.tsx:173:14
Error: Expression expected
  171 |               width={900}
  172 |               height={}
> 173 |             />
      |              ^
  174 |           </div>
  175 |         </div>
  176 |       </div>

Parsing ecmascript source code failed

Import trace:
  Server Component:
    ./components/hero.tsx
    ./app/page.tsx @ http://localhost:3000/_next/static/chunks/node_modules_next_dist_1e8vcs8._.js:1052
[  194670ms] [ERROR] ./components/hero.tsx:173:14
Error: Expression expected
  171 |               width={900}
  172 |               height={}
> 173 |             />
      |              ^
  174 |           </div>
  175 |         </div>
  176 |       </div>

Parsing ecmascript source code failed

Import trace:
  Server Component:
    ./components/hero.tsx
    ./app/page.tsx @ http://localhost:3000/_next/static/chunks/node_modules_next_dist_1e8vcs8._.js:1052
[  194732ms] [ERROR] ./components/hero.tsx:173:14
Error: Expression expected
  171 |               width={900}
  172 |               height={}
> 173 |             />
      |              ^
  174 |           </div>
  175 |         </div>
  176 |       </div>

Parsing ecmascript source code failed

Import trace:
  Server Component:
    ./components/hero.tsx
    ./app/page.tsx @ http://localhost:3000/_next/static/chunks/node_modules_next_dist_1e8vcs8._.js:1052
[  194793ms] [ERROR] ./components/hero.tsx:173:14
Error: Expression expected
  171 |               width={900}
  172 |               height={}
> 173 |             />
      |              ^
  174 |           </div>
  175 |         </div>
  176 |       </div>

Parsing ecmascript source code failed

Import trace:
  Server Component:
    ./components/hero.tsx
    ./app/page.tsx @ http://localhost:3000/_next/static/chunks/node_modules_next_dist_1e8vcs8._.js:1052
[  194872ms] [ERROR] ./components/hero.tsx:173:14
Error: Expression expected
  171 |               width={900}
  172 |               height={}
> 173 |             />
      |              ^
  174 |           </div>
  175 |         </div>
  176 |       </div>

Parsing ecmascript source code failed

Import trace:
  Server Component:
    ./components/hero.tsx
    ./app/page.tsx @ http://localhost:3000/_next/static/chunks/node_modules_next_dist_1e8vcs8._.js:1052
[  194936ms] [ERROR] ./components/hero.tsx:173:14
Error: Expression expected
  171 |               width={900}
  172 |               height={}
> 173 |             />
      |              ^
  174 |           </div>
  175 |         </div>
  176 |       </div>

Parsing ecmascript source code failed

Import trace:
  Server Component:
    ./components/hero.tsx
    ./app/page.tsx @ http://localhost:3000/_next/static/chunks/node_modules_next_dist_1e8vcs8._.js:1052
[  194999ms] [ERROR] ./components/hero.tsx:173:14
Error: Expression expected
  171 |               width={900}
  172 |               height={}
> 173 |             />
      |              ^
  174 |           </div>
  175 |         </div>
  176 |       </div>

Parsing ecmascript source code failed

Import trace:
  Server Component:
    ./components/hero.tsx
    ./app/page.tsx @ http://localhost:3000/_next/static/chunks/node_modules_next_dist_1e8vcs8._.js:1052
[  195062ms] [ERROR] ./components/hero.tsx:173:14
Error: Expression expected
  171 |               width={900}
  172 |               height={}
> 173 |             />
      |              ^
  174 |           </div>
  175 |         </div>
  176 |       </div>

Parsing ecmascript source code failed

Import trace:
  Server Component:
    ./components/hero.tsx
    ./app/page.tsx @ http://localhost:3000/_next/static/chunks/node_modules_next_dist_1e8vcs8._.js:1052
[  195152ms] [ERROR] ./components/hero.tsx:173:14
Error: Expression expected
  171 |               width={900}
  172 |               height={}
> 173 |             />
      |              ^
  174 |           </div>
  175 |         </div>
  176 |       </div>

Parsing ecmascript source code failed

Import trace:
  Server Component:
    ./components/hero.tsx
    ./app/page.tsx @ http://localhost:3000/_next/static/chunks/node_modules_next_dist_1e8vcs8._.js:1052
[  195282ms] [ERROR] ./components/hero.tsx:173:14
Error: Expression expected
  171 |               width={900}
  172 |               height={}
> 173 |             />
      |              ^
  174 |           </div>
  175 |         </div>
  176 |       </div>

Parsing ecmascript source code failed

Import trace:
  Server Component:
    ./components/hero.tsx
    ./app/page.tsx @ http://localhost:3000/_next/static/chunks/node_modules_next_dist_1e8vcs8._.js:1052
[  195360ms] [ERROR] ./components/hero.tsx:173:14
Error: Expression expected
  171 |               width={900}
  172 |               height={}
> 173 |             />
      |              ^
  174 |           </div>
  175 |         </div>
  176 |       </div>

Parsing ecmascript source code failed

Import trace:
  Server Component:
    ./components/hero.tsx
    ./app/page.tsx @ http://localhost:3000/_next/static/chunks/node_modules_next_dist_1e8vcs8._.js:1052
[  195487ms] [ERROR] ./components/hero.tsx:173:14
Error: Expression expected
  171 |               width={900}
  172 |               height={}
> 173 |             />
      |              ^
  174 |           </div>
  175 |         </div>
  176 |       </div>

Parsing ecmascript source code failed

Import trace:
  Server Component:
    ./components/hero.tsx
    ./app/page.tsx @ http://localhost:3000/_next/static/chunks/node_modules_next_dist_1e8vcs8._.js:1052
[  195551ms] [ERROR] ./components/hero.tsx:173:14
Error: Expression expected
  171 |               width={900}
  172 |               height={}
> 173 |             />
      |              ^
  174 |           </div>
  175 |         </div>
  176 |       </div>

Parsing ecmascript source code failed

Import trace:
  Server Component:
    ./components/hero.tsx
    ./app/page.tsx @ http://localhost:3000/_next/static/chunks/node_modules_next_dist_1e8vcs8._.js:1052
[  195627ms] [ERROR] ./components/hero.tsx:173:14
Error: Expression expected
  171 |               width={900}
  172 |               height={}
> 173 |             />
      |              ^
  174 |           </div>
  175 |         </div>
  176 |       </div>

Parsing ecmascript source code failed

Import trace:
  Server Component:
    ./components/hero.tsx
    ./app/page.tsx @ http://localhost:3000/_next/static/chunks/node_modules_next_dist_1e8vcs8._.js:1052
[  195874ms] [LOG] [Fast Refresh] rebuilding @ http://localhost:3000/_next/static/chunks/node_modules_next_dist_1e8vcs8._.js:776
[  197587ms] [LOG] [Fast Refresh] done in 1760ms @ http://localhost:3000/_next/static/chunks/node_modules_next_dist_1e8vcs8._.js:776
[  197669ms] [LOG] [Fast Refresh] done in 1760ms @ http://localhost:3000/_next/static/chunks/node_modules_next_dist_1e8vcs8._.js:776
[  197785ms] [LOG] [Fast Refresh] done in 1760ms @ http://localhost:3000/_next/static/chunks/node_modules_next_dist_1e8vcs8._.js:776
[  197862ms] [LOG] [Fast Refresh] done in 1760ms @ http://localhost:3000/_next/static/chunks/node_modules_next_dist_1e8vcs8._.js:776
[  197940ms] [LOG] [Fast Refresh] done in 1760ms @ http://localhost:3000/_next/static/chunks/node_modules_next_dist_1e8vcs8._.js:776
[  198003ms] [LOG] [Fast Refresh] done in 1760ms @ http://localhost:3000/_next/static/chunks/node_modules_next_dist_1e8vcs8._.js:776
[  198067ms] [LOG] [Fast Refresh] done in 1760ms @ http://localhost:3000/_next/static/chunks/node_modules_next_dist_1e8vcs8._.js:776
[  198128ms] [LOG] [Fast Refresh] done in 1760ms @ http://localhost:3000/_next/static/chunks/node_modules_next_dist_1e8vcs8._.js:776
[  198190ms] [LOG] [Fast Refresh] done in 1760ms @ http://localhost:3000/_next/static/chunks/node_modules_next_dist_1e8vcs8._.js:776
[  198254ms] [LOG] [Fast Refresh] done in 1760ms @ http://localhost:3000/_next/static/chunks/node_modules_next_dist_1e8vcs8._.js:776
[  198318ms] [LOG] [Fast Refresh] done in 1760ms @ http://localhost:3000/_next/static/chunks/node_modules_next_dist_1e8vcs8._.js:776
[  198378ms] [LOG] [Fast Refresh] done in 1760ms @ http://localhost:3000/_next/static/chunks/node_modules_next_dist_1e8vcs8._.js:776
[  198440ms] [LOG] [Fast Refresh] done in 1760ms @ http://localhost:3000/_next/static/chunks/node_modules_next_dist_1e8vcs8._.js:776
[  198504ms] [LOG] [Fast Refresh] done in 1760ms @ http://localhost:3000/_next/static/chunks/node_modules_next_dist_1e8vcs8._.js:776
[  198581ms] [LOG] [Fast Refresh] done in 1760ms @ http://localhost:3000/_next/static/chunks/node_modules_next_dist_1e8vcs8._.js:776
[  198650ms] [LOG] [Fast Refresh] done in 1760ms @ http://localhost:3000/_next/static/chunks/node_modules_next_dist_1e8vcs8._.js:776
[  198723ms] [LOG] [Fast Refresh] done in 1760ms @ http://localhost:3000/_next/static/chunks/node_modules_next_dist_1e8vcs8._.js:776
[  198801ms] [LOG] [Fast Refresh] done in 1760ms @ http://localhost:3000/_next/static/chunks/node_modules_next_dist_1e8vcs8._.js:776
[  198882ms] [LOG] [Fast Refresh] done in 1760ms @ http://localhost:3000/_next/static/chunks/node_modules_next_dist_1e8vcs8._.js:776
[  198958ms] [LOG] [Fast Refresh] done in 1760ms @ http://localhost:3000/_next/static/chunks/node_modules_next_dist_1e8vcs8._.js:776
[  199043ms] [LOG] [Fast Refresh] done in 1760ms @ http://localhost:3000/_next/static/chunks/node_modules_next_dist_1e8vcs8._.js:776
[  199098ms] [LOG] [Fast Refresh] done in 1760ms @ http://localhost:3000/_next/static/chunks/node_modules_next_dist_1e8vcs8._.js:776
[  199162ms] [LOG] [Fast Refresh] done in 1760ms @ http://localhost:3000/_next/static/chunks/node_modules_next_dist_1e8vcs8._.js:776
[  199224ms] [LOG] [Fast Refresh] done in 1760ms @ http://localhost:3000/_next/static/chunks/node_modules_next_dist_1e8vcs8._.js:776
[  199304ms] [LOG] [Fast Refresh] done in 1760ms @ http://localhost:3000/_next/static/chunks/node_modules_next_dist_1e8vcs8._.js:776
[  199366ms] [LOG] [Fast Refresh] done in 1760ms @ http://localhost:3000/_next/static/chunks/node_modules_next_dist_1e8vcs8._.js:776
[  199463ms] [LOG] [Fast Refresh] done in 1760ms @ http://localhost:3000/_next/static/chunks/node_modules_next_dist_1e8vcs8._.js:776
[  199709ms] [LOG] [Fast Refresh] rebuilding @ http://localhost:3000/_next/static/chunks/node_modules_next_dist_1e8vcs8._.js:776
[  201019ms] [LOG] [Fast Refresh] done in 1401ms @ http://localhost:3000/_next/static/chunks/node_modules_next_dist_1e8vcs8._.js:776
[  201039ms] [LOG] [Fast Refresh] done in 1401ms @ http://localhost:3000/_next/static/chunks/node_modules_next_dist_1e8vcs8._.js:776
[  201465ms] [LOG] [Fast Refresh] done in 1401ms @ http://localhost:3000/_next/static/chunks/node_modules_next_dist_1e8vcs8._.js:776
[  201659ms] [LOG] [Fast Refresh] done in 1401ms @ http://localhost:3000/_next/static/chunks/node_modules_next_dist_1e8vcs8._.js:776
[  201747ms] [LOG] [Fast Refresh] done in 1401ms @ http://localhost:3000/_next/static/chunks/node_modules_next_dist_1e8vcs8._.js:776
[  201834ms] [LOG] [Fast Refresh] done in 1401ms @ http://localhost:3000/_next/static/chunks/node_modules_next_dist_1e8vcs8._.js:776
[  201898ms] [LOG] [Fast Refresh] done in 1401ms @ http://localhost:3000/_next/static/chunks/node_modules_next_dist_1e8vcs8._.js:776
[  201974ms] [LOG] [Fast Refresh] done in 1401ms @ http://localhost:3000/_next/static/chunks/node_modules_next_dist_1e8vcs8._.js:776
[  202051ms] [LOG] [Fast Refresh] done in 1401ms @ http://localhost:3000/_next/static/chunks/node_modules_next_dist_1e8vcs8._.js:776
[  202129ms] [LOG] [Fast Refresh] done in 1401ms @ http://localhost:3000/_next/static/chunks/node_modules_next_dist_1e8vcs8._.js:776
[  202192ms] [LOG] [Fast Refresh] done in 1401ms @ http://localhost:3000/_next/static/chunks/node_modules_next_dist_1e8vcs8._.js:776
[  202271ms] [LOG] [Fast Refresh] done in 1401ms @ http://localhost:3000/_next/static/chunks/node_modules_next_dist_1e8vcs8._.js:776
[  202361ms] [LOG] [Fast Refresh] done in 1401ms @ http://localhost:3000/_next/static/chunks/node_modules_next_dist_1e8vcs8._.js:776
[  202448ms] [LOG] [Fast Refresh] done in 1401ms @ http://localhost:3000/_next/static/chunks/node_modules_next_dist_1e8vcs8._.js:776
[  202538ms] [LOG] [Fast Refresh] done in 1401ms @ http://localhost:3000/_next/static/chunks/node_modules_next_dist_1e8vcs8._.js:776
[  202680ms] [LOG] [Fast Refresh] done in 1401ms @ http://localhost:3000/_next/static/chunks/node_modules_next_dist_1e8vcs8._.js:776
[  202847ms] [LOG] [Fast Refresh] done in 1401ms @ http://localhost:3000/_next/static/chunks/node_modules_next_dist_1e8vcs8._.js:776
[  202924ms] [LOG] [Fast Refresh] done in 1401ms @ http://localhost:3000/_next/static/chunks/node_modules_next_dist_1e8vcs8._.js:776
[  203001ms] [LOG] [Fast Refresh] done in 1401ms @ http://localhost:3000/_next/static/chunks/node_modules_next_dist_1e8vcs8._.js:776
[  203077ms] [LOG] [Fast Refresh] done in 1401ms @ http://localhost:3000/_next/static/chunks/node_modules_next_dist_1e8vcs8._.js:776
[  203155ms] [LOG] [Fast Refresh] done in 1401ms @ http://localhost:3000/_next/static/chunks/node_modules_next_dist_1e8vcs8._.js:776
[  203233ms] [LOG] [Fast Refresh] done in 1401ms @ http://localhost:3000/_next/static/chunks/node_modules_next_dist_1e8vcs8._.js:776
[  203308ms] [LOG] [Fast Refresh] done in 1401ms @ http://localhost:3000/_next/static/chunks/node_modules_next_dist_1e8vcs8._.js:776
[  203386ms] [LOG] [Fast Refresh] done in 1401ms @ http://localhost:3000/_next/static/chunks/node_modules_next_dist_1e8vcs8._.js:776
[  203464ms] [LOG] [Fast Refresh] done in 1401ms @ http://localhost:3000/_next/static/chunks/node_modules_next_dist_1e8vcs8._.js:776
[  203527ms] [LOG] [Fast Refresh] done in 1401ms @ http://localhost:3000/_next/static/chunks/node_modules_next_dist_1e8vcs8._.js:776
[  203594ms] [LOG] [Fast Refresh] done in 1401ms @ http://localhost:3000/_next/static/chunks/node_modules_next_dist_1e8vcs8._.js:776
[  203689ms] [LOG] [Fast Refresh] done in 1401ms @ http://localhost:3000/_next/static/chunks/node_modules_next_dist_1e8vcs8._.js:776
[  203772ms] [LOG] [Fast Refresh] done in 1401ms @ http://localhost:3000/_next/static/chunks/node_modules_next_dist_1e8vcs8._.js:776
[  203847ms] [LOG] [Fast Refresh] done in 1401ms @ http://localhost:3000/_next/static/chunks/node_modules_next_dist_1e8vcs8._.js:776
[  203923ms] [LOG] [Fast Refresh] done in 1401ms @ http://localhost:3000/_next/static/chunks/node_modules_next_dist_1e8vcs8._.js:776
[  203999ms] [LOG] [Fast Refresh] done in 1401ms @ http://localhost:3000/_next/static/chunks/node_modules_next_dist_1e8vcs8._.js:776
[  204077ms] [LOG] [Fast Refresh] done in 1401ms @ http://localhost:3000/_next/static/chunks/node_modules_next_dist_1e8vcs8._.js:776
[  204153ms] [LOG] [Fast Refresh] done in 1401ms @ http://localhost:3000/_next/static/chunks/node_modules_next_dist_1e8vcs8._.js:776
[  204231ms] [LOG] [Fast Refresh] done in 1401ms @ http://localhost:3000/_next/static/chunks/node_modules_next_dist_1e8vcs8._.js:776
[  204294ms] [LOG] [Fast Refresh] done in 1401ms @ http://localhost:3000/_next/static/chunks/node_modules_next_dist_1e8vcs8._.js:776
[  204372ms] [LOG] [Fast Refresh] done in 1401ms @ http://localhost:3000/_next/static/chunks/node_modules_next_dist_1e8vcs8._.js:776
[  204433ms] [LOG] [Fast Refresh] done in 1401ms @ http://localhost:3000/_next/static/chunks/node_modules_next_dist_1e8vcs8._.js:776
[  204495ms] [LOG] [Fast Refresh] done in 1401ms @ http://localhost:3000/_next/static/chunks/node_modules_next_dist_1e8vcs8._.js:776
[  204571ms] [LOG] [Fast Refresh] done in 1401ms @ http://localhost:3000/_next/static/chunks/node_modules_next_dist_1e8vcs8._.js:776
[  204633ms] [LOG] [Fast Refresh] done in 1401ms @ http://localhost:3000/_next/static/chunks/node_modules_next_dist_1e8vcs8._.js:776
[  204694ms] [LOG] [Fast Refresh] done in 1401ms @ http://localhost:3000/_next/static/chunks/node_modules_next_dist_1e8vcs8._.js:776
[  204756ms] [LOG] [Fast Refresh] done in 1401ms @ http://localhost:3000/_next/static/chunks/node_modules_next_dist_1e8vcs8._.js:776
[  204821ms] [LOG] [Fast Refresh] done in 1401ms @ http://localhost:3000/_next/static/chunks/node_modules_next_dist_1e8vcs8._.js:776
[  204878ms] [LOG] [Fast Refresh] done in 1401ms @ http://localhost:3000/_next/static/chunks/node_modules_next_dist_1e8vcs8._.js:776
[  204941ms] [LOG] [Fast Refresh] done in 1401ms @ http://localhost:3000/_next/static/chunks/node_modules_next_dist_1e8vcs8._.js:776
[  205004ms] [LOG] [Fast Refresh] done in 1401ms @ http://localhost:3000/_next/static/chunks/node_modules_next_dist_1e8vcs8._.js:776
[  205066ms] [LOG] [Fast Refresh] done in 1401ms @ http://localhost:3000/_next/static/chunks/node_modules_next_dist_1e8vcs8._.js:776
[  205145ms] [LOG] [Fast Refresh] done in 1401ms @ http://localhost:3000/_next/static/chunks/node_modules_next_dist_1e8vcs8._.js:776
[  205207ms] [LOG] [Fast Refresh] done in 1401ms @ http://localhost:3000/_next/static/chunks/node_modules_next_dist_1e8vcs8._.js:776
[  205270ms] [LOG] [Fast Refresh] done in 1401ms @ http://localhost:3000/_next/static/chunks/node_modules_next_dist_1e8vcs8._.js:776
[  205331ms] [LOG] [Fast Refresh] done in 1401ms @ http://localhost:3000/_next/static/chunks/node_modules_next_dist_1e8vcs8._.js:776
[  205394ms] [LOG] [Fast Refresh] done in 1401ms @ http://localhost:3000/_next/static/chunks/node_modules_next_dist_1e8vcs8._.js:776
[  205457ms] [LOG] [Fast Refresh] done in 1401ms @ http://localhost:3000/_next/static/chunks/node_modules_next_dist_1e8vcs8._.js:776
[  205518ms] [LOG] [Fast Refresh] done in 1401ms @ http://localhost:3000/_next/static/chunks/node_modules_next_dist_1e8vcs8._.js:776
[  205581ms] [LOG] [Fast Refresh] done in 1401ms @ http://localhost:3000/_next/static/chunks/node_modules_next_dist_1e8vcs8._.js:776
[  205642ms] [LOG] [Fast Refresh] done in 1401ms @ http://localhost:3000/_next/static/chunks/node_modules_next_dist_1e8vcs8._.js:776
[  205704ms] [LOG] [Fast Refresh] done in 1401ms @ http://localhost:3000/_next/static/chunks/node_modules_next_dist_1e8vcs8._.js:776
[  205766ms] [LOG] [Fast Refresh] done in 1401ms @ http://localhost:3000/_next/static/chunks/node_modules_next_dist_1e8vcs8._.js:776
[  205828ms] [LOG] [Fast Refresh] done in 1401ms @ http://localhost:3000/_next/static/chunks/node_modules_next_dist_1e8vcs8._.js:776
[  205889ms] [LOG] [Fast Refresh] done in 1401ms @ http://localhost:3000/_next/static/chunks/node_modules_next_dist_1e8vcs8._.js:776
[  205953ms] [LOG] [Fast Refresh] done in 1401ms @ http://localhost:3000/_next/static/chunks/node_modules_next_dist_1e8vcs8._.js:776
[  206014ms] [LOG] [Fast Refresh] done in 1401ms @ http://localhost:3000/_next/static/chunks/node_modules_next_dist_1e8vcs8._.js:776
[  206076ms] [LOG] [Fast Refresh] done in 1401ms @ http://localhost:3000/_next/static/chunks/node_modules_next_dist_1e8vcs8._.js:776
[  206140ms] [LOG] [Fast Refresh] done in 1401ms @ http://localhost:3000/_next/static/chunks/node_modules_next_dist_1e8vcs8._.js:776
[  206203ms] [LOG] [Fast Refresh] done in 1401ms @ http://localhost:3000/_next/static/chunks/node_modules_next_dist_1e8vcs8._.js:776
[  206265ms] [LOG] [Fast Refresh] done in 1401ms @ http://localhost:3000/_next/static/chunks/node_modules_next_dist_1e8vcs8._.js:776
[  206329ms] [LOG] [Fast Refresh] done in 1401ms @ http://localhost:3000/_next/static/chunks/node_modules_next_dist_1e8vcs8._.js:776
[  206391ms] [LOG] [Fast Refresh] done in 1401ms @ http://localhost:3000/_next/static/chunks/node_modules_next_dist_1e8vcs8._.js:776
[  206455ms] [LOG] [Fast Refresh] done in 1401ms @ http://localhost:3000/_next/static/chunks/node_modules_next_dist_1e8vcs8._.js:776
[  206518ms] [LOG] [Fast Refresh] done in 1401ms @ http://localhost:3000/_next/static/chunks/node_modules_next_dist_1e8vcs8._.js:776
[  206580ms] [LOG] [Fast Refresh] done in 1401ms @ http://localhost:3000/_next/static/chunks/node_modules_next_dist_1e8vcs8._.js:776
[  206643ms] [LOG] [Fast Refresh] done in 1401ms @ http://localhost:3000/_next/static/chunks/node_modules_next_dist_1e8vcs8._.js:776
[  206705ms] [LOG] [Fast Refresh] done in 1401ms @ http://localhost:3000/_next/static/chunks/node_modules_next_dist_1e8vcs8._.js:776
[  206767ms] [LOG] [Fast Refresh] done in 1401ms @ http://localhost:3000/_next/static/chunks/node_modules_next_dist_1e8vcs8._.js:776
[  206828ms] [LOG] [Fast Refresh] done in 1401ms @ http://localhost:3000/_next/static/chunks/node_modules_next_dist_1e8vcs8._.js:776
[  206890ms] [LOG] [Fast Refresh] done in 1401ms @ http://localhost:3000/_next/static/chunks/node_modules_next_dist_1e8vcs8._.js:776
[  206951ms] [LOG] [Fast Refresh] done in 1401ms @ http://localhost:3000/_next/static/chunks/node_modules_next_dist_1e8vcs8._.js:776
[  207015ms] [LOG] [Fast Refresh] done in 1401ms @ http://localhost:3000/_next/static/chunks/node_modules_next_dist_1e8vcs8._.js:776
[  207076ms] [LOG] [Fast Refresh] done in 1401ms @ http://localhost:3000/_next/static/chunks/node_modules_next_dist_1e8vcs8._.js:776
[  207138ms] [LOG] [Fast Refresh] done in 1401ms @ http://localhost:3000/_next/static/chunks/node_modules_next_dist_1e8vcs8._.js:776
[  207201ms] [LOG] [Fast Refresh] done in 1401ms @ http://localhost:3000/_next/static/chunks/node_modules_next_dist_1e8vcs8._.js:776
[  207263ms] [LOG] [Fast Refresh] done in 1401ms @ http://localhost:3000/_next/static/chunks/node_modules_next_dist_1e8vcs8._.js:776
[  207326ms] [LOG] [Fast Refresh] done in 1401ms @ http://localhost:3000/_next/static/chunks/node_modules_next_dist_1e8vcs8._.js:776
[  207388ms] [LOG] [Fast Refresh] done in 1401ms @ http://localhost:3000/_next/static/chunks/node_modules_next_dist_1e8vcs8._.js:776
[  207450ms] [LOG] [Fast Refresh] done in 1401ms @ http://localhost:3000/_next/static/chunks/node_modules_next_dist_1e8vcs8._.js:776
[  207528ms] [LOG] [Fast Refresh] done in 1401ms @ http://localhost:3000/_next/static/chunks/node_modules_next_dist_1e8vcs8._.js:776
[  207605ms] [LOG] [Fast Refresh] done in 1401ms @ http://localhost:3000/_next/static/chunks/node_modules_next_dist_1e8vcs8._.js:776
[  207667ms] [LOG] [Fast Refresh] done in 1401ms @ http://localhost:3000/_next/static/chunks/node_modules_next_dist_1e8vcs8._.js:776
[  207731ms] [LOG] [Fast Refresh] done in 1401ms @ http://localhost:3000/_next/static/chunks/node_modules_next_dist_1e8vcs8._.js:776
[  207805ms] [LOG] [Fast Refresh] done in 1401ms @ http://localhost:3000/_next/static/chunks/node_modules_next_dist_1e8vcs8._.js:776
[  207884ms] [LOG] [Fast Refresh] done in 1401ms @ http://localhost:3000/_next/static/chunks/node_modules_next_dist_1e8vcs8._.js:776
[  207945ms] [LOG] [Fast Refresh] done in 1401ms @ http://localhost:3000/_next/static/chunks/node_modules_next_dist_1e8vcs8._.js:776
[  208007ms] [LOG] [Fast Refresh] done in 1401ms @ http://localhost:3000/_next/static/chunks/node_modules_next_dist_1e8vcs8._.js:776
[  208071ms] [LOG] [Fast Refresh] done in 1401ms @ http://localhost:3000/_next/static/chunks/node_modules_next_dist_1e8vcs8._.js:776
[  208135ms] [LOG] [Fast Refresh] done in 1401ms @ http://localhost:3000/_next/static/chunks/node_modules_next_dist_1e8vcs8._.js:776
[  208244ms] [LOG] [Fast Refresh] done in 1401ms @ http://localhost:3000/_next/static/chunks/node_modules_next_dist_1e8vcs8._.js:776
[  208321ms] [LOG] [Fast Refresh] done in 1401ms @ http://localhost:3000/_next/static/chunks/node_modules_next_dist_1e8vcs8._.js:776
[  208383ms] [LOG] [Fast Refresh] done in 1401ms @ http://localhost:3000/_next/static/chunks/node_modules_next_dist_1e8vcs8._.js:776
[  208445ms] [LOG] [Fast Refresh] done in 1401ms @ http://localhost:3000/_next/static/chunks/node_modules_next_dist_1e8vcs8._.js:776
[  208508ms] [LOG] [Fast Refresh] done in 1401ms @ http://localhost:3000/_next/static/chunks/node_modules_next_dist_1e8vcs8._.js:776
[  208570ms] [LOG] [Fast Refresh] done in 1401ms @ http://localhost:3000/_next/static/chunks/node_modules_next_dist_1e8vcs8._.js:776
[  208632ms] [LOG] [Fast Refresh] done in 1401ms @ http://localhost:3000/_next/static/chunks/node_modules_next_dist_1e8vcs8._.js:776
[  208694ms] [LOG] [Fast Refresh] done in 1401ms @ http://localhost:3000/_next/static/chunks/node_modules_next_dist_1e8vcs8._.js:776
[  208757ms] [LOG] [Fast Refresh] done in 1401ms @ http://localhost:3000/_next/static/chunks/node_modules_next_dist_1e8vcs8._.js:776
[  208819ms] [LOG] [Fast Refresh] done in 1401ms @ http://localhost:3000/_next/static/chunks/node_modules_next_dist_1e8vcs8._.js:776
[  208883ms] [LOG] [Fast Refresh] done in 1401ms @ http://localhost:3000/_next/static/chunks/node_modules_next_dist_1e8vcs8._.js:776
[  208945ms] [LOG] [Fast Refresh] done in 1401ms @ http://localhost:3000/_next/static/chunks/node_modules_next_dist_1e8vcs8._.js:776
[  209007ms] [LOG] [Fast Refresh] done in 1401ms @ http://localhost:3000/_next/static/chunks/node_modules_next_dist_1e8vcs8._.js:776
[  209070ms] [LOG] [Fast Refresh] done in 1401ms @ http://localhost:3000/_next/static/chunks/node_modules_next_dist_1e8vcs8._.js:776
[  209145ms] [LOG] [Fast Refresh] done in 1401ms @ http://localhost:3000/_next/static/chunks/node_modules_next_dist_1e8vcs8._.js:776
[  209207ms] [LOG] [Fast Refresh] done in 1401ms @ http://localhost:3000/_next/static/chunks/node_modules_next_dist_1e8vcs8._.js:776
[  209268ms] [LOG] [Fast Refresh] done in 1401ms @ http://localhost:3000/_next/static/chunks/node_modules_next_dist_1e8vcs8._.js:776
[  209328ms] [LOG] [Fast Refresh] done in 1401ms @ http://localhost:3000/_next/static/chunks/node_modules_next_dist_1e8vcs8._.js:776
[  209390ms] [LOG] [Fast Refresh] done in 1401ms @ http://localhost:3000/_next/static/chunks/node_modules_next_dist_1e8vcs8._.js:776
[  209453ms] [LOG] [Fast Refresh] done in 1401ms @ http://localhost:3000/_next/static/chunks/node_modules_next_dist_1e8vcs8._.js:776
[  209516ms] [LOG] [Fast Refresh] done in 1401ms @ http://localhost:3000/_next/static/chunks/node_modules_next_dist_1e8vcs8._.js:776
[  209579ms] [LOG] [Fast Refresh] done in 1401ms @ http://localhost:3000/_next/static/chunks/node_modules_next_dist_1e8vcs8._.js:776
[  209641ms] [LOG] [Fast Refresh] done in 1401ms @ http://localhost:3000/_next/static/chunks/node_modules_next_dist_1e8vcs8._.js:776
[  209718ms] [LOG] [Fast Refresh] done in 1401ms @ http://localhost:3000/_next/static/chunks/node_modules_next_dist_1e8vcs8._.js:776
[  209779ms] [LOG] [Fast Refresh] done in 1401ms @ http://localhost:3000/_next/static/chunks/node_modules_next_dist_1e8vcs8._.js:776
[  209841ms] [LOG] [Fast Refresh] done in 1401ms @ http://localhost:3000/_next/static/chunks/node_modules_next_dist_1e8vcs8._.js:776
[  209903ms] [LOG] [Fast Refresh] done in 1401ms @ http://localhost:3000/_next/static/chunks/node_modules_next_dist_1e8vcs8._.js:776
[  209965ms] [LOG] [Fast Refresh] done in 1401ms @ http://localhost:3000/_next/static/chunks/node_modules_next_dist_1e8vcs8._.js:776
[  210027ms] [LOG] [Fast Refresh] done in 1401ms @ http://localhost:3000/_next/static/chunks/node_modules_next_dist_1e8vcs8._.js:776
[  210089ms] [LOG] [Fast Refresh] done in 1401ms @ http://localhost:3000/_next/static/chunks/node_modules_next_dist_1e8vcs8._.js:776
[  210151ms] [LOG] [Fast Refresh] done in 1401ms @ http://localhost:3000/_next/static/chunks/node_modules_next_dist_1e8vcs8._.js:776
[  210213ms] [LOG] [Fast Refresh] done in 1401ms @ http://localhost:3000/_next/static/chunks/node_modules_next_dist_1e8vcs8._.js:776
[  210277ms] [LOG] [Fast Refresh] done in 1401ms @ http://localhost:3000/_next/static/chunks/node_modules_next_dist_1e8vcs8._.js:776
[  210354ms] [LOG] [Fast Refresh] done in 1401ms @ http://localhost:3000/_next/static/chunks/node_modules_next_dist_1e8vcs8._.js:776
[  210417ms] [LOG] [Fast Refresh] done in 1401ms @ http://localhost:3000/_next/static/chunks/node_modules_next_dist_1e8vcs8._.js:776
[  210481ms] [LOG] [Fast Refresh] done in 1401ms @ http://localhost:3000/_next/static/chunks/node_modules_next_dist_1e8vcs8._.js:776
[  210542ms] [LOG] [Fast Refresh] done in 1401ms @ http://localhost:3000/_next/static/chunks/node_modules_next_dist_1e8vcs8._.js:776
[  210604ms] [LOG] [Fast Refresh] done in 1401ms @ http://localhost:3000/_next/static/chunks/node_modules_next_dist_1e8vcs8._.js:776
[  210666ms] [LOG] [Fast Refresh] done in 1401ms @ http://localhost:3000/_next/static/chunks/node_modules_next_dist_1e8vcs8._.js:776
[  210727ms] [LOG] [Fast Refresh] done in 1401ms @ http://localhost:3000/_next/static/chunks/node_modules_next_dist_1e8vcs8._.js:776
[  210805ms] [LOG] [Fast Refresh] done in 1401ms @ http://localhost:3000/_next/static/chunks/node_modules_next_dist_1e8vcs8._.js:776
[  210884ms] [LOG] [Fast Refresh] done in 1401ms @ http://localhost:3000/_next/static/chunks/node_modules_next_dist_1e8vcs8._.js:776
[  210962ms] [LOG] [Fast Refresh] done in 1401ms @ http://localhost:3000/_next/static/chunks/node_modules_next_dist_1e8vcs8._.js:776
[  211039ms] [LOG] [Fast Refresh] done in 1401ms @ http://localhost:3000/_next/static/chunks/node_modules_next_dist_1e8vcs8._.js:776
[  211118ms] [LOG] [Fast Refresh] done in 1401ms @ http://localhost:3000/_next/static/chunks/node_modules_next_dist_1e8vcs8._.js:776
[  211181ms] [LOG] [Fast Refresh] done in 1401ms @ http://localhost:3000/_next/static/chunks/node_modules_next_dist_1e8vcs8._.js:776
[  211244ms] [LOG] [Fast Refresh] done in 1401ms @ http://localhost:3000/_next/static/chunks/node_modules_next_dist_1e8vcs8._.js:776
[  211306ms] [LOG] [Fast Refresh] done in 1401ms @ http://localhost:3000/_next/static/chunks/node_modules_next_dist_1e8vcs8._.js:776
[  211384ms] [LOG] [Fast Refresh] done in 1401ms @ http://localhost:3000/_next/static/chunks/node_modules_next_dist_1e8vcs8._.js:776
[  211446ms] [LOG] [Fast Refresh] done in 1401ms @ http://localhost:3000/_next/static/chunks/node_modules_next_dist_1e8vcs8._.js:776
[  211509ms] [LOG] [Fast Refresh] done in 1401ms @ http://localhost:3000/_next/static/chunks/node_modules_next_dist_1e8vcs8._.js:776
[  211573ms] [LOG] [Fast Refresh] done in 1401ms @ http://localhost:3000/_next/static/chunks/node_modules_next_dist_1e8vcs8._.js:776
[  211634ms] [LOG] [Fast Refresh] done in 1401ms @ http://localhost:3000/_next/static/chunks/node_modules_next_dist_1e8vcs8._.js:776
[  211698ms] [LOG] [Fast Refresh] done in 1401ms @ http://localhost:3000/_next/static/chunks/node_modules_next_dist_1e8vcs8._.js:776
[  211764ms] [LOG] [Fast Refresh] done in 1401ms @ http://localhost:3000/_next/static/chunks/node_modules_next_dist_1e8vcs8._.js:776
[  211836ms] [LOG] [Fast Refresh] done in 1401ms @ http://localhost:3000/_next/static/chunks/node_modules_next_dist_1e8vcs8._.js:776
[  211900ms] [LOG] [Fast Refresh] done in 1401ms @ http://localhost:3000/_next/static/chunks/node_modules_next_dist_1e8vcs8._.js:776
[  211960ms] [LOG] [Fast Refresh] done in 1401ms @ http://localhost:3000/_next/static/chunks/node_modules_next_dist_1e8vcs8._.js:776
[  212036ms] [LOG] [Fast Refresh] done in 1401ms @ http://localhost:3000/_next/static/chunks/node_modules_next_dist_1e8vcs8._.js:776
[  212113ms] [LOG] [Fast Refresh] done in 1401ms @ http://localhost:3000/_next/static/chunks/node_modules_next_dist_1e8vcs8._.js:776
[  212177ms] [LOG] [Fast Refresh] done in 1401ms @ http://localhost:3000/_next/static/chunks/node_modules_next_dist_1e8vcs8._.js:776
[  212261ms] [LOG] [Fast Refresh] done in 1401ms @ http://localhost:3000/_next/static/chunks/node_modules_next_dist_1e8vcs8._.js:776
[  212323ms] [LOG] [Fast Refresh] done in 1401ms @ http://localhost:3000/_next/static/chunks/node_modules_next_dist_1e8vcs8._.js:776
[  212394ms] [LOG] [Fast Refresh] done in 1401ms @ http://localhost:3000/_next/static/chunks/node_modules_next_dist_1e8vcs8._.js:776
[  212473ms] [LOG] [Fast Refresh] done in 1401ms @ http://localhost:3000/_next/static/chunks/node_modules_next_dist_1e8vcs8._.js:776
[  212550ms] [LOG] [Fast Refresh] done in 1401ms @ http://localhost:3000/_next/static/chunks/node_modules_next_dist_1e8vcs8._.js:776
[  212613ms] [LOG] [Fast Refresh] done in 1401ms @ http://localhost:3000/_next/static/chunks/node_modules_next_dist_1e8vcs8._.js:776
[  212675ms] [LOG] [Fast Refresh] done in 1401ms @ http://localhost:3000/_next/static/chunks/node_modules_next_dist_1e8vcs8._.js:776
[  212736ms] [LOG] [Fast Refresh] done in 1401ms @ http://localhost:3000/_next/static/chunks/node_modules_next_dist_1e8vcs8._.js:776
[  212797ms] [LOG] [Fast Refresh] done in 1401ms @ http://localhost:3000/_next/static/chunks/node_modules_next_dist_1e8vcs8._.js:776
[  212875ms] [LOG] [Fast Refresh] done in 1401ms @ http://localhost:3000/_next/static/chunks/node_modules_next_dist_1e8vcs8._.js:776
[  212936ms] [LOG] [Fast Refresh] done in 1401ms @ http://localhost:3000/_next/static/chunks/node_modules_next_dist_1e8vcs8._.js:776
[  212999ms] [LOG] [Fast Refresh] done in 1401ms @ http://localhost:3000/_next/static/chunks/node_modules_next_dist_1e8vcs8._.js:776
[  213062ms] [LOG] [Fast Refresh] done in 1401ms @ http://localhost:3000/_next/static/chunks/node_modules_next_dist_1e8vcs8._.js:776
[  213124ms] [LOG] [Fast Refresh] done in 1401ms @ http://localhost:3000/_next/static/chunks/node_modules_next_dist_1e8vcs8._.js:776
[  213186ms] [LOG] [Fast Refresh] done in 1401ms @ http://localhost:3000/_next/static/chunks/node_modules_next_dist_1e8vcs8._.js:776
[  213264ms] [LOG] [Fast Refresh] done in 1401ms @ http://localhost:3000/_next/static/chunks/node_modules_next_dist_1e8vcs8._.js:776
[  213328ms] [LOG] [Fast Refresh] done in 1401ms @ http://localhost:3000/_next/static/chunks/node_modules_next_dist_1e8vcs8._.js:776
[  213389ms] [LOG] [Fast Refresh] done in 1401ms @ http://localhost:3000/_next/static/chunks/node_modules_next_dist_1e8vcs8._.js:776
[  213468ms] [LOG] [Fast Refresh] done in 1401ms @ http://localhost:3000/_next/static/chunks/node_modules_next_dist_1e8vcs8._.js:776
[  213530ms] [LOG] [Fast Refresh] done in 1401ms @ http://localhost:3000/_next/static/chunks/node_modules_next_dist_1e8vcs8._.js:776
[  213591ms] [LOG] [Fast Refresh] done in 1401ms @ http://localhost:3000/_next/static/chunks/node_modules_next_dist_1e8vcs8._.js:776
[  213654ms] [LOG] [Fast Refresh] done in 1401ms @ http://localhost:3000/_next/static/chunks/node_modules_next_dist_1e8vcs8._.js:776
[  213717ms] [LOG] [Fast Refresh] done in 1401ms @ http://localhost:3000/_next/static/chunks/node_modules_next_dist_1e8vcs8._.js:776
[  213779ms] [LOG] [Fast Refresh] done in 1401ms @ http://localhost:3000/_next/static/chunks/node_modules_next_dist_1e8vcs8._.js:776
[  213840ms] [LOG] [Fast Refresh] done in 1401ms @ http://localhost:3000/_next/static/chunks/node_modules_next_dist_1e8vcs8._.js:776
[  213902ms] [LOG] [Fast Refresh] done in 1401ms @ http://localhost:3000/_next/static/chunks/node_modules_next_dist_1e8vcs8._.js:776
[  213963ms] [LOG] [Fast Refresh] done in 1401ms @ http://localhost:3000/_next/static/chunks/node_modules_next_dist_1e8vcs8._.js:776
[  214026ms] [LOG] [Fast Refresh] done in 1401ms @ http://localhost:3000/_next/static/chunks/node_modules_next_dist_1e8vcs8._.js:776
[  214105ms] [LOG] [Fast Refresh] done in 1401ms @ http://localhost:3000/_next/static/chunks/node_modules_next_dist_1e8vcs8._.js:776
[  214166ms] [LOG] [Fast Refresh] done in 1401ms @ http://localhost:3000/_next/static/chunks/node_modules_next_dist_1e8vcs8._.js:776
[  214229ms] [LOG] [Fast Refresh] done in 1401ms @ http://localhost:3000/_next/static/chunks/node_modules_next_dist_1e8vcs8._.js:776
[  214291ms] [LOG] [Fast Refresh] done in 1401ms @ http://localhost:3000/_next/static/chunks/node_modules_next_dist_1e8vcs8._.js:776
[  214353ms] [LOG] [Fast Refresh] done in 1401ms @ http://localhost:3000/_next/static/chunks/node_modules_next_dist_1e8vcs8._.js:776
[  214431ms] [LOG] [Fast Refresh] done in 1401ms @ http://localhost:3000/_next/static/chunks/node_modules_next_dist_1e8vcs8._.js:776
[  214511ms] [LOG] [Fast Refresh] done in 1401ms @ http://localhost:3000/_next/static/chunks/node_modules_next_dist_1e8vcs8._.js:776
[  214572ms] [LOG] [Fast Refresh] done in 1401ms @ http://localhost:3000/_next/static/chunks/node_modules_next_dist_1e8vcs8._.js:776
[  214634ms] [LOG] [Fast Refresh] done in 1401ms @ http://localhost:3000/_next/static/chunks/node_modules_next_dist_1e8vcs8._.js:776
[  214696ms] [LOG] [Fast Refresh] done in 1401ms @ http://localhost:3000/_next/static/chunks/node_modules_next_dist_1e8vcs8._.js:776
[  214759ms] [LOG] [Fast Refresh] done in 1401ms @ http://localhost:3000/_next/static/chunks/node_modules_next_dist_1e8vcs8._.js:776
[  214822ms] [LOG] [Fast Refresh] done in 1401ms @ http://localhost:3000/_next/static/chunks/node_modules_next_dist_1e8vcs8._.js:776
[  214886ms] [LOG] [Fast Refresh] done in 1401ms @ http://localhost:3000/_next/static/chunks/node_modules_next_dist_1e8vcs8._.js:776
[  214988ms] [LOG] [Fast Refresh] done in 1401ms @ http://localhost:3000/_next/static/chunks/node_modules_next_dist_1e8vcs8._.js:776
[  215057ms] [LOG] [Fast Refresh] done in 1401ms @ http://localhost:3000/_next/static/chunks/node_modules_next_dist_1e8vcs8._.js:776
[  215120ms] [LOG] [Fast Refresh] done in 1401ms @ http://localhost:3000/_next/static/chunks/node_modules_next_dist_1e8vcs8._.js:776
[  215183ms] [LOG] [Fast Refresh] done in 1401ms @ http://localhost:3000/_next/static/chunks/node_modules_next_dist_1e8vcs8._.js:776
[  215246ms] [LOG] [Fast Refresh] done in 1401ms @ http://localhost:3000/_next/static/chunks/node_modules_next_dist_1e8vcs8._.js:776
[  215308ms] [LOG] [Fast Refresh] done in 1401ms @ http://localhost:3000/_next/static/chunks/node_modules_next_dist_1e8vcs8._.js:776
[  215372ms] [LOG] [Fast Refresh] done in 1401ms @ http://localhost:3000/_next/static/chunks/node_modules_next_dist_1e8vcs8._.js:776
[  215435ms] [LOG] [Fast Refresh] done in 1401ms @ http://localhost:3000/_next/static/chunks/node_modules_next_dist_1e8vcs8._.js:776
[  215497ms] [LOG] [Fast Refresh] done in 1401ms @ http://localhost:3000/_next/static/chunks/node_modules_next_dist_1e8vcs8._.js:776
[  215561ms] [LOG] [Fast Refresh] done in 1401ms @ http://localhost:3000/_next/static/chunks/node_modules_next_dist_1e8vcs8._.js:776
[  215622ms] [LOG] [Fast Refresh] done in 1401ms @ http://localhost:3000/_next/static/chunks/node_modules_next_dist_1e8vcs8._.js:776
[  215687ms] [LOG] [Fast Refresh] done in 1401ms @ http://localhost:3000/_next/static/chunks/node_modules_next_dist_1e8vcs8._.js:776
[  215749ms] [LOG] [Fast Refresh] done in 1401ms @ http://localhost:3000/_next/static/chunks/node_modules_next_dist_1e8vcs8._.js:776
[  215813ms] [LOG] [Fast Refresh] done in 1401ms @ http://localhost:3000/_next/static/chunks/node_modules_next_dist_1e8vcs8._.js:776
[  215877ms] [LOG] [Fast Refresh] done in 1401ms @ http://localhost:3000/_next/static/chunks/node_modules_next_dist_1e8vcs8._.js:776
[  215939ms] [LOG] [Fast Refresh] done in 1401ms @ http://localhost:3000/_next/static/chunks/node_modules_next_dist_1e8vcs8._.js:776
[  216001ms] [LOG] [Fast Refresh] done in 1401ms @ http://localhost:3000/_next/static/chunks/node_modules_next_dist_1e8vcs8._.js:776
[  216063ms] [LOG] [Fast Refresh] done in 1401ms @ http://localhost:3000/_next/static/chunks/node_modules_next_dist_1e8vcs8._.js:776
[  216126ms] [LOG] [Fast Refresh] done in 1401ms @ http://localhost:3000/_next/static/chunks/node_modules_next_dist_1e8vcs8._.js:776
[  216190ms] [LOG] [Fast Refresh] done in 1401ms @ http://localhost:3000/_next/static/chunks/node_modules_next_dist_1e8vcs8._.js:776
[  216252ms] [LOG] [Fast Refresh] done in 1401ms @ http://localhost:3000/_next/static/chunks/node_modules_next_dist_1e8vcs8._.js:776
[  216315ms] [LOG] [Fast Refresh] done in 1401ms @ http://localhost:3000/_next/static/chunks/node_modules_next_dist_1e8vcs8._.js:776
[  216378ms] [LOG] [Fast Refresh] done in 1401ms @ http://localhost:3000/_next/static/chunks/node_modules_next_dist_1e8vcs8._.js:776
[  216441ms] [LOG] [Fast Refresh] done in 1401ms @ http://localhost:3000/_next/static/chunks/node_modules_next_dist_1e8vcs8._.js:776
[  216504ms] [LOG] [Fast Refresh] done in 1401ms @ http://localhost:3000/_next/static/chunks/node_modules_next_dist_1e8vcs8._.js:776
[  216567ms] [LOG] [Fast Refresh] done in 1401ms @ http://localhost:3000/_next/static/chunks/node_modules_next_dist_1e8vcs8._.js:776
[  216630ms] [LOG] [Fast Refresh] done in 1401ms @ http://localhost:3000/_next/static/chunks/node_modules_next_dist_1e8vcs8._.js:776
[  216691ms] [LOG] [Fast Refresh] done in 1401ms @ http://localhost:3000/_next/static/chunks/node_modules_next_dist_1e8vcs8._.js:776
[  216767ms] [LOG] [Fast Refresh] done in 1401ms @ http://localhost:3000/_next/static/chunks/node_modules_next_dist_1e8vcs8._.js:776
[  216845ms] [LOG] [Fast Refresh] done in 1401ms @ http://localhost:3000/_next/static/chunks/node_modules_next_dist_1e8vcs8._.js:776
[  216923ms] [LOG] [Fast Refresh] done in 1401ms @ http://localhost:3000/_next/static/chunks/node_modules_next_dist_1e8vcs8._.js:776
[  216986ms] [LOG] [Fast Refresh] done in 1401ms @ http://localhost:3000/_next/static/chunks/node_modules_next_dist_1e8vcs8._.js:776
[  217065ms] [LOG] [Fast Refresh] done in 1401ms @ http://localhost:3000/_next/static/chunks/node_modules_next_dist_1e8vcs8._.js:776
[  217127ms] [LOG] [Fast Refresh] done in 1401ms @ http://localhost:3000/_next/static/chunks/node_modules_next_dist_1e8vcs8._.js:776
[  217191ms] [LOG] [Fast Refresh] done in 1401ms @ http://localhost:3000/_next/static/chunks/node_modules_next_dist_1e8vcs8._.js:776
[  217254ms] [LOG] [Fast Refresh] done in 1401ms @ http://localhost:3000/_next/static/chunks/node_modules_next_dist_1e8vcs8._.js:776
[  217317ms] [LOG] [Fast Refresh] done in 1401ms @ http://localhost:3000/_next/static/chunks/node_modules_next_dist_1e8vcs8._.js:776
[  217380ms] [LOG] [Fast Refresh] done in 1401ms @ http://localhost:3000/_next/static/chunks/node_modules_next_dist_1e8vcs8._.js:776
[  217444ms] [LOG] [Fast Refresh] done in 1401ms @ http://localhost:3000/_next/static/chunks/node_modules_next_dist_1e8vcs8._.js:776
[  217507ms] [LOG] [Fast Refresh] done in 1401ms @ http://localhost:3000/_next/static/chunks/node_modules_next_dist_1e8vcs8._.js:776
[  217571ms] [LOG] [Fast Refresh] done in 1401ms @ http://localhost:3000/_next/static/chunks/node_modules_next_dist_1e8vcs8._.js:776
[  217634ms] [LOG] [Fast Refresh] done in 1401ms @ http://localhost:3000/_next/static/chunks/node_modules_next_dist_1e8vcs8._.js:776
[  217697ms] [LOG] [Fast Refresh] done in 1401ms @ http://localhost:3000/_next/static/chunks/node_modules_next_dist_1e8vcs8._.js:776
[  217776ms] [LOG] [Fast Refresh] done in 1401ms @ http://localhost:3000/_next/static/chunks/node_modules_next_dist_1e8vcs8._.js:776
[  217840ms] [LOG] [Fast Refresh] done in 1401ms @ http://localhost:3000/_next/static/chunks/node_modules_next_dist_1e8vcs8._.js:776
[  217916ms] [LOG] [Fast Refresh] done in 1401ms @ http://localhost:3000/_next/static/chunks/node_modules_next_dist_1e8vcs8._.js:776
[  217979ms] [LOG] [Fast Refresh] done in 1401ms @ http://localhost:3000/_next/static/chunks/node_modules_next_dist_1e8vcs8._.js:776
[  218042ms] [LOG] [Fast Refresh] done in 1401ms @ http://localhost:3000/_next/static/chunks/node_modules_next_dist_1e8vcs8._.js:776
[  218104ms] [LOG] [Fast Refresh] done in 1401ms @ http://localhost:3000/_next/static/chunks/node_modules_next_dist_1e8vcs8._.js:776
[  218167ms] [LOG] [Fast Refresh] done in 1401ms @ http://localhost:3000/_next/static/chunks/node_modules_next_dist_1e8vcs8._.js:776
[  218230ms] [LOG] [Fast Refresh] done in 1401ms @ http://localhost:3000/_next/static/chunks/node_modules_next_dist_1e8vcs8._.js:776
[  218291ms] [LOG] [Fast Refresh] done in 1401ms @ http://localhost:3000/_next/static/chunks/node_modules_next_dist_1e8vcs8._.js:776
[  218354ms] [LOG] [Fast Refresh] done in 1401ms @ http://localhost:3000/_next/static/chunks/node_modules_next_dist_1e8vcs8._.js:776
[  218418ms] [LOG] [Fast Refresh] done in 1401ms @ http://localhost:3000/_next/static/chunks/node_modules_next_dist_1e8vcs8._.js:776
[  218481ms] [LOG] [Fast Refresh] done in 1401ms @ http://localhost:3000/_next/static/chunks/node_modules_next_dist_1e8vcs8._.js:776
[  218544ms] [LOG] [Fast Refresh] done in 1401ms @ http://localhost:3000/_next/static/chunks/node_modules_next_dist_1e8vcs8._.js:776
[  218607ms] [LOG] [Fast Refresh] done in 1401ms @ http://localhost:3000/_next/static/chunks/node_modules_next_dist_1e8vcs8._.js:776
[  218670ms] [LOG] [Fast Refresh] done in 1401ms @ http://localhost:3000/_next/static/chunks/node_modules_next_dist_1e8vcs8._.js:776
[  218732ms] [LOG] [Fast Refresh] done in 1401ms @ http://localhost:3000/_next/static/chunks/node_modules_next_dist_1e8vcs8._.js:776
[  218795ms] [LOG] [Fast Refresh] done in 1401ms @ http://localhost:3000/_next/static/chunks/node_modules_next_dist_1e8vcs8._.js:776
[  218874ms] [LOG] [Fast Refresh] done in 1401ms @ http://localhost:3000/_next/static/chunks/node_modules_next_dist_1e8vcs8._.js:776
[  218936ms] [LOG] [Fast Refresh] done in 1401ms @ http://localhost:3000/_next/static/chunks/node_modules_next_dist_1e8vcs8._.js:776
[  218997ms] [LOG] [Fast Refresh] done in 1401ms @ http://localhost:3000/_next/static/chunks/node_modules_next_dist_1e8vcs8._.js:776
[  219060ms] [LOG] [Fast Refresh] done in 1401ms @ http://localhost:3000/_next/static/chunks/node_modules_next_dist_1e8vcs8._.js:776
[  219124ms] [LOG] [Fast Refresh] done in 1401ms @ http://localhost:3000/_next/static/chunks/node_modules_next_dist_1e8vcs8._.js:776
[  219188ms] [LOG] [Fast Refresh] done in 1401ms @ http://localhost:3000/_next/static/chunks/node_modules_next_dist_1e8vcs8._.js:776
[  219252ms] [LOG] [Fast Refresh] done in 1401ms @ http://localhost:3000/_next/static/chunks/node_modules_next_dist_1e8vcs8._.js:776
[  219313ms] [LOG] [Fast Refresh] done in 1401ms @ http://localhost:3000/_next/static/chunks/node_modules_next_dist_1e8vcs8._.js:776
[  219392ms] [LOG] [Fast Refresh] done in 1401ms @ http://localhost:3000/_next/static/chunks/node_modules_next_dist_1e8vcs8._.js:776
[  219470ms] [LOG] [Fast Refresh] done in 1401ms @ http://localhost:3000/_next/static/chunks/node_modules_next_dist_1e8vcs8._.js:776
[  219548ms] [LOG] [Fast Refresh] done in 1401ms @ http://localhost:3000/_next/static/chunks/node_modules_next_dist_1e8vcs8._.js:776
[  219611ms] [LOG] [Fast Refresh] done in 1401ms @ http://localhost:3000/_next/static/chunks/node_modules_next_dist_1e8vcs8._.js:776
[  219689ms] [LOG] [Fast Refresh] done in 1401ms @ http://localhost:3000/_next/static/chunks/node_modules_next_dist_1e8vcs8._.js:776
[  219752ms] [LOG] [Fast Refresh] done in 1401ms @ http://localhost:3000/_next/static/chunks/node_modules_next_dist_1e8vcs8._.js:776
[  219816ms] [LOG] [Fast Refresh] done in 1401ms @ http://localhost:3000/_next/static/chunks/node_modules_next_dist_1e8vcs8._.js:776
[  219879ms] [LOG] [Fast Refresh] done in 1401ms @ http://localhost:3000/_next/static/chunks/node_modules_next_dist_1e8vcs8._.js:776
[  219943ms] [LOG] [Fast Refresh] done in 1401ms @ http://localhost:3000/_next/static/chunks/node_modules_next_dist_1e8vcs8._.js:776
[  220005ms] [LOG] [Fast Refresh] done in 1401ms @ http://localhost:3000/_next/static/chunks/node_modules_next_dist_1e8vcs8._.js:776
[  220066ms] [LOG] [Fast Refresh] done in 1401ms @ http://localhost:3000/_next/static/chunks/node_modules_next_dist_1e8vcs8._.js:776
[  220129ms] [LOG] [Fast Refresh] done in 1401ms @ http://localhost:3000/_next/static/chunks/node_modules_next_dist_1e8vcs8._.js:776
[  220191ms] [LOG] [Fast Refresh] done in 1401ms @ http://localhost:3000/_next/static/chunks/node_modules_next_dist_1e8vcs8._.js:776
[  220255ms] [LOG] [Fast Refresh] done in 1401ms @ http://localhost:3000/_next/static/chunks/node_modules_next_dist_1e8vcs8._.js:776
[  220321ms] [LOG] [Fast Refresh] done in 1401ms @ http://localhost:3000/_next/static/chunks/node_modules_next_dist_1e8vcs8._.js:776
[  220394ms] [LOG] [Fast Refresh] done in 1401ms @ http://localhost:3000/_next/static/chunks/node_modules_next_dist_1e8vcs8._.js:776
[  220463ms] [LOG] [Fast Refresh] done in 1401ms @ http://localhost:3000/_next/static/chunks/node_modules_next_dist_1e8vcs8._.js:776
[  220521ms] [LOG] [Fast Refresh] done in 1401ms @ http://localhost:3000/_next/static/chunks/node_modules_next_dist_1e8vcs8._.js:776
[  220584ms] [LOG] [Fast Refresh] done in 1401ms @ http://localhost:3000/_next/static/chunks/node_modules_next_dist_1e8vcs8._.js:776
[  220664ms] [LOG] [Fast Refresh] done in 1401ms @ http://localhost:3000/_next/static/chunks/node_modules_next_dist_1e8vcs8._.js:776
[  220726ms] [LOG] [Fast Refresh] done in 1401ms @ http://localhost:3000/_next/static/chunks/node_modules_next_dist_1e8vcs8._.js:776
[  220788ms] [LOG] [Fast Refresh] done in 1401ms @ http://localhost:3000/_next/static/chunks/node_modules_next_dist_1e8vcs8._.js:776
[  220850ms] [LOG] [Fast Refresh] done in 1401ms @ http://localhost:3000/_next/static/chunks/node_modules_next_dist_1e8vcs8._.js:776
[  220911ms] [LOG] [Fast Refresh] done in 1401ms @ http://localhost:3000/_next/static/chunks/node_modules_next_dist_1e8vcs8._.js:776
[  220973ms] [LOG] [Fast Refresh] done in 1401ms @ http://localhost:3000/_next/static/chunks/node_modules_next_dist_1e8vcs8._.js:776
[  221037ms] [LOG] [Fast Refresh] done in 1401ms @ http://localhost:3000/_next/static/chunks/node_modules_next_dist_1e8vcs8._.js:776
[  221099ms] [LOG] [Fast Refresh] done in 1401ms @ http://localhost:3000/_next/static/chunks/node_modules_next_dist_1e8vcs8._.js:776
[  221162ms] [LOG] [Fast Refresh] done in 1401ms @ http://localhost:3000/_next/static/chunks/node_modules_next_dist_1e8vcs8._.js:776
[  221225ms] [LOG] [Fast Refresh] done in 1401ms @ http://localhost:3000/_next/static/chunks/node_modules_next_dist_1e8vcs8._.js:776
[  221288ms] [LOG] [Fast Refresh] done in 1401ms @ http://localhost:3000/_next/static/chunks/node_modules_next_dist_1e8vcs8._.js:776
[  221350ms] [LOG] [Fast Refresh] done in 1401ms @ http://localhost:3000/_next/static/chunks/node_modules_next_dist_1e8vcs8._.js:776
[  221412ms] [LOG] [Fast Refresh] done in 1401ms @ http://localhost:3000/_next/static/chunks/node_modules_next_dist_1e8vcs8._.js:776
[  221475ms] [LOG] [Fast Refresh] done in 1401ms @ http://localhost:3000/_next/static/chunks/node_modules_next_dist_1e8vcs8._.js:776
[  221537ms] [LOG] [Fast Refresh] done in 1401ms @ http://localhost:3000/_next/static/chunks/node_modules_next_dist_1e8vcs8._.js:776
[  221616ms] [LOG] [Fast Refresh] done in 1401ms @ http://localhost:3000/_next/static/chunks/node_modules_next_dist_1e8vcs8._.js:776
[  221680ms] [LOG] [Fast Refresh] done in 1401ms @ http://localhost:3000/_next/static/chunks/node_modules_next_dist_1e8vcs8._.js:776
[  221743ms] [LOG] [Fast Refresh] done in 1401ms @ http://localhost:3000/_next/static/chunks/node_modules_next_dist_1e8vcs8._.js:776
[  221820ms] [LOG] [Fast Refresh] done in 1401ms @ http://localhost:3000/_next/static/chunks/node_modules_next_dist_1e8vcs8._.js:776
[  221896ms] [LOG] [Fast Refresh] done in 1401ms @ http://localhost:3000/_next/static/chunks/node_modules_next_dist_1e8vcs8._.js:776
[  221958ms] [LOG] [Fast Refresh] done in 1401ms @ http://localhost:3000/_next/static/chunks/node_modules_next_dist_1e8vcs8._.js:776
[  222056ms] [LOG] [Fast Refresh] done in 1401ms @ http://localhost:3000/_next/static/chunks/node_modules_next_dist_1e8vcs8._.js:776
[  222129ms] [LOG] [Fast Refresh] done in 1401ms @ http://localhost:3000/_next/static/chunks/node_modules_next_dist_1e8vcs8._.js:776
[  222191ms] [LOG] [Fast Refresh] done in 1401ms @ http://localhost:3000/_next/static/chunks/node_modules_next_dist_1e8vcs8._.js:776
[  222253ms] [LOG] [Fast Refresh] done in 1401ms @ http://localhost:3000/_next/static/chunks/node_modules_next_dist_1e8vcs8._.js:776
[  222317ms] [LOG] [Fast Refresh] done in 1401ms @ http://localhost:3000/_next/static/chunks/node_modules_next_dist_1e8vcs8._.js:776
[  222379ms] [LOG] [Fast Refresh] done in 1401ms @ http://localhost:3000/_next/static/chunks/node_modules_next_dist_1e8vcs8._.js:776
[  222442ms] [LOG] [Fast Refresh] done in 1401ms @ http://localhost:3000/_next/static/chunks/node_modules_next_dist_1e8vcs8._.js:776
[  222504ms] [LOG] [Fast Refresh] done in 1401ms @ http://localhost:3000/_next/static/chunks/node_modules_next_dist_1e8vcs8._.js:776
[  222567ms] [LOG] [Fast Refresh] done in 1401ms @ http://localhost:3000/_next/static/chunks/node_modules_next_dist_1e8vcs8._.js:776
[  222631ms] [LOG] [Fast Refresh] done in 1401ms @ http://localhost:3000/_next/static/chunks/node_modules_next_dist_1e8vcs8._.js:776
[  222695ms] [LOG] [Fast Refresh] done in 1401ms @ http://localhost:3000/_next/static/chunks/node_modules_next_dist_1e8vcs8._.js:776
[  222756ms] [LOG] [Fast Refresh] done in 1401ms @ http://localhost:3000/_next/static/chunks/node_modules_next_dist_1e8vcs8._.js:776
[  222833ms] [LOG] [Fast Refresh] done in 1401ms @ http://localhost:3000/_next/static/chunks/node_modules_next_dist_1e8vcs8._.js:776
[  222895ms] [LOG] [Fast Refresh] done in 1401ms @ http://localhost:3000/_next/static/chunks/node_modules_next_dist_1e8vcs8._.js:776
[  222958ms] [LOG] [Fast Refresh] done in 1401ms @ http://localhost:3000/_next/static/chunks/node_modules_next_dist_1e8vcs8._.js:776
[  223019ms] [LOG] [Fast Refresh] done in 1401ms @ http://localhost:3000/_next/static/chunks/node_modules_next_dist_1e8vcs8._.js:776
[  223082ms] [LOG] [Fast Refresh] done in 1401ms @ http://localhost:3000/_next/static/chunks/node_modules_next_dist_1e8vcs8._.js:776
[  223143ms] [LOG] [Fast Refresh] done in 1401ms @ http://localhost:3000/_next/static/chunks/node_modules_next_dist_1e8vcs8._.js:776
[  223207ms] [LOG] [Fast Refresh] done in 1401ms @ http://localhost:3000/_next/static/chunks/node_modules_next_dist_1e8vcs8._.js:776
[  223269ms] [LOG] [Fast Refresh] done in 1401ms @ http://localhost:3000/_next/static/chunks/node_modules_next_dist_1e8vcs8._.js:776
[  223331ms] [LOG] [Fast Refresh] done in 1401ms @ http://localhost:3000/_next/static/chunks/node_modules_next_dist_1e8vcs8._.js:776
[  223392ms] [LOG] [Fast Refresh] done in 1401ms @ http://localhost:3000/_next/static/chunks/node_modules_next_dist_1e8vcs8._.js:776
[  223456ms] [LOG] [Fast Refresh] done in 1401ms @ http://localhost:3000/_next/static/chunks/node_modules_next_dist_1e8vcs8._.js:776
[  223518ms] [LOG] [Fast Refresh] done in 1401ms @ http://localhost:3000/_next/static/chunks/node_modules_next_dist_1e8vcs8._.js:776
[  223582ms] [LOG] [Fast Refresh] done in 1401ms @ http://localhost:3000/_next/static/chunks/node_modules_next_dist_1e8vcs8._.js:776
[  223645ms] [LOG] [Fast Refresh] done in 1401ms @ http://localhost:3000/_next/static/chunks/node_modules_next_dist_1e8vcs8._.js:776
[  223707ms] [LOG] [Fast Refresh] done in 1401ms @ http://localhost:3000/_next/static/chunks/node_modules_next_dist_1e8vcs8._.js:776
[  223769ms] [LOG] [Fast Refresh] done in 1401ms @ http://localhost:3000/_next/static/chunks/node_modules_next_dist_1e8vcs8._.js:776
[  223831ms] [LOG] [Fast Refresh] done in 1401ms @ http://localhost:3000/_next/static/chunks/node_modules_next_dist_1e8vcs8._.js:776
[  223914ms] [LOG] [Fast Refresh] done in 1401ms @ http://localhost:3000/_next/static/chunks/node_modules_next_dist_1e8vcs8._.js:776
[  223972ms] [LOG] [Fast Refresh] done in 1401ms @ http://localhost:3000/_next/static/chunks/node_modules_next_dist_1e8vcs8._.js:776
[  224035ms] [LOG] [Fast Refresh] done in 1401ms @ http://localhost:3000/_next/static/chunks/node_modules_next_dist_1e8vcs8._.js:776
[  224113ms] [LOG] [Fast Refresh] done in 1401ms @ http://localhost:3000/_next/static/chunks/node_modules_next_dist_1e8vcs8._.js:776
[  224176ms] [LOG] [Fast Refresh] done in 1401ms @ http://localhost:3000/_next/static/chunks/node_modules_next_dist_1e8vcs8._.js:776
[  224256ms] [LOG] [Fast Refresh] done in 1401ms @ http://localhost:3000/_next/static/chunks/node_modules_next_dist_1e8vcs8._.js:776
[  224318ms] [LOG] [Fast Refresh] done in 1401ms @ http://localhost:3000/_next/static/chunks/node_modules_next_dist_1e8vcs8._.js:776
[  224380ms] [LOG] [Fast Refresh] done in 1401ms @ http://localhost:3000/_next/static/chunks/node_modules_next_dist_1e8vcs8._.js:776
[  224444ms] [LOG] [Fast Refresh] done in 1401ms @ http://localhost:3000/_next/static/chunks/node_modules_next_dist_1e8vcs8._.js:776
[  224505ms] [LOG] [Fast Refresh] done in 1401ms @ http://localhost:3000/_next/static/chunks/node_modules_next_dist_1e8vcs8._.js:776
[  224566ms] [LOG] [Fast Refresh] done in 1401ms @ http://localhost:3000/_next/static/chunks/node_modules_next_dist_1e8vcs8._.js:776
[  224630ms] [LOG] [Fast Refresh] done in 1401ms @ http://localhost:3000/_next/static/chunks/node_modules_next_dist_1e8vcs8._.js:776
[  224693ms] [LOG] [Fast Refresh] done in 1401ms @ http://localhost:3000/_next/static/chunks/node_modules_next_dist_1e8vcs8._.js:776
[  224755ms] [LOG] [Fast Refresh] done in 1401ms @ http://localhost:3000/_next/static/chunks/node_modules_next_dist_1e8vcs8._.js:776
[  224818ms] [LOG] [Fast Refresh] done in 1401ms @ http://localhost:3000/_next/static/chunks/node_modules_next_dist_1e8vcs8._.js:776
[  224880ms] [LOG] [Fast Refresh] done in 1401ms @ http://localhost:3000/_next/static/chunks/node_modules_next_dist_1e8vcs8._.js:776
[  224942ms] [LOG] [Fast Refresh] done in 1401ms @ http://localhost:3000/_next/static/chunks/node_modules_next_dist_1e8vcs8._.js:776
[  225004ms] [LOG] [Fast Refresh] done in 1401ms @ http://localhost:3000/_next/static/chunks/node_modules_next_dist_1e8vcs8._.js:776
[  225067ms] [LOG] [Fast Refresh] done in 1401ms @ http://localhost:3000/_next/static/chunks/node_modules_next_dist_1e8vcs8._.js:776
[  225131ms] [LOG] [Fast Refresh] done in 1401ms @ http://localhost:3000/_next/static/chunks/node_modules_next_dist_1e8vcs8._.js:776
[  225212ms] [LOG] [Fast Refresh] done in 1401ms @ http://localhost:3000/_next/static/chunks/node_modules_next_dist_1e8vcs8._.js:776
[  225289ms] [LOG] [Fast Refresh] done in 1401ms @ http://localhost:3000/_next/static/chunks/node_modules_next_dist_1e8vcs8._.js:776
[  225369ms] [LOG] [Fast Refresh] done in 1401ms @ http://localhost:3000/_next/static/chunks/node_modules_next_dist_1e8vcs8._.js:776
[  225452ms] [LOG] [Fast Refresh] done in 1401ms @ http://localhost:3000/_next/static/chunks/node_modules_next_dist_1e8vcs8._.js:776
[  225526ms] [LOG] [Fast Refresh] done in 1401ms @ http://localhost:3000/_next/static/chunks/node_modules_next_dist_1e8vcs8._.js:776
[  225590ms] [LOG] [Fast Refresh] done in 1401ms @ http://localhost:3000/_next/static/chunks/node_modules_next_dist_1e8vcs8._.js:776
[  225653ms] [LOG] [Fast Refresh] done in 1401ms @ http://localhost:3000/_next/static/chunks/node_modules_next_dist_1e8vcs8._.js:776
[  225730ms] [LOG] [Fast Refresh] done in 1401ms @ http://localhost:3000/_next/static/chunks/node_modules_next_dist_1e8vcs8._.js:776
[  225793ms] [LOG] [Fast Refresh] done in 1401ms @ http://localhost:3000/_next/static/chunks/node_modules_next_dist_1e8vcs8._.js:776
[  225856ms] [LOG] [Fast Refresh] done in 1401ms @ http://localhost:3000/_next/static/chunks/node_modules_next_dist_1e8vcs8._.js:776
[  225917ms] [LOG] [Fast Refresh] done in 1401ms @ http://localhost:3000/_next/static/chunks/node_modules_next_dist_1e8vcs8._.js:776
[  225981ms] [LOG] [Fast Refresh] done in 1401ms @ http://localhost:3000/_next/static/chunks/node_modules_next_dist_1e8vcs8._.js:776
[  226044ms] [LOG] [Fast Refresh] done in 1401ms @ http://localhost:3000/_next/static/chunks/node_modules_next_dist_1e8vcs8._.js:776
[  226106ms] [LOG] [Fast Refresh] done in 1401ms @ http://localhost:3000/_next/static/chunks/node_modules_next_dist_1e8vcs8._.js:776
[  226170ms] [LOG] [Fast Refresh] done in 1401ms @ http://localhost:3000/_next/static/chunks/node_modules_next_dist_1e8vcs8._.js:776
[  226233ms] [LOG] [Fast Refresh] done in 1401ms @ http://localhost:3000/_next/static/chunks/node_modules_next_dist_1e8vcs8._.js:776
[  226295ms] [LOG] [Fast Refresh] done in 1401ms @ http://localhost:3000/_next/static/chunks/node_modules_next_dist_1e8vcs8._.js:776
[  226374ms] [LOG] [Fast Refresh] done in 1401ms @ http://localhost:3000/_next/static/chunks/node_modules_next_dist_1e8vcs8._.js:776
[  226437ms] [LOG] [Fast Refresh] done in 1401ms @ http://localhost:3000/_next/static/chunks/node_modules_next_dist_1e8vcs8._.js:776
[  226499ms] [LOG] [Fast Refresh] done in 1401ms @ http://localhost:3000/_next/static/chunks/node_modules_next_dist_1e8vcs8._.js:776
[  226563ms] [LOG] [Fast Refresh] done in 1401ms @ http://localhost:3000/_next/static/chunks/node_modules_next_dist_1e8vcs8._.js:776
[  226642ms] [LOG] [Fast Refresh] done in 1401ms @ http://localhost:3000/_next/static/chunks/node_modules_next_dist_1e8vcs8._.js:776
[  226705ms] [LOG] [Fast Refresh] done in 1401ms @ http://localhost:3000/_next/static/chunks/node_modules_next_dist_1e8vcs8._.js:776
[  226767ms] [LOG] [Fast Refresh] done in 1401ms @ http://localhost:3000/_next/static/chunks/node_modules_next_dist_1e8vcs8._.js:776
[  226831ms] [LOG] [Fast Refresh] done in 1401ms @ http://localhost:3000/_next/static/chunks/node_modules_next_dist_1e8vcs8._.js:776
[  226892ms] [LOG] [Fast Refresh] done in 1401ms @ http://localhost:3000/_next/static/chunks/node_modules_next_dist_1e8vcs8._.js:776
[  226955ms] [LOG] [Fast Refresh] done in 1401ms @ http://localhost:3000/_next/static/chunks/node_modules_next_dist_1e8vcs8._.js:776
[  227018ms] [LOG] [Fast Refresh] done in 1401ms @ http://localhost:3000/_next/static/chunks/node_modules_next_dist_1e8vcs8._.js:776
[  227081ms] [LOG] [Fast Refresh] done in 1401ms @ http://localhost:3000/_next/static/chunks/node_modules_next_dist_1e8vcs8._.js:776
[  227144ms] [LOG] [Fast Refresh] done in 1401ms @ http://localhost:3000/_next/static/chunks/node_modules_next_dist_1e8vcs8._.js:776
[  227221ms] [LOG] [Fast Refresh] done in 1401ms @ http://localhost:3000/_next/static/chunks/node_modules_next_dist_1e8vcs8._.js:776
[  227285ms] [LOG] [Fast Refresh] done in 1401ms @ http://localhost:3000/_next/static/chunks/node_modules_next_dist_1e8vcs8._.js:776
[  227347ms] [LOG] [Fast Refresh] done in 1401ms @ http://localhost:3000/_next/static/chunks/node_modules_next_dist_1e8vcs8._.js:776
[  227410ms] [LOG] [Fast Refresh] done in 1401ms @ http://localhost:3000/_next/static/chunks/node_modules_next_dist_1e8vcs8._.js:776
[  227473ms] [LOG] [Fast Refresh] done in 1401ms @ http://localhost:3000/_next/static/chunks/node_modules_next_dist_1e8vcs8._.js:776
[  227551ms] [LOG] [Fast Refresh] done in 1401ms @ http://localhost:3000/_next/static/chunks/node_modules_next_dist_1e8vcs8._.js:776
[  227614ms] [LOG] [Fast Refresh] done in 1401ms @ http://localhost:3000/_next/static/chunks/node_modules_next_dist_1e8vcs8._.js:776
[  227677ms] [LOG] [Fast Refresh] done in 1401ms @ http://localhost:3000/_next/static/chunks/node_modules_next_dist_1e8vcs8._.js:776
[  227741ms] [LOG] [Fast Refresh] done in 1401ms @ http://localhost:3000/_next/static/chunks/node_modules_next_dist_1e8vcs8._.js:776
[  227803ms] [LOG] [Fast Refresh] done in 1401ms @ http://localhost:3000/_next/static/chunks/node_modules_next_dist_1e8vcs8._.js:776
[  227883ms] [LOG] [Fast Refresh] done in 1401ms @ http://localhost:3000/_next/static/chunks/node_modules_next_dist_1e8vcs8._.js:776
[  227960ms] [LOG] [Fast Refresh] done in 1401ms @ http://localhost:3000/_next/static/chunks/node_modules_next_dist_1e8vcs8._.js:776
[  228023ms] [LOG] [Fast Refresh] done in 1401ms @ http://localhost:3000/_next/static/chunks/node_modules_next_dist_1e8vcs8._.js:776
[  228086ms] [LOG] [Fast Refresh] done in 1401ms @ http://localhost:3000/_next/static/chunks/node_modules_next_dist_1e8vcs8._.js:776
[  228147ms] [LOG] [Fast Refresh] done in 1401ms @ http://localhost:3000/_next/static/chunks/node_modules_next_dist_1e8vcs8._.js:776
[  228209ms] [LOG] [Fast Refresh] done in 1401ms @ http://localhost:3000/_next/static/chunks/node_modules_next_dist_1e8vcs8._.js:776
[  228273ms] [LOG] [Fast Refresh] done in 1401ms @ http://localhost:3000/_next/static/chunks/node_modules_next_dist_1e8vcs8._.js:776
[  228335ms] [LOG] [Fast Refresh] done in 1401ms @ http://localhost:3000/_next/static/chunks/node_modules_next_dist_1e8vcs8._.js:776
[  228398ms] [LOG] [Fast Refresh] done in 1401ms @ http://localhost:3000/_next/static/chunks/node_modules_next_dist_1e8vcs8._.js:776
[  228461ms] [LOG] [Fast Refresh] done in 1401ms @ http://localhost:3000/_next/static/chunks/node_modules_next_dist_1e8vcs8._.js:776
[  228539ms] [LOG] [Fast Refresh] done in 1401ms @ http://localhost:3000/_next/static/chunks/node_modules_next_dist_1e8vcs8._.js:776
[  228603ms] [LOG] [Fast Refresh] done in 1401ms @ http://localhost:3000/_next/static/chunks/node_modules_next_dist_1e8vcs8._.js:776
[  228666ms] [LOG] [Fast Refresh] done in 1401ms @ http://localhost:3000/_next/static/chunks/node_modules_next_dist_1e8vcs8._.js:776
[  228729ms] [LOG] [Fast Refresh] done in 1401ms @ http://localhost:3000/_next/static/chunks/node_modules_next_dist_1e8vcs8._.js:776
[  228791ms] [LOG] [Fast Refresh] done in 1401ms @ http://localhost:3000/_next/static/chunks/node_modules_next_dist_1e8vcs8._.js:776
[  228854ms] [LOG] [Fast Refresh] done in 1401ms @ http://localhost:3000/_next/static/chunks/node_modules_next_dist_1e8vcs8._.js:776
[  228916ms] [LOG] [Fast Refresh] done in 1401ms @ http://localhost:3000/_next/static/chunks/node_modules_next_dist_1e8vcs8._.js:776
[  229064ms] [LOG] [Fast Refresh] done in 1401ms @ http://localhost:3000/_next/static/chunks/node_modules_next_dist_1e8vcs8._.js:776
[  229151ms] [LOG] [Fast Refresh] done in 1401ms @ http://localhost:3000/_next/static/chunks/node_modules_next_dist_1e8vcs8._.js:776
[  229212ms] [LOG] [Fast Refresh] done in 1401ms @ http://localhost:3000/_next/static/chunks/node_modules_next_dist_1e8vcs8._.js:776
[  229275ms] [LOG] [Fast Refresh] done in 1401ms @ http://localhost:3000/_next/static/chunks/node_modules_next_dist_1e8vcs8._.js:776
[  229337ms] [LOG] [Fast Refresh] done in 1401ms @ http://localhost:3000/_next/static/chunks/node_modules_next_dist_1e8vcs8._.js:776
[  229399ms] [LOG] [Fast Refresh] done in 1401ms @ http://localhost:3000/_next/static/chunks/node_modules_next_dist_1e8vcs8._.js:776
[  229463ms] [LOG] [Fast Refresh] done in 1401ms @ http://localhost:3000/_next/static/chunks/node_modules_next_dist_1e8vcs8._.js:776
[  229525ms] [LOG] [Fast Refresh] done in 1401ms @ http://localhost:3000/_next/static/chunks/node_modules_next_dist_1e8vcs8._.js:776
[  229589ms] [LOG] [Fast Refresh] done in 1401ms @ http://localhost:3000/_next/static/chunks/node_modules_next_dist_1e8vcs8._.js:776
[  229652ms] [LOG] [Fast Refresh] done in 1401ms @ http://localhost:3000/_next/static/chunks/node_modules_next_dist_1e8vcs8._.js:776
[  229714ms] [LOG] [Fast Refresh] done in 1401ms @ http://localhost:3000/_next/static/chunks/node_modules_next_dist_1e8vcs8._.js:776
[  229776ms] [LOG] [Fast Refresh] done in 1401ms @ http://localhost:3000/_next/static/chunks/node_modules_next_dist_1e8vcs8._.js:776
[  229839ms] [LOG] [Fast Refresh] done in 1401ms @ http://localhost:3000/_next/static/chunks/node_modules_next_dist_1e8vcs8._.js:776
[  229900ms] [LOG] [Fast Refresh] done in 1401ms @ http://localhost:3000/_next/static/chunks/node_modules_next_dist_1e8vcs8._.js:776
[  229964ms] [LOG] [Fast Refresh] done in 1401ms @ http://localhost:3000/_next/static/chunks/node_modules_next_dist_1e8vcs8._.js:776
[  230027ms] [LOG] [Fast Refresh] done in 1401ms @ http://localhost:3000/_next/static/chunks/node_modules_next_dist_1e8vcs8._.js:776
[  230090ms] [LOG] [Fast Refresh] done in 1401ms @ http://localhost:3000/_next/static/chunks/node_modules_next_dist_1e8vcs8._.js:776
[  230152ms] [LOG] [Fast Refresh] done in 1401ms @ http://localhost:3000/_next/static/chunks/node_modules_next_dist_1e8vcs8._.js:776
[  230216ms] [LOG] [Fast Refresh] done in 1401ms @ http://localhost:3000/_next/static/chunks/node_modules_next_dist_1e8vcs8._.js:776
[  230294ms] [LOG] [Fast Refresh] done in 1401ms @ http://localhost:3000/_next/static/chunks/node_modules_next_dist_1e8vcs8._.js:776
[  230355ms] [LOG] [Fast Refresh] done in 1401ms @ http://localhost:3000/_next/static/chunks/node_modules_next_dist_1e8vcs8._.js:776
[  230418ms] [LOG] [Fast Refresh] done in 1401ms @ http://localhost:3000/_next/static/chunks/node_modules_next_dist_1e8vcs8._.js:776
[  230481ms] [LOG] [Fast Refresh] done in 1401ms @ http://localhost:3000/_next/static/chunks/node_modules_next_dist_1e8vcs8._.js:776
[  230544ms] [LOG] [Fast Refresh] done in 1401ms @ http://localhost:3000/_next/static/chunks/node_modules_next_dist_1e8vcs8._.js:776
[  230607ms] [LOG] [Fast Refresh] done in 1401ms @ http://localhost:3000/_next/static/chunks/node_modules_next_dist_1e8vcs8._.js:776
[  230670ms] [LOG] [Fast Refresh] done in 1401ms @ http://localhost:3000/_next/static/chunks/node_modules_next_dist_1e8vcs8._.js:776
[  230732ms] [LOG] [Fast Refresh] done in 1401ms @ http://localhost:3000/_next/static/chunks/node_modules_next_dist_1e8vcs8._.js:776
[  230794ms] [LOG] [Fast Refresh] done in 1401ms @ http://localhost:3000/_next/static/chunks/node_modules_next_dist_1e8vcs8._.js:776
[  230857ms] [LOG] [Fast Refresh] done in 1401ms @ http://localhost:3000/_next/static/chunks/node_modules_next_dist_1e8vcs8._.js:776
[  230918ms] [LOG] [Fast Refresh] done in 1401ms @ http://localhost:3000/_next/static/chunks/node_modules_next_dist_1e8vcs8._.js:776
[  230981ms] [LOG] [Fast Refresh] done in 1401ms @ http://localhost:3000/_next/static/chunks/node_modules_next_dist_1e8vcs8._.js:776
[  231044ms] [LOG] [Fast Refresh] done in 1401ms @ http://localhost:3000/_next/static/chunks/node_modules_next_dist_1e8vcs8._.js:776
[  231121ms] [LOG] [Fast Refresh] done in 1401ms @ http://localhost:3000/_next/static/chunks/node_modules_next_dist_1e8vcs8._.js:776
[  231184ms] [LOG] [Fast Refresh] done in 1401ms @ http://localhost:3000/_next/static/chunks/node_modules_next_dist_1e8vcs8._.js:776
[  231245ms] [LOG] [Fast Refresh] done in 1401ms @ http://localhost:3000/_next/static/chunks/node_modules_next_dist_1e8vcs8._.js:776
[  231308ms] [LOG] [Fast Refresh] done in 1401ms @ http://localhost:3000/_next/static/chunks/node_modules_next_dist_1e8vcs8._.js:776
[  231371ms] [LOG] [Fast Refresh] done in 1401ms @ http://localhost:3000/_next/static/chunks/node_modules_next_dist_1e8vcs8._.js:776
[  231450ms] [LOG] [Fast Refresh] done in 1401ms @ http://localhost:3000/_next/static/chunks/node_modules_next_dist_1e8vcs8._.js:776
[  231512ms] [LOG] [Fast Refresh] done in 1401ms @ http://localhost:3000/_next/static/chunks/node_modules_next_dist_1e8vcs8._.js:776
[  231574ms] [LOG] [Fast Refresh] done in 1401ms @ http://localhost:3000/_next/static/chunks/node_modules_next_dist_1e8vcs8._.js:776
[  231637ms] [LOG] [Fast Refresh] done in 1401ms @ http://localhost:3000/_next/static/chunks/node_modules_next_dist_1e8vcs8._.js:776
[  231700ms] [LOG] [Fast Refresh] done in 1401ms @ http://localhost:3000/_next/static/chunks/node_modules_next_dist_1e8vcs8._.js:776
[  231760ms] [LOG] [Fast Refresh] done in 1401ms @ http://localhost:3000/_next/static/chunks/node_modules_next_dist_1e8vcs8._.js:776
[  231825ms] [LOG] [Fast Refresh] done in 1401ms @ http://localhost:3000/_next/static/chunks/node_modules_next_dist_1e8vcs8._.js:776
[  231888ms] [LOG] [Fast Refresh] done in 1401ms @ http://localhost:3000/_next/static/chunks/node_modules_next_dist_1e8vcs8._.js:776
[  231950ms] [LOG] [Fast Refresh] done in 1401ms @ http://localhost:3000/_next/static/chunks/node_modules_next_dist_1e8vcs8._.js:776
[  232014ms] [LOG] [Fast Refresh] done in 1401ms @ http://localhost:3000/_next/static/chunks/node_modules_next_dist_1e8vcs8._.js:776
[  232078ms] [LOG] [Fast Refresh] done in 1401ms @ http://localhost:3000/_next/static/chunks/node_modules_next_dist_1e8vcs8._.js:776
[  232139ms] [LOG] [Fast Refresh] done in 1401ms @ http://localhost:3000/_next/static/chunks/node_modules_next_dist_1e8vcs8._.js:776
[  232202ms] [LOG] [Fast Refresh] done in 1401ms @ http://localhost:3000/_next/static/chunks/node_modules_next_dist_1e8vcs8._.js:776
[  232281ms] [LOG] [Fast Refresh] done in 1401ms @ http://localhost:3000/_next/static/chunks/node_modules_next_dist_1e8vcs8._.js:776
[  232357ms] [LOG] [Fast Refresh] done in 1401ms @ http://localhost:3000/_next/static/chunks/node_modules_next_dist_1e8vcs8._.js:776
[  232418ms] [LOG] [Fast Refresh] done in 1401ms @ http://localhost:3000/_next/static/chunks/node_modules_next_dist_1e8vcs8._.js:776
[  232483ms] [LOG] [Fast Refresh] done in 1401ms @ http://localhost:3000/_next/static/chunks/node_modules_next_dist_1e8vcs8._.js:776
[  232546ms] [LOG] [Fast Refresh] done in 1401ms @ http://localhost:3000/_next/static/chunks/node_modules_next_dist_1e8vcs8._.js:776
[  232610ms] [LOG] [Fast Refresh] done in 1401ms @ http://localhost:3000/_next/static/chunks/node_modules_next_dist_1e8vcs8._.js:776
[  232672ms] [LOG] [Fast Refresh] done in 1401ms @ http://localhost:3000/_next/static/chunks/node_modules_next_dist_1e8vcs8._.js:776
[  232735ms] [LOG] [Fast Refresh] done in 1401ms @ http://localhost:3000/_next/static/chunks/node_modules_next_dist_1e8vcs8._.js:776
[  232797ms] [LOG] [Fast Refresh] done in 1401ms @ http://localhost:3000/_next/static/chunks/node_modules_next_dist_1e8vcs8._.js:776
[  232861ms] [LOG] [Fast Refresh] done in 1401ms @ http://localhost:3000/_next/static/chunks/node_modules_next_dist_1e8vcs8._.js:776
[  232924ms] [LOG] [Fast Refresh] done in 1401ms @ http://localhost:3000/_next/static/chunks/node_modules_next_dist_1e8vcs8._.js:776
[  232987ms] [LOG] [Fast Refresh] done in 1401ms @ http://localhost:3000/_next/static/chunks/node_modules_next_dist_1e8vcs8._.js:776
[  233050ms] [LOG] [Fast Refresh] done in 1401ms @ http://localhost:3000/_next/static/chunks/node_modules_next_dist_1e8vcs8._.js:776
[  233112ms] [LOG] [Fast Refresh] done in 1401ms @ http://localhost:3000/_next/static/chunks/node_modules_next_dist_1e8vcs8._.js:776
[  233175ms] [LOG] [Fast Refresh] done in 1401ms @ http://localhost:3000/_next/static/chunks/node_modules_next_dist_1e8vcs8._.js:776
[  233238ms] [LOG] [Fast Refresh] done in 1401ms @ http://localhost:3000/_next/static/chunks/node_modules_next_dist_1e8vcs8._.js:776
[  233299ms] [LOG] [Fast Refresh] done in 1401ms @ http://localhost:3000/_next/static/chunks/node_modules_next_dist_1e8vcs8._.js:776
[  233362ms] [LOG] [Fast Refresh] done in 1401ms @ http://localhost:3000/_next/static/chunks/node_modules_next_dist_1e8vcs8._.js:776
[  233440ms] [LOG] [Fast Refresh] done in 1401ms @ http://localhost:3000/_next/static/chunks/node_modules_next_dist_1e8vcs8._.js:776
[  233505ms] [LOG] [Fast Refresh] done in 1401ms @ http://localhost:3000/_next/static/chunks/node_modules_next_dist_1e8vcs8._.js:776
[  233566ms] [LOG] [Fast Refresh] done in 1401ms @ http://localhost:3000/_next/static/chunks/node_modules_next_dist_1e8vcs8._.js:776
[  233629ms] [LOG] [Fast Refresh] done in 1401ms @ http://localhost:3000/_next/static/chunks/node_modules_next_dist_1e8vcs8._.js:776
[  233693ms] [LOG] [Fast Refresh] done in 1401ms @ http://localhost:3000/_next/static/chunks/node_modules_next_dist_1e8vcs8._.js:776
[  233772ms] [LOG] [Fast Refresh] done in 1401ms @ http://localhost:3000/_next/static/chunks/node_modules_next_dist_1e8vcs8._.js:776
[  233834ms] [LOG] [Fast Refresh] done in 1401ms @ http://localhost:3000/_next/static/chunks/node_modules_next_dist_1e8vcs8._.js:776
[  233922ms] [LOG] [Fast Refresh] done in 1401ms @ http://localhost:3000/_next/static/chunks/node_modules_next_dist_1e8vcs8._.js:776
[  233992ms] [LOG] [Fast Refresh] done in 1401ms @ http://localhost:3000/_next/static/chunks/node_modules_next_dist_1e8vcs8._.js:776
[  234055ms] [LOG] [Fast Refresh] done in 1401ms @ http://localhost:3000/_next/static/chunks/node_modules_next_dist_1e8vcs8._.js:776
[  234118ms] [LOG] [Fast Refresh] done in 1401ms @ http://localhost:3000/_next/static/chunks/node_modules_next_dist_1e8vcs8._.js:776
[  234180ms] [LOG] [Fast Refresh] done in 1401ms @ http://localhost:3000/_next/static/chunks/node_modules_next_dist_1e8vcs8._.js:776
[  234243ms] [LOG] [Fast Refresh] done in 1401ms @ http://localhost:3000/_next/static/chunks/node_modules_next_dist_1e8vcs8._.js:776
[  234306ms] [LOG] [Fast Refresh] done in 1401ms @ http://localhost:3000/_next/static/chunks/node_modules_next_dist_1e8vcs8._.js:776
[  234369ms] [LOG] [Fast Refresh] done in 1401ms @ http://localhost:3000/_next/static/chunks/node_modules_next_dist_1e8vcs8._.js:776
[  234431ms] [LOG] [Fast Refresh] done in 1401ms @ http://localhost:3000/_next/static/chunks/node_modules_next_dist_1e8vcs8._.js:776
[  234495ms] [LOG] [Fast Refresh] done in 1401ms @ http://localhost:3000/_next/static/chunks/node_modules_next_dist_1e8vcs8._.js:776
[  234557ms] [LOG] [Fast Refresh] done in 1401ms @ http://localhost:3000/_next/static/chunks/node_modules_next_dist_1e8vcs8._.js:776
[  234620ms] [LOG] [Fast Refresh] done in 1401ms @ http://localhost:3000/_next/static/chunks/node_modules_next_dist_1e8vcs8._.js:776
[  234681ms] [LOG] [Fast Refresh] done in 1401ms @ http://localhost:3000/_next/static/chunks/node_modules_next_dist_1e8vcs8._.js:776
[  234762ms] [LOG] [Fast Refresh] done in 1401ms @ http://localhost:3000/_next/static/chunks/node_modules_next_dist_1e8vcs8._.js:776
[  234828ms] [LOG] [Fast Refresh] done in 1401ms @ http://localhost:3000/_next/static/chunks/node_modules_next_dist_1e8vcs8._.js:776
[  234885ms] [LOG] [Fast Refresh] done in 1401ms @ http://localhost:3000/_next/static/chunks/node_modules_next_dist_1e8vcs8._.js:776
[  234964ms] [LOG] [Fast Refresh] done in 1401ms @ http://localhost:3000/_next/static/chunks/node_modules_next_dist_1e8vcs8._.js:776
[  235045ms] [LOG] [Fast Refresh] done in 1401ms @ http://localhost:3000/_next/static/chunks/node_modules_next_dist_1e8vcs8._.js:776
[  235104ms] [LOG] [Fast Refresh] done in 1401ms @ http://localhost:3000/_next/static/chunks/node_modules_next_dist_1e8vcs8._.js:776
[  235182ms] [LOG] [Fast Refresh] done in 1401ms @ http://localhost:3000/_next/static/chunks/node_modules_next_dist_1e8vcs8._.js:776
[  235244ms] [LOG] [Fast Refresh] done in 1401ms @ http://localhost:3000/_next/static/chunks/node_modules_next_dist_1e8vcs8._.js:776
[  235324ms] [LOG] [Fast Refresh] done in 1401ms @ http://localhost:3000/_next/static/chunks/node_modules_next_dist_1e8vcs8._.js:776
[  235401ms] [LOG] [Fast Refresh] done in 1401ms @ http://localhost:3000/_next/static/chunks/node_modules_next_dist_1e8vcs8._.js:776
[  235481ms] [LOG] [Fast Refresh] done in 1401ms @ http://localhost:3000/_next/static/chunks/node_modules_next_dist_1e8vcs8._.js:776
[  235560ms] [LOG] [Fast Refresh] done in 1401ms @ http://localhost:3000/_next/static/chunks/node_modules_next_dist_1e8vcs8._.js:776
[  235622ms] [LOG] [Fast Refresh] done in 1401ms @ http://localhost:3000/_next/static/chunks/node_modules_next_dist_1e8vcs8._.js:776
[  235684ms] [LOG] [Fast Refresh] done in 1401ms @ http://localhost:3000/_next/static/chunks/node_modules_next_dist_1e8vcs8._.js:776
[  235762ms] [LOG] [Fast Refresh] done in 1401ms @ http://localhost:3000/_next/static/chunks/node_modules_next_dist_1e8vcs8._.js:776
[  235840ms] [LOG] [Fast Refresh] done in 1401ms @ http://localhost:3000/_next/static/chunks/node_modules_next_dist_1e8vcs8._.js:776
[  236005ms] [LOG] [Fast Refresh] done in 1401ms @ http://localhost:3000/_next/static/chunks/node_modules_next_dist_1e8vcs8._.js:776
[  236091ms] [LOG] [Fast Refresh] done in 1401ms @ http://localhost:3000/_next/static/chunks/node_modules_next_dist_1e8vcs8._.js:776
[  236157ms] [LOG] [Fast Refresh] done in 1401ms @ http://localhost:3000/_next/static/chunks/node_modules_next_dist_1e8vcs8._.js:776
[  236218ms] [LOG] [Fast Refresh] done in 1401ms @ http://localhost:3000/_next/static/chunks/node_modules_next_dist_1e8vcs8._.js:776
[  236281ms] [LOG] [Fast Refresh] done in 1401ms @ http://localhost:3000/_next/static/chunks/node_modules_next_dist_1e8vcs8._.js:776
[  236343ms] [LOG] [Fast Refresh] done in 1401ms @ http://localhost:3000/_next/static/chunks/node_modules_next_dist_1e8vcs8._.js:776
[  236421ms] [LOG] [Fast Refresh] done in 1401ms @ http://localhost:3000/_next/static/chunks/node_modules_next_dist_1e8vcs8._.js:776
[  236501ms] [LOG] [Fast Refresh] done in 1401ms @ http://localhost:3000/_next/static/chunks/node_modules_next_dist_1e8vcs8._.js:776
[  236565ms] [LOG] [Fast Refresh] done in 1401ms @ http://localhost:3000/_next/static/chunks/node_modules_next_dist_1e8vcs8._.js:776
[  236642ms] [LOG] [Fast Refresh] done in 1401ms @ http://localhost:3000/_next/static/chunks/node_modules_next_dist_1e8vcs8._.js:776
[  236705ms] [LOG] [Fast Refresh] done in 1401ms @ http://localhost:3000/_next/static/chunks/node_modules_next_dist_1e8vcs8._.js:776
[  236767ms] [LOG] [Fast Refresh] done in 1401ms @ http://localhost:3000/_next/static/chunks/node_modules_next_dist_1e8vcs8._.js:776
[  236829ms] [LOG] [Fast Refresh] done in 1401ms @ http://localhost:3000/_next/static/chunks/node_modules_next_dist_1e8vcs8._.js:776
[  236892ms] [LOG] [Fast Refresh] done in 1401ms @ http://localhost:3000/_next/static/chunks/node_modules_next_dist_1e8vcs8._.js:776
[  236956ms] [LOG] [Fast Refresh] done in 1401ms @ http://localhost:3000/_next/static/chunks/node_modules_next_dist_1e8vcs8._.js:776
[  237020ms] [LOG] [Fast Refresh] done in 1401ms @ http://localhost:3000/_next/static/chunks/node_modules_next_dist_1e8vcs8._.js:776
[  237097ms] [LOG] [Fast Refresh] done in 1401ms @ http://localhost:3000/_next/static/chunks/node_modules_next_dist_1e8vcs8._.js:776
[  237159ms] [LOG] [Fast Refresh] done in 1401ms @ http://localhost:3000/_next/static/chunks/node_modules_next_dist_1e8vcs8._.js:776
[  237222ms] [LOG] [Fast Refresh] done in 1401ms @ http://localhost:3000/_next/static/chunks/node_modules_next_dist_1e8vcs8._.js:776
[  237285ms] [LOG] [Fast Refresh] done in 1401ms @ http://localhost:3000/_next/static/chunks/node_modules_next_dist_1e8vcs8._.js:776
[  237348ms] [LOG] [Fast Refresh] done in 1401ms @ http://localhost:3000/_next/static/chunks/node_modules_next_dist_1e8vcs8._.js:776
[  237426ms] [LOG] [Fast Refresh] done in 1401ms @ http://localhost:3000/_next/static/chunks/node_modules_next_dist_1e8vcs8._.js:776
[  237489ms] [LOG] [Fast Refresh] done in 1401ms @ http://localhost:3000/_next/static/chunks/node_modules_next_dist_1e8vcs8._.js:776
[  237569ms] [LOG] [Fast Refresh] done in 1401ms @ http://localhost:3000/_next/static/chunks/node_modules_next_dist_1e8vcs8._.js:776
[  237631ms] [LOG] [Fast Refresh] done in 1401ms @ http://localhost:3000/_next/static/chunks/node_modules_next_dist_1e8vcs8._.js:776
[  237693ms] [LOG] [Fast Refresh] done in 1401ms @ http://localhost:3000/_next/static/chunks/node_modules_next_dist_1e8vcs8._.js:776
[  237755ms] [LOG] [Fast Refresh] done in 1401ms @ http://localhost:3000/_next/static/chunks/node_modules_next_dist_1e8vcs8._.js:776
[  237817ms] [LOG] [Fast Refresh] done in 1401ms @ http://localhost:3000/_next/static/chunks/node_modules_next_dist_1e8vcs8._.js:776
[  237879ms] [LOG] [Fast Refresh] done in 1401ms @ http://localhost:3000/_next/static/chunks/node_modules_next_dist_1e8vcs8._.js:776
[  237942ms] [LOG] [Fast Refresh] done in 1401ms @ http://localhost:3000/_next/static/chunks/node_modules_next_dist_1e8vcs8._.js:776
[  238006ms] [LOG] [Fast Refresh] done in 1401ms @ http://localhost:3000/_next/static/chunks/node_modules_next_dist_1e8vcs8._.js:776
[  238068ms] [LOG] [Fast Refresh] done in 1401ms @ http://localhost:3000/_next/static/chunks/node_modules_next_dist_1e8vcs8._.js:776
[  238163ms] [LOG] [Fast Refresh] done in 1401ms @ http://localhost:3000/_next/static/chunks/node_modules_next_dist_1e8vcs8._.js:776
[  238226ms] [LOG] [Fast Refresh] done in 1401ms @ http://localhost:3000/_next/static/chunks/node_modules_next_dist_1e8vcs8._.js:776
[  238288ms] [LOG] [Fast Refresh] done in 1401ms @ http://localhost:3000/_next/static/chunks/node_modules_next_dist_1e8vcs8._.js:776
[  238351ms] [LOG] [Fast Refresh] done in 1401ms @ http://localhost:3000/_next/static/chunks/node_modules_next_dist_1e8vcs8._.js:776
[  238413ms] [LOG] [Fast Refresh] done in 1401ms @ http://localhost:3000/_next/static/chunks/node_modules_next_dist_1e8vcs8._.js:776
[  238475ms] [LOG] [Fast Refresh] done in 1401ms @ http://localhost:3000/_next/static/chunks/node_modules_next_dist_1e8vcs8._.js:776
[  238538ms] [LOG] [Fast Refresh] done in 1401ms @ http://localhost:3000/_next/static/chunks/node_modules_next_dist_1e8vcs8._.js:776
[  238615ms] [LOG] [Fast Refresh] done in 1401ms @ http://localhost:3000/_next/static/chunks/node_modules_next_dist_1e8vcs8._.js:776
[  238678ms] [LOG] [Fast Refresh] done in 1401ms @ http://localhost:3000/_next/static/chunks/node_modules_next_dist_1e8vcs8._.js:776
[  238741ms] [LOG] [Fast Refresh] done in 1401ms @ http://localhost:3000/_next/static/chunks/node_modules_next_dist_1e8vcs8._.js:776
[  238805ms] [LOG] [Fast Refresh] done in 1401ms @ http://localhost:3000/_next/static/chunks/node_modules_next_dist_1e8vcs8._.js:776
[  238867ms] [LOG] [Fast Refresh] done in 1401ms @ http://localhost:3000/_next/static/chunks/node_modules_next_dist_1e8vcs8._.js:776
[  238930ms] [LOG] [Fast Refresh] done in 1401ms @ http://localhost:3000/_next/static/chunks/node_modules_next_dist_1e8vcs8._.js:776
[  238993ms] [LOG] [Fast Refresh] done in 1401ms @ http://localhost:3000/_next/static/chunks/node_modules_next_dist_1e8vcs8._.js:776
[  239057ms] [LOG] [Fast Refresh] done in 1401ms @ http://localhost:3000/_next/static/chunks/node_modules_next_dist_1e8vcs8._.js:776
[  239120ms] [LOG] [Fast Refresh] done in 1401ms @ http://localhost:3000/_next/static/chunks/node_modules_next_dist_1e8vcs8._.js:776
[  239184ms] [LOG] [Fast Refresh] done in 1401ms @ http://localhost:3000/_next/static/chunks/node_modules_next_dist_1e8vcs8._.js:776
[  239245ms] [LOG] [Fast Refresh] done in 1401ms @ http://localhost:3000/_next/static/chunks/node_modules_next_dist_1e8vcs8._.js:776
[  239307ms] [LOG] [Fast Refresh] done in 1401ms @ http://localhost:3000/_next/static/chunks/node_modules_next_dist_1e8vcs8._.js:776
[  239371ms] [LOG] [Fast Refresh] done in 1401ms @ http://localhost:3000/_next/static/chunks/node_modules_next_dist_1e8vcs8._.js:776
[  239434ms] [LOG] [Fast Refresh] done in 1401ms @ http://localhost:3000/_next/static/chunks/node_modules_next_dist_1e8vcs8._.js:776
[  239496ms] [LOG] [Fast Refresh] done in 1401ms @ http://localhost:3000/_next/static/chunks/node_modules_next_dist_1e8vcs8._.js:776
[  239560ms] [LOG] [Fast Refresh] done in 1401ms @ http://localhost:3000/_next/static/chunks/node_modules_next_dist_1e8vcs8._.js:776
[  239623ms] [LOG] [Fast Refresh] done in 1401ms @ http://localhost:3000/_next/static/chunks/node_modules_next_dist_1e8vcs8._.js:776
[  239687ms] [LOG] [Fast Refresh] done in 1401ms @ http://localhost:3000/_next/static/chunks/node_modules_next_dist_1e8vcs8._.js:776
[  239750ms] [LOG] [Fast Refresh] done in 1401ms @ http://localhost:3000/_next/static/chunks/node_modules_next_dist_1e8vcs8._.js:776
[  239812ms] [LOG] [Fast Refresh] done in 1401ms @ http://localhost:3000/_next/static/chunks/node_modules_next_dist_1e8vcs8._.js:776
[  239889ms] [LOG] [Fast Refresh] done in 1401ms @ http://localhost:3000/_next/static/chunks/node_modules_next_dist_1e8vcs8._.js:776
[  239953ms] [LOG] [Fast Refresh] done in 1401ms @ http://localhost:3000/_next/static/chunks/node_modules_next_dist_1e8vcs8._.js:776
[  240017ms] [LOG] [Fast Refresh] done in 1401ms @ http://localhost:3000/_next/static/chunks/node_modules_next_dist_1e8vcs8._.js:776
[  240081ms] [LOG] [Fast Refresh] done in 1401ms @ http://localhost:3000/_next/static/chunks/node_modules_next_dist_1e8vcs8._.js:776
[  240144ms] [LOG] [Fast Refresh] done in 1401ms @ http://localhost:3000/_next/static/chunks/node_modules_next_dist_1e8vcs8._.js:776
[  240208ms] [LOG] [Fast Refresh] done in 1401ms @ http://localhost:3000/_next/static/chunks/node_modules_next_dist_1e8vcs8._.js:776
[  240271ms] [LOG] [Fast Refresh] done in 1401ms @ http://localhost:3000/_next/static/chunks/node_modules_next_dist_1e8vcs8._.js:776
[  240335ms] [LOG] [Fast Refresh] done in 1401ms @ http://localhost:3000/_next/static/chunks/node_modules_next_dist_1e8vcs8._.js:776
[  240399ms] [LOG] [Fast Refresh] done in 1401ms @ http://localhost:3000/_next/static/chunks/node_modules_next_dist_1e8vcs8._.js:776
[  240461ms] [LOG] [Fast Refresh] done in 1401ms @ http://localhost:3000/_next/static/chunks/node_modules_next_dist_1e8vcs8._.js:776
[  240525ms] [LOG] [Fast Refresh] done in 1401ms @ http://localhost:3000/_next/static/chunks/node_modules_next_dist_1e8vcs8._.js:776
[  240586ms] [LOG] [Fast Refresh] done in 1401ms @ http://localhost:3000/_next/static/chunks/node_modules_next_dist_1e8vcs8._.js:776
[  240666ms] [LOG] [Fast Refresh] done in 1401ms @ http://localhost:3000/_next/static/chunks/node_modules_next_dist_1e8vcs8._.js:776
[  240746ms] [LOG] [Fast Refresh] done in 1401ms @ http://localhost:3000/_next/static/chunks/node_modules_next_dist_1e8vcs8._.js:776
[  240820ms] [LOG] [Fast Refresh] done in 1401ms @ http://localhost:3000/_next/static/chunks/node_modules_next_dist_1e8vcs8._.js:776
[  240883ms] [LOG] [Fast Refresh] done in 1401ms @ http://localhost:3000/_next/static/chunks/node_modules_next_dist_1e8vcs8._.js:776
[  240962ms] [LOG] [Fast Refresh] done in 1401ms @ http://localhost:3000/_next/static/chunks/node_modules_next_dist_1e8vcs8._.js:776
[  241026ms] [LOG] [Fast Refresh] done in 1401ms @ http://localhost:3000/_next/static/chunks/node_modules_next_dist_1e8vcs8._.js:776
[  241089ms] [LOG] [Fast Refresh] done in 1401ms @ http://localhost:3000/_next/static/chunks/node_modules_next_dist_1e8vcs8._.js:776
[  241167ms] [LOG] [Fast Refresh] done in 1401ms @ http://localhost:3000/_next/static/chunks/node_modules_next_dist_1e8vcs8._.js:776
[  241230ms] [LOG] [Fast Refresh] done in 1401ms @ http://localhost:3000/_next/static/chunks/node_modules_next_dist_1e8vcs8._.js:776
[  241291ms] [LOG] [Fast Refresh] done in 1401ms @ http://localhost:3000/_next/static/chunks/node_modules_next_dist_1e8vcs8._.js:776
[  241354ms] [LOG] [Fast Refresh] done in 1401ms @ http://localhost:3000/_next/static/chunks/node_modules_next_dist_1e8vcs8._.js:776
[  241417ms] [LOG] [Fast Refresh] done in 1401ms @ http://localhost:3000/_next/static/chunks/node_modules_next_dist_1e8vcs8._.js:776
[  241481ms] [LOG] [Fast Refresh] done in 1401ms @ http://localhost:3000/_next/static/chunks/node_modules_next_dist_1e8vcs8._.js:776
[  241543ms] [LOG] [Fast Refresh] done in 1401ms @ http://localhost:3000/_next/static/chunks/node_modules_next_dist_1e8vcs8._.js:776
[  241605ms] [LOG] [Fast Refresh] done in 1401ms @ http://localhost:3000/_next/static/chunks/node_modules_next_dist_1e8vcs8._.js:776
[  241668ms] [LOG] [Fast Refresh] done in 1401ms @ http://localhost:3000/_next/static/chunks/node_modules_next_dist_1e8vcs8._.js:776
[  241732ms] [LOG] [Fast Refresh] done in 1401ms @ http://localhost:3000/_next/static/chunks/node_modules_next_dist_1e8vcs8._.js:776
[  241795ms] [LOG] [Fast Refresh] done in 1401ms @ http://localhost:3000/_next/static/chunks/node_modules_next_dist_1e8vcs8._.js:776
[  241873ms] [LOG] [Fast Refresh] done in 1401ms @ http://localhost:3000/_next/static/chunks/node_modules_next_dist_1e8vcs8._.js:776
[  241936ms] [LOG] [Fast Refresh] done in 1401ms @ http://localhost:3000/_next/static/chunks/node_modules_next_dist_1e8vcs8._.js:776
[  241998ms] [LOG] [Fast Refresh] done in 1401ms @ http://localhost:3000/_next/static/chunks/node_modules_next_dist_1e8vcs8._.js:776
[  242061ms] [LOG] [Fast Refresh] done in 1401ms @ http://localhost:3000/_next/static/chunks/node_modules_next_dist_1e8vcs8._.js:776
[  242159ms] [LOG] [Fast Refresh] done in 1401ms @ http://localhost:3000/_next/static/chunks/node_modules_next_dist_1e8vcs8._.js:776
[  242248ms] [LOG] [Fast Refresh] done in 1401ms @ http://localhost:3000/_next/static/chunks/node_modules_next_dist_1e8vcs8._.js:776
[  242362ms] [LOG] [Fast Refresh] done in 1401ms @ http://localhost:3000/_next/static/chunks/node_modules_next_dist_1e8vcs8._.js:776
[  242423ms] [LOG] [Fast Refresh] done in 1401ms @ http://localhost:3000/_next/static/chunks/node_modules_next_dist_1e8vcs8._.js:776
[  242487ms] [LOG] [Fast Refresh] done in 1401ms @ http://localhost:3000/_next/static/chunks/node_modules_next_dist_1e8vcs8._.js:776
[  242549ms] [LOG] [Fast Refresh] done in 1401ms @ http://localhost:3000/_next/static/chunks/node_modules_next_dist_1e8vcs8._.js:776
[  242611ms] [LOG] [Fast Refresh] done in 1401ms @ http://localhost:3000/_next/static/chunks/node_modules_next_dist_1e8vcs8._.js:776
[  242673ms] [LOG] [Fast Refresh] done in 1401ms @ http://localhost:3000/_next/static/chunks/node_modules_next_dist_1e8vcs8._.js:776
[  242737ms] [LOG] [Fast Refresh] done in 1401ms @ http://localhost:3000/_next/static/chunks/node_modules_next_dist_1e8vcs8._.js:776
[  242800ms] [LOG] [Fast Refresh] done in 1401ms @ http://localhost:3000/_next/static/chunks/node_modules_next_dist_1e8vcs8._.js:776
[  242862ms] [LOG] [Fast Refresh] done in 1401ms @ http://localhost:3000/_next/static/chunks/node_modules_next_dist_1e8vcs8._.js:776
[  242925ms] [LOG] [Fast Refresh] done in 1401ms @ http://localhost:3000/_next/static/chunks/node_modules_next_dist_1e8vcs8._.js:776
[  242987ms] [LOG] [Fast Refresh] done in 1401ms @ http://localhost:3000/_next/static/chunks/node_modules_next_dist_1e8vcs8._.js:776
[  243051ms] [LOG] [Fast Refresh] done in 1401ms @ http://localhost:3000/_next/static/chunks/node_modules_next_dist_1e8vcs8._.js:776
[  243114ms] [LOG] [Fast Refresh] done in 1401ms @ http://localhost:3000/_next/static/chunks/node_modules_next_dist_1e8vcs8._.js:776
[  243176ms] [LOG] [Fast Refresh] done in 1401ms @ http://localhost:3000/_next/static/chunks/node_modules_next_dist_1e8vcs8._.js:776
[  243239ms] [LOG] [Fast Refresh] done in 1401ms @ http://localhost:3000/_next/static/chunks/node_modules_next_dist_1e8vcs8._.js:776
[  243302ms] [LOG] [Fast Refresh] done in 1401ms @ http://localhost:3000/_next/static/chunks/node_modules_next_dist_1e8vcs8._.js:776
[  243384ms] [LOG] [Fast Refresh] done in 1401ms @ http://localhost:3000/_next/static/chunks/node_modules_next_dist_1e8vcs8._.js:776
[  243446ms] [LOG] [Fast Refresh] done in 1401ms @ http://localhost:3000/_next/static/chunks/node_modules_next_dist_1e8vcs8._.js:776
[  243522ms] [LOG] [Fast Refresh] done in 1401ms @ http://localhost:3000/_next/static/chunks/node_modules_next_dist_1e8vcs8._.js:776
[  243585ms] [LOG] [Fast Refresh] done in 1401ms @ http://localhost:3000/_next/static/chunks/node_modules_next_dist_1e8vcs8._.js:776
[  243648ms] [LOG] [Fast Refresh] done in 1401ms @ http://localhost:3000/_next/static/chunks/node_modules_next_dist_1e8vcs8._.js:776
[  243710ms] [LOG] [Fast Refresh] done in 1401ms @ http://localhost:3000/_next/static/chunks/node_modules_next_dist_1e8vcs8._.js:776
[  243773ms] [LOG] [Fast Refresh] done in 1401ms @ http://localhost:3000/_next/static/chunks/node_modules_next_dist_1e8vcs8._.js:776
[  243835ms] [LOG] [Fast Refresh] done in 1401ms @ http://localhost:3000/_next/static/chunks/node_modules_next_dist_1e8vcs8._.js:776
[  243897ms] [LOG] [Fast Refresh] done in 1401ms @ http://localhost:3000/_next/static/chunks/node_modules_next_dist_1e8vcs8._.js:776
[  243961ms] [LOG] [Fast Refresh] done in 1401ms @ http://localhost:3000/_next/static/chunks/node_modules_next_dist_1e8vcs8._.js:776
[  244025ms] [LOG] [Fast Refresh] done in 1401ms @ http://localhost:3000/_next/static/chunks/node_modules_next_dist_1e8vcs8._.js:776
[  244088ms] [LOG] [Fast Refresh] done in 1401ms @ http://localhost:3000/_next/static/chunks/node_modules_next_dist_1e8vcs8._.js:776
[  244151ms] [LOG] [Fast Refresh] done in 1401ms @ http://localhost:3000/_next/static/chunks/node_modules_next_dist_1e8vcs8._.js:776
[  244214ms] [LOG] [Fast Refresh] done in 1401ms @ http://localhost:3000/_next/static/chunks/node_modules_next_dist_1e8vcs8._.js:776
[  244293ms] [LOG] [Fast Refresh] done in 1401ms @ http://localhost:3000/_next/static/chunks/node_modules_next_dist_1e8vcs8._.js:776
[  244370ms] [LOG] [Fast Refresh] done in 1401ms @ http://localhost:3000/_next/static/chunks/node_modules_next_dist_1e8vcs8._.js:776
[  244431ms] [LOG] [Fast Refresh] done in 1401ms @ http://localhost:3000/_next/static/chunks/node_modules_next_dist_1e8vcs8._.js:776
[  244494ms] [LOG] [Fast Refresh] done in 1401ms @ http://localhost:3000/_next/static/chunks/node_modules_next_dist_1e8vcs8._.js:776
[  244558ms] [LOG] [Fast Refresh] done in 1401ms @ http://localhost:3000/_next/static/chunks/node_modules_next_dist_1e8vcs8._.js:776
[  244620ms] [LOG] [Fast Refresh] done in 1401ms @ http://localhost:3000/_next/static/chunks/node_modules_next_dist_1e8vcs8._.js:776
[  244699ms] [LOG] [Fast Refresh] done in 1401ms @ http://localhost:3000/_next/static/chunks/node_modules_next_dist_1e8vcs8._.js:776
[  244761ms] [LOG] [Fast Refresh] done in 1401ms @ http://localhost:3000/_next/static/chunks/node_modules_next_dist_1e8vcs8._.js:776
[  244824ms] [LOG] [Fast Refresh] done in 1401ms @ http://localhost:3000/_next/static/chunks/node_modules_next_dist_1e8vcs8._.js:776
[  244902ms] [LOG] [Fast Refresh] done in 1401ms @ http://localhost:3000/_next/static/chunks/node_modules_next_dist_1e8vcs8._.js:776
[  244965ms] [LOG] [Fast Refresh] done in 1401ms @ http://localhost:3000/_next/static/chunks/node_modules_next_dist_1e8vcs8._.js:776
[  245028ms] [LOG] [Fast Refresh] done in 1401ms @ http://localhost:3000/_next/static/chunks/node_modules_next_dist_1e8vcs8._.js:776
[  245090ms] [LOG] [Fast Refresh] done in 1401ms @ http://localhost:3000/_next/static/chunks/node_modules_next_dist_1e8vcs8._.js:776
[  245153ms] [LOG] [Fast Refresh] done in 1401ms @ http://localhost:3000/_next/static/chunks/node_modules_next_dist_1e8vcs8._.js:776
[  245216ms] [LOG] [Fast Refresh] done in 1401ms @ http://localhost:3000/_next/static/chunks/node_modules_next_dist_1e8vcs8._.js:776
[  245278ms] [LOG] [Fast Refresh] done in 1401ms @ http://localhost:3000/_next/static/chunks/node_modules_next_dist_1e8vcs8._.js:776
[  245362ms] [LOG] [Fast Refresh] done in 1401ms @ http://localhost:3000/_next/static/chunks/node_modules_next_dist_1e8vcs8._.js:776
[  245435ms] [LOG] [Fast Refresh] done in 1401ms @ http://localhost:3000/_next/static/chunks/node_modules_next_dist_1e8vcs8._.js:776
[  245529ms] [LOG] [Fast Refresh] done in 1401ms @ http://localhost:3000/_next/static/chunks/node_modules_next_dist_1e8vcs8._.js:776
[  245609ms] [LOG] [Fast Refresh] done in 1401ms @ http://localhost:3000/_next/static/chunks/node_modules_next_dist_1e8vcs8._.js:776
[  245670ms] [LOG] [Fast Refresh] done in 1401ms @ http://localhost:3000/_next/static/chunks/node_modules_next_dist_1e8vcs8._.js:776
[  245739ms] [LOG] [Fast Refresh] done in 1401ms @ http://localhost:3000/_next/static/chunks/node_modules_next_dist_1e8vcs8._.js:776
[  245836ms] [LOG] [Fast Refresh] done in 1401ms @ http://localhost:3000/_next/static/chunks/node_modules_next_dist_1e8vcs8._.js:776
[  245939ms] [LOG] [Fast Refresh] done in 1401ms @ http://localhost:3000/_next/static/chunks/node_modules_next_dist_1e8vcs8._.js:776
[  246029ms] [LOG] [Fast Refresh] done in 1401ms @ http://localhost:3000/_next/static/chunks/node_modules_next_dist_1e8vcs8._.js:776
[  246121ms] [LOG] [Fast Refresh] done in 1401ms @ http://localhost:3000/_next/static/chunks/node_modules_next_dist_1e8vcs8._.js:776
[  246199ms] [LOG] [Fast Refresh] done in 1401ms @ http://localhost:3000/_next/static/chunks/node_modules_next_dist_1e8vcs8._.js:776
[  246261ms] [LOG] [Fast Refresh] done in 1401ms @ http://localhost:3000/_next/static/chunks/node_modules_next_dist_1e8vcs8._.js:776
[  246324ms] [LOG] [Fast Refresh] done in 1401ms @ http://localhost:3000/_next/static/chunks/node_modules_next_dist_1e8vcs8._.js:776
[  246386ms] [LOG] [Fast Refresh] done in 1401ms @ http://localhost:3000/_next/static/chunks/node_modules_next_dist_1e8vcs8._.js:776
[  246448ms] [LOG] [Fast Refresh] done in 1401ms @ http://localhost:3000/_next/static/chunks/node_modules_next_dist_1e8vcs8._.js:776
[  246511ms] [LOG] [Fast Refresh] done in 1401ms @ http://localhost:3000/_next/static/chunks/node_modules_next_dist_1e8vcs8._.js:776
[  246575ms] [LOG] [Fast Refresh] done in 1401ms @ http://localhost:3000/_next/static/chunks/node_modules_next_dist_1e8vcs8._.js:776
[  246655ms] [LOG] [Fast Refresh] done in 1401ms @ http://localhost:3000/_next/static/chunks/node_modules_next_dist_1e8vcs8._.js:776
[  246716ms] [LOG] [Fast Refresh] done in 1401ms @ http://localhost:3000/_next/static/chunks/node_modules_next_dist_1e8vcs8._.js:776
[  246794ms] [LOG] [Fast Refresh] done in 1401ms @ http://localhost:3000/_next/static/chunks/node_modules_next_dist_1e8vcs8._.js:776
[  246856ms] [LOG] [Fast Refresh] done in 1401ms @ http://localhost:3000/_next/static/chunks/node_modules_next_dist_1e8vcs8._.js:776
[  246918ms] [LOG] [Fast Refresh] done in 1401ms @ http://localhost:3000/_next/static/chunks/node_modules_next_dist_1e8vcs8._.js:776
[  246995ms] [LOG] [Fast Refresh] done in 1401ms @ http://localhost:3000/_next/static/chunks/node_modules_next_dist_1e8vcs8._.js:776
[  247059ms] [LOG] [Fast Refresh] done in 1401ms @ http://localhost:3000/_next/static/chunks/node_modules_next_dist_1e8vcs8._.js:776
[  247121ms] [LOG] [Fast Refresh] done in 1401ms @ http://localhost:3000/_next/static/chunks/node_modules_next_dist_1e8vcs8._.js:776
[  247185ms] [LOG] [Fast Refresh] done in 1401ms @ http://localhost:3000/_next/static/chunks/node_modules_next_dist_1e8vcs8._.js:776
[  247247ms] [LOG] [Fast Refresh] done in 1401ms @ http://localhost:3000/_next/static/chunks/node_modules_next_dist_1e8vcs8._.js:776
[  247307ms] [LOG] [Fast Refresh] done in 1401ms @ http://localhost:3000/_next/static/chunks/node_modules_next_dist_1e8vcs8._.js:776
[  247369ms] [LOG] [Fast Refresh] done in 1401ms @ http://localhost:3000/_next/static/chunks/node_modules_next_dist_1e8vcs8._.js:776
[  247431ms] [LOG] [Fast Refresh] done in 1401ms @ http://localhost:3000/_next/static/chunks/node_modules_next_dist_1e8vcs8._.js:776
[  247493ms] [LOG] [Fast Refresh] done in 1401ms @ http://localhost:3000/_next/static/chunks/node_modules_next_dist_1e8vcs8._.js:776
[  247557ms] [LOG] [Fast Refresh] done in 1401ms @ http://localhost:3000/_next/static/chunks/node_modules_next_dist_1e8vcs8._.js:776
[  247621ms] [LOG] [Fast Refresh] done in 1401ms @ http://localhost:3000/_next/static/chunks/node_modules_next_dist_1e8vcs8._.js:776
[  247682ms] [LOG] [Fast Refresh] done in 1401ms @ http://localhost:3000/_next/static/chunks/node_modules_next_dist_1e8vcs8._.js:776
[  247746ms] [LOG] [Fast Refresh] done in 1401ms @ http://localhost:3000/_next/static/chunks/node_modules_next_dist_1e8vcs8._.js:776
[  247810ms] [LOG] [Fast Refresh] done in 1401ms @ http://localhost:3000/_next/static/chunks/node_modules_next_dist_1e8vcs8._.js:776
[  247872ms] [LOG] [Fast Refresh] done in 1401ms @ http://localhost:3000/_next/static/chunks/node_modules_next_dist_1e8vcs8._.js:776
[  247950ms] [LOG] [Fast Refresh] done in 1401ms @ http://localhost:3000/_next/static/chunks/node_modules_next_dist_1e8vcs8._.js:776
[  248014ms] [LOG] [Fast Refresh] done in 1401ms @ http://localhost:3000/_next/static/chunks/node_modules_next_dist_1e8vcs8._.js:776
[  248075ms] [LOG] [Fast Refresh] done in 1401ms @ http://localhost:3000/_next/static/chunks/node_modules_next_dist_1e8vcs8._.js:776
[  248137ms] [LOG] [Fast Refresh] done in 1401ms @ http://localhost:3000/_next/static/chunks/node_modules_next_dist_1e8vcs8._.js:776
[  248201ms] [LOG] [Fast Refresh] done in 1401ms @ http://localhost:3000/_next/static/chunks/node_modules_next_dist_1e8vcs8._.js:776
[  248279ms] [LOG] [Fast Refresh] done in 1401ms @ http://localhost:3000/_next/static/chunks/node_modules_next_dist_1e8vcs8._.js:776
[  248342ms] [LOG] [Fast Refresh] done in 1401ms @ http://localhost:3000/_next/static/chunks/node_modules_next_dist_1e8vcs8._.js:776
[  248405ms] [LOG] [Fast Refresh] done in 1401ms @ http://localhost:3000/_next/static/chunks/node_modules_next_dist_1e8vcs8._.js:776
[  248491ms] [LOG] [Fast Refresh] done in 1401ms @ http://localhost:3000/_next/static/chunks/node_modules_next_dist_1e8vcs8._.js:776
[  248578ms] [LOG] [Fast Refresh] done in 1401ms @ http://localhost:3000/_next/static/chunks/node_modules_next_dist_1e8vcs8._.js:776
[  248641ms] [LOG] [Fast Refresh] done in 1401ms @ http://localhost:3000/_next/static/chunks/node_modules_next_dist_1e8vcs8._.js:776
[  248704ms] [LOG] [Fast Refresh] done in 1401ms @ http://localhost:3000/_next/static/chunks/node_modules_next_dist_1e8vcs8._.js:776
[  248766ms] [LOG] [Fast Refresh] done in 1401ms @ http://localhost:3000/_next/static/chunks/node_modules_next_dist_1e8vcs8._.js:776
[  248830ms] [LOG] [Fast Refresh] done in 1401ms @ http://localhost:3000/_next/static/chunks/node_modules_next_dist_1e8vcs8._.js:776
[  248892ms] [LOG] [Fast Refresh] done in 1401ms @ http://localhost:3000/_next/static/chunks/node_modules_next_dist_1e8vcs8._.js:776
[  248954ms] [LOG] [Fast Refresh] done in 1401ms @ http://localhost:3000/_next/static/chunks/node_modules_next_dist_1e8vcs8._.js:776
[  249018ms] [LOG] [Fast Refresh] done in 1401ms @ http://localhost:3000/_next/static/chunks/node_modules_next_dist_1e8vcs8._.js:776
[  249082ms] [LOG] [Fast Refresh] done in 1401ms @ http://localhost:3000/_next/static/chunks/node_modules_next_dist_1e8vcs8._.js:776
[  249145ms] [LOG] [Fast Refresh] done in 1401ms @ http://localhost:3000/_next/static/chunks/node_modules_next_dist_1e8vcs8._.js:776
[  249208ms] [LOG] [Fast Refresh] done in 1401ms @ http://localhost:3000/_next/static/chunks/node_modules_next_dist_1e8vcs8._.js:776
[  249270ms] [LOG] [Fast Refresh] done in 1401ms @ http://localhost:3000/_next/static/chunks/node_modules_next_dist_1e8vcs8._.js:776
[  249333ms] [LOG] [Fast Refresh] done in 1401ms @ http://localhost:3000/_next/static/chunks/node_modules_next_dist_1e8vcs8._.js:776
[  249395ms] [LOG] [Fast Refresh] done in 1401ms @ http://localhost:3000/_next/static/chunks/node_modules_next_dist_1e8vcs8._.js:776
[  249457ms] [LOG] [Fast Refresh] done in 1401ms @ http://localhost:3000/_next/static/chunks/node_modules_next_dist_1e8vcs8._.js:776
[  249566ms] [LOG] [Fast Refresh] done in 1401ms @ http://localhost:3000/_next/static/chunks/node_modules_next_dist_1e8vcs8._.js:776
[  249628ms] [LOG] [Fast Refresh] done in 1401ms @ http://localhost:3000/_next/static/chunks/node_modules_next_dist_1e8vcs8._.js:776
[  249691ms] [LOG] [Fast Refresh] done in 1401ms @ http://localhost:3000/_next/static/chunks/node_modules_next_dist_1e8vcs8._.js:776
[  249754ms] [LOG] [Fast Refresh] done in 1401ms @ http://localhost:3000/_next/static/chunks/node_modules_next_dist_1e8vcs8._.js:776
[  249816ms] [LOG] [Fast Refresh] done in 1401ms @ http://localhost:3000/_next/static/chunks/node_modules_next_dist_1e8vcs8._.js:776
[  249878ms] [LOG] [Fast Refresh] done in 1401ms @ http://localhost:3000/_next/static/chunks/node_modules_next_dist_1e8vcs8._.js:776
[  249941ms] [LOG] [Fast Refresh] done in 1401ms @ http://localhost:3000/_next/static/chunks/node_modules_next_dist_1e8vcs8._.js:776
[  250005ms] [LOG] [Fast Refresh] done in 1401ms @ http://localhost:3000/_next/static/chunks/node_modules_next_dist_1e8vcs8._.js:776
[  250068ms] [LOG] [Fast Refresh] done in 1401ms @ http://localhost:3000/_next/static/chunks/node_modules_next_dist_1e8vcs8._.js:776
[  250131ms] [LOG] [Fast Refresh] done in 1401ms @ http://localhost:3000/_next/static/chunks/node_modules_next_dist_1e8vcs8._.js:776
[  250211ms] [LOG] [Fast Refresh] done in 1401ms @ http://localhost:3000/_next/static/chunks/node_modules_next_dist_1e8vcs8._.js:776
[  250275ms] [LOG] [Fast Refresh] done in 1401ms @ http://localhost:3000/_next/static/chunks/node_modules_next_dist_1e8vcs8._.js:776
[  250338ms] [LOG] [Fast Refresh] done in 1401ms @ http://localhost:3000/_next/static/chunks/node_modules_next_dist_1e8vcs8._.js:776
[  250402ms] [LOG] [Fast Refresh] done in 1401ms @ http://localhost:3000/_next/static/chunks/node_modules_next_dist_1e8vcs8._.js:776
[  250466ms] [LOG] [Fast Refresh] done in 1401ms @ http://localhost:3000/_next/static/chunks/node_modules_next_dist_1e8vcs8._.js:776
[  250530ms] [LOG] [Fast Refresh] done in 1401ms @ http://localhost:3000/_next/static/chunks/node_modules_next_dist_1e8vcs8._.js:776
[  250593ms] [LOG] [Fast Refresh] done in 1401ms @ http://localhost:3000/_next/static/chunks/node_modules_next_dist_1e8vcs8._.js:776
[  250657ms] [LOG] [Fast Refresh] done in 1401ms @ http://localhost:3000/_next/static/chunks/node_modules_next_dist_1e8vcs8._.js:776
[  250719ms] [LOG] [Fast Refresh] done in 1401ms @ http://localhost:3000/_next/static/chunks/node_modules_next_dist_1e8vcs8._.js:776
[  250782ms] [LOG] [Fast Refresh] done in 1401ms @ http://localhost:3000/_next/static/chunks/node_modules_next_dist_1e8vcs8._.js:776
[  250845ms] [LOG] [Fast Refresh] done in 1401ms @ http://localhost:3000/_next/static/chunks/node_modules_next_dist_1e8vcs8._.js:776
[  250908ms] [LOG] [Fast Refresh] done in 1401ms @ http://localhost:3000/_next/static/chunks/node_modules_next_dist_1e8vcs8._.js:776
[  250970ms] [LOG] [Fast Refresh] done in 1401ms @ http://localhost:3000/_next/static/chunks/node_modules_next_dist_1e8vcs8._.js:776
[  251034ms] [LOG] [Fast Refresh] done in 1401ms @ http://localhost:3000/_next/static/chunks/node_modules_next_dist_1e8vcs8._.js:776
[  251098ms] [LOG] [Fast Refresh] done in 1401ms @ http://localhost:3000/_next/static/chunks/node_modules_next_dist_1e8vcs8._.js:776
[  251161ms] [LOG] [Fast Refresh] done in 1401ms @ http://localhost:3000/_next/static/chunks/node_modules_next_dist_1e8vcs8._.js:776
[  251224ms] [LOG] [Fast Refresh] done in 1401ms @ http://localhost:3000/_next/static/chunks/node_modules_next_dist_1e8vcs8._.js:776
[  251286ms] [LOG] [Fast Refresh] done in 1401ms @ http://localhost:3000/_next/static/chunks/node_modules_next_dist_1e8vcs8._.js:776
[  251349ms] [LOG] [Fast Refresh] done in 1401ms @ http://localhost:3000/_next/static/chunks/node_modules_next_dist_1e8vcs8._.js:776
[  251412ms] [LOG] [Fast Refresh] done in 1401ms @ http://localhost:3000/_next/static/chunks/node_modules_next_dist_1e8vcs8._.js:776
[  251475ms] [LOG] [Fast Refresh] done in 1401ms @ http://localhost:3000/_next/static/chunks/node_modules_next_dist_1e8vcs8._.js:776
[  251538ms] [LOG] [Fast Refresh] done in 1401ms @ http://localhost:3000/_next/static/chunks/node_modules_next_dist_1e8vcs8._.js:776
[  251601ms] [LOG] [Fast Refresh] done in 1401ms @ http://localhost:3000/_next/static/chunks/node_modules_next_dist_1e8vcs8._.js:776
[  251665ms] [LOG] [Fast Refresh] done in 1401ms @ http://localhost:3000/_next/static/chunks/node_modules_next_dist_1e8vcs8._.js:776
[  251728ms] [LOG] [Fast Refresh] done in 1401ms @ http://localhost:3000/_next/static/chunks/node_modules_next_dist_1e8vcs8._.js:776
[  251791ms] [LOG] [Fast Refresh] done in 1401ms @ http://localhost:3000/_next/static/chunks/node_modules_next_dist_1e8vcs8._.js:776
[  251855ms] [LOG] [Fast Refresh] done in 1401ms @ http://localhost:3000/_next/static/chunks/node_modules_next_dist_1e8vcs8._.js:776
[  251918ms] [LOG] [Fast Refresh] done in 1401ms @ http://localhost:3000/_next/static/chunks/node_modules_next_dist_1e8vcs8._.js:776
[  251982ms] [LOG] [Fast Refresh] done in 1401ms @ http://localhost:3000/_next/static/chunks/node_modules_next_dist_1e8vcs8._.js:776
[  252045ms] [LOG] [Fast Refresh] done in 1401ms @ http://localhost:3000/_next/static/chunks/node_modules_next_dist_1e8vcs8._.js:776
[  252107ms] [LOG] [Fast Refresh] done in 1401ms @ http://localhost:3000/_next/static/chunks/node_modules_next_dist_1e8vcs8._.js:776
[  252170ms] [LOG] [Fast Refresh] done in 1401ms @ http://localhost:3000/_next/static/chunks/node_modules_next_dist_1e8vcs8._.js:776
[  252231ms] [LOG] [Fast Refresh] done in 1401ms @ http://localhost:3000/_next/static/chunks/node_modules_next_dist_1e8vcs8._.js:776
[  252294ms] [LOG] [Fast Refresh] done in 1401ms @ http://localhost:3000/_next/static/chunks/node_modules_next_dist_1e8vcs8._.js:776
[  252357ms] [LOG] [Fast Refresh] done in 1401ms @ http://localhost:3000/_next/static/chunks/node_modules_next_dist_1e8vcs8._.js:776
[  252418ms] [LOG] [Fast Refresh] done in 1401ms @ http://localhost:3000/_next/static/chunks/node_modules_next_dist_1e8vcs8._.js:776
[  252481ms] [LOG] [Fast Refresh] done in 1401ms @ http://localhost:3000/_next/static/chunks/node_modules_next_dist_1e8vcs8._.js:776
[  252545ms] [LOG] [Fast Refresh] done in 1401ms @ http://localhost:3000/_next/static/chunks/node_modules_next_dist_1e8vcs8._.js:776
[  252608ms] [LOG] [Fast Refresh] done in 1401ms @ http://localhost:3000/_next/static/chunks/node_modules_next_dist_1e8vcs8._.js:776
[  252686ms] [LOG] [Fast Refresh] done in 1401ms @ http://localhost:3000/_next/static/chunks/node_modules_next_dist_1e8vcs8._.js:776
[  252748ms] [LOG] [Fast Refresh] done in 1401ms @ http://localhost:3000/_next/static/chunks/node_modules_next_dist_1e8vcs8._.js:776
[  252811ms] [LOG] [Fast Refresh] done in 1401ms @ http://localhost:3000/_next/static/chunks/node_modules_next_dist_1e8vcs8._.js:776
[  252874ms] [LOG] [Fast Refresh] done in 1401ms @ http://localhost:3000/_next/static/chunks/node_modules_next_dist_1e8vcs8._.js:776
[  252937ms] [LOG] [Fast Refresh] done in 1401ms @ http://localhost:3000/_next/static/chunks/node_modules_next_dist_1e8vcs8._.js:776
[  252999ms] [LOG] [Fast Refresh] done in 1401ms @ http://localhost:3000/_next/static/chunks/node_modules_next_dist_1e8vcs8._.js:776
[  253061ms] [LOG] [Fast Refresh] done in 1401ms @ http://localhost:3000/_next/static/chunks/node_modules_next_dist_1e8vcs8._.js:776
[  253123ms] [LOG] [Fast Refresh] done in 1401ms @ http://localhost:3000/_next/static/chunks/node_modules_next_dist_1e8vcs8._.js:776
[  253186ms] [LOG] [Fast Refresh] done in 1401ms @ http://localhost:3000/_next/static/chunks/node_modules_next_dist_1e8vcs8._.js:776
[  253248ms] [LOG] [Fast Refresh] done in 1401ms @ http://localhost:3000/_next/static/chunks/node_modules_next_dist_1e8vcs8._.js:776
[  253312ms] [LOG] [Fast Refresh] done in 1401ms @ http://localhost:3000/_next/static/chunks/node_modules_next_dist_1e8vcs8._.js:776
[  253374ms] [LOG] [Fast Refresh] done in 1401ms @ http://localhost:3000/_next/static/chunks/node_modules_next_dist_1e8vcs8._.js:776
[  253436ms] [LOG] [Fast Refresh] done in 1401ms @ http://localhost:3000/_next/static/chunks/node_modules_next_dist_1e8vcs8._.js:776
[  253499ms] [LOG] [Fast Refresh] done in 1401ms @ http://localhost:3000/_next/static/chunks/node_modules_next_dist_1e8vcs8._.js:776
[  253561ms] [LOG] [Fast Refresh] done in 1401ms @ http://localhost:3000/_next/static/chunks/node_modules_next_dist_1e8vcs8._.js:776
[  253624ms] [LOG] [Fast Refresh] done in 1401ms @ http://localhost:3000/_next/static/chunks/node_modules_next_dist_1e8vcs8._.js:776
[  253686ms] [LOG] [Fast Refresh] done in 1401ms @ http://localhost:3000/_next/static/chunks/node_modules_next_dist_1e8vcs8._.js:776
[  253747ms] [LOG] [Fast Refresh] done in 1401ms @ http://localhost:3000/_next/static/chunks/node_modules_next_dist_1e8vcs8._.js:776
[  253810ms] [LOG] [Fast Refresh] done in 1401ms @ http://localhost:3000/_next/static/chunks/node_modules_next_dist_1e8vcs8._.js:776
[  253873ms] [LOG] [Fast Refresh] done in 1401ms @ http://localhost:3000/_next/static/chunks/node_modules_next_dist_1e8vcs8._.js:776
[  253936ms] [LOG] [Fast Refresh] done in 1401ms @ http://localhost:3000/_next/static/chunks/node_modules_next_dist_1e8vcs8._.js:776
[  254000ms] [LOG] [Fast Refresh] done in 1401ms @ http://localhost:3000/_next/static/chunks/node_modules_next_dist_1e8vcs8._.js:776
[  254064ms] [LOG] [Fast Refresh] done in 1401ms @ http://localhost:3000/_next/static/chunks/node_modules_next_dist_1e8vcs8._.js:776
[  254127ms] [LOG] [Fast Refresh] done in 1401ms @ http://localhost:3000/_next/static/chunks/node_modules_next_dist_1e8vcs8._.js:776
[  254206ms] [LOG] [Fast Refresh] done in 1401ms @ http://localhost:3000/_next/static/chunks/node_modules_next_dist_1e8vcs8._.js:776
[  254269ms] [LOG] [Fast Refresh] done in 1401ms @ http://localhost:3000/_next/static/chunks/node_modules_next_dist_1e8vcs8._.js:776
[  254331ms] [LOG] [Fast Refresh] done in 1401ms @ http://localhost:3000/_next/static/chunks/node_modules_next_dist_1e8vcs8._.js:776
[  254393ms] [LOG] [Fast Refresh] done in 1401ms @ http://localhost:3000/_next/static/chunks/node_modules_next_dist_1e8vcs8._.js:776
[  254457ms] [LOG] [Fast Refresh] done in 1401ms @ http://localhost:3000/_next/static/chunks/node_modules_next_dist_1e8vcs8._.js:776
[  254521ms] [LOG] [Fast Refresh] done in 1401ms @ http://localhost:3000/_next/static/chunks/node_modules_next_dist_1e8vcs8._.js:776
[  254583ms] [LOG] [Fast Refresh] done in 1401ms @ http://localhost:3000/_next/static/chunks/node_modules_next_dist_1e8vcs8._.js:776
[  254645ms] [LOG] [Fast Refresh] done in 1401ms @ http://localhost:3000/_next/static/chunks/node_modules_next_dist_1e8vcs8._.js:776
[  254710ms] [LOG] [Fast Refresh] done in 1401ms @ http://localhost:3000/_next/static/chunks/node_modules_next_dist_1e8vcs8._.js:776
[  254772ms] [LOG] [Fast Refresh] done in 1401ms @ http://localhost:3000/_next/static/chunks/node_modules_next_dist_1e8vcs8._.js:776
[  254836ms] [LOG] [Fast Refresh] done in 1401ms @ http://localhost:3000/_next/static/chunks/node_modules_next_dist_1e8vcs8._.js:776
[  254898ms] [LOG] [Fast Refresh] done in 1401ms @ http://localhost:3000/_next/static/chunks/node_modules_next_dist_1e8vcs8._.js:776
[  254961ms] [LOG] [Fast Refresh] done in 1401ms @ http://localhost:3000/_next/static/chunks/node_modules_next_dist_1e8vcs8._.js:776
[  255024ms] [LOG] [Fast Refresh] done in 1401ms @ http://localhost:3000/_next/static/chunks/node_modules_next_dist_1e8vcs8._.js:776
[  255086ms] [LOG] [Fast Refresh] done in 1401ms @ http://localhost:3000/_next/static/chunks/node_modules_next_dist_1e8vcs8._.js:776
[  255150ms] [LOG] [Fast Refresh] done in 1401ms @ http://localhost:3000/_next/static/chunks/node_modules_next_dist_1e8vcs8._.js:776
[  255212ms] [LOG] [Fast Refresh] done in 1401ms @ http://localhost:3000/_next/static/chunks/node_modules_next_dist_1e8vcs8._.js:776
[  255276ms] [LOG] [Fast Refresh] done in 1401ms @ http://localhost:3000/_next/static/chunks/node_modules_next_dist_1e8vcs8._.js:776
[  255338ms] [LOG] [Fast Refresh] done in 1401ms @ http://localhost:3000/_next/static/chunks/node_modules_next_dist_1e8vcs8._.js:776
[  255417ms] [LOG] [Fast Refresh] done in 1401ms @ http://localhost:3000/_next/static/chunks/node_modules_next_dist_1e8vcs8._.js:776
[  255481ms] [LOG] [Fast Refresh] done in 1401ms @ http://localhost:3000/_next/static/chunks/node_modules_next_dist_1e8vcs8._.js:776
[  255543ms] [LOG] [Fast Refresh] done in 1401ms @ http://localhost:3000/_next/static/chunks/node_modules_next_dist_1e8vcs8._.js:776
[  255605ms] [LOG] [Fast Refresh] done in 1401ms @ http://localhost:3000/_next/static/chunks/node_modules_next_dist_1e8vcs8._.js:776
[  255669ms] [LOG] [Fast Refresh] done in 1401ms @ http://localhost:3000/_next/static/chunks/node_modules_next_dist_1e8vcs8._.js:776
[  255732ms] [LOG] [Fast Refresh] done in 1401ms @ http://localhost:3000/_next/static/chunks/node_modules_next_dist_1e8vcs8._.js:776
[  255795ms] [LOG] [Fast Refresh] done in 1401ms @ http://localhost:3000/_next/static/chunks/node_modules_next_dist_1e8vcs8._.js:776
[  255857ms] [LOG] [Fast Refresh] done in 1401ms @ http://localhost:3000/_next/static/chunks/node_modules_next_dist_1e8vcs8._.js:776
[  255919ms] [LOG] [Fast Refresh] done in 1401ms @ http://localhost:3000/_next/static/chunks/node_modules_next_dist_1e8vcs8._.js:776
[  255983ms] [LOG] [Fast Refresh] done in 1401ms @ http://localhost:3000/_next/static/chunks/node_modules_next_dist_1e8vcs8._.js:776
[  256045ms] [LOG] [Fast Refresh] done in 1401ms @ http://localhost:3000/_next/static/chunks/node_modules_next_dist_1e8vcs8._.js:776
[  256141ms] [LOG] [Fast Refresh] done in 1401ms @ http://localhost:3000/_next/static/chunks/node_modules_next_dist_1e8vcs8._.js:776
[  256224ms] [LOG] [Fast Refresh] done in 1401ms @ http://localhost:3000/_next/static/chunks/node_modules_next_dist_1e8vcs8._.js:776
[  256282ms] [LOG] [Fast Refresh] done in 1401ms @ http://localhost:3000/_next/static/chunks/node_modules_next_dist_1e8vcs8._.js:776
[  256344ms] [LOG] [Fast Refresh] done in 1401ms @ http://localhost:3000/_next/static/chunks/node_modules_next_dist_1e8vcs8._.js:776
[  256407ms] [LOG] [Fast Refresh] done in 1401ms @ http://localhost:3000/_next/static/chunks/node_modules_next_dist_1e8vcs8._.js:776
[  256470ms] [LOG] [Fast Refresh] done in 1401ms @ http://localhost:3000/_next/static/chunks/node_modules_next_dist_1e8vcs8._.js:776
[  256534ms] [LOG] [Fast Refresh] done in 1401ms @ http://localhost:3000/_next/static/chunks/node_modules_next_dist_1e8vcs8._.js:776
[  256596ms] [LOG] [Fast Refresh] done in 1401ms @ http://localhost:3000/_next/static/chunks/node_modules_next_dist_1e8vcs8._.js:776
[  256659ms] [LOG] [Fast Refresh] done in 1401ms @ http://localhost:3000/_next/static/chunks/node_modules_next_dist_1e8vcs8._.js:776
[  256721ms] [LOG] [Fast Refresh] done in 1401ms @ http://localhost:3000/_next/static/chunks/node_modules_next_dist_1e8vcs8._.js:776
[  256850ms] [LOG] [Fast Refresh] done in 1401ms @ http://localhost:3000/_next/static/chunks/node_modules_next_dist_1e8vcs8._.js:776
[  256908ms] [LOG] [Fast Refresh] done in 1401ms @ http://localhost:3000/_next/static/chunks/node_modules_next_dist_1e8vcs8._.js:776
[  256972ms] [LOG] [Fast Refresh] done in 1401ms @ http://localhost:3000/_next/static/chunks/node_modules_next_dist_1e8vcs8._.js:776
[  257036ms] [LOG] [Fast Refresh] done in 1401ms @ http://localhost:3000/_next/static/chunks/node_modules_next_dist_1e8vcs8._.js:776
[  257098ms] [LOG] [Fast Refresh] done in 1401ms @ http://localhost:3000/_next/static/chunks/node_modules_next_dist_1e8vcs8._.js:776
[  257162ms] [LOG] [Fast Refresh] done in 1401ms @ http://localhost:3000/_next/static/chunks/node_modules_next_dist_1e8vcs8._.js:776
[  257226ms] [LOG] [Fast Refresh] done in 1401ms @ http://localhost:3000/_next/static/chunks/node_modules_next_dist_1e8vcs8._.js:776
[  257288ms] [LOG] [Fast Refresh] done in 1401ms @ http://localhost:3000/_next/static/chunks/node_modules_next_dist_1e8vcs8._.js:776
[  257350ms] [LOG] [Fast Refresh] done in 1401ms @ http://localhost:3000/_next/static/chunks/node_modules_next_dist_1e8vcs8._.js:776
[  257413ms] [LOG] [Fast Refresh] done in 1401ms @ http://localhost:3000/_next/static/chunks/node_modules_next_dist_1e8vcs8._.js:776
[  257474ms] [LOG] [Fast Refresh] done in 1401ms @ http://localhost:3000/_next/static/chunks/node_modules_next_dist_1e8vcs8._.js:776
[  257538ms] [LOG] [Fast Refresh] done in 1401ms @ http://localhost:3000/_next/static/chunks/node_modules_next_dist_1e8vcs8._.js:776
[  257601ms] [LOG] [Fast Refresh] done in 1401ms @ http://localhost:3000/_next/static/chunks/node_modules_next_dist_1e8vcs8._.js:776
[  257665ms] [LOG] [Fast Refresh] done in 1401ms @ http://localhost:3000/_next/static/chunks/node_modules_next_dist_1e8vcs8._.js:776
[  257732ms] [LOG] [Fast Refresh] done in 1401ms @ http://localhost:3000/_next/static/chunks/node_modules_next_dist_1e8vcs8._.js:776
[  257824ms] [LOG] [Fast Refresh] done in 1401ms @ http://localhost:3000/_next/static/chunks/node_modules_next_dist_1e8vcs8._.js:776
[  257886ms] [LOG] [Fast Refresh] done in 1401ms @ http://localhost:3000/_next/static/chunks/node_modules_next_dist_1e8vcs8._.js:776
[  257950ms] [LOG] [Fast Refresh] done in 1401ms @ http://localhost:3000/_next/static/chunks/node_modules_next_dist_1e8vcs8._.js:776
[  258013ms] [LOG] [Fast Refresh] done in 1401ms @ http://localhost:3000/_next/static/chunks/node_modules_next_dist_1e8vcs8._.js:776
[  258075ms] [LOG] [Fast Refresh] done in 1401ms @ http://localhost:3000/_next/static/chunks/node_modules_next_dist_1e8vcs8._.js:776
[  258138ms] [LOG] [Fast Refresh] done in 1401ms @ http://localhost:3000/_next/static/chunks/node_modules_next_dist_1e8vcs8._.js:776
[  258201ms] [LOG] [Fast Refresh] done in 1401ms @ http://localhost:3000/_next/static/chunks/node_modules_next_dist_1e8vcs8._.js:776
[  258265ms] [LOG] [Fast Refresh] done in 1401ms @ http://localhost:3000/_next/static/chunks/node_modules_next_dist_1e8vcs8._.js:776
[  258328ms] [LOG] [Fast Refresh] done in 1401ms @ http://localhost:3000/_next/static/chunks/node_modules_next_dist_1e8vcs8._.js:776
[  258390ms] [LOG] [Fast Refresh] done in 1401ms @ http://localhost:3000/_next/static/chunks/node_modules_next_dist_1e8vcs8._.js:776
[  258454ms] [LOG] [Fast Refresh] done in 1401ms @ http://localhost:3000/_next/static/chunks/node_modules_next_dist_1e8vcs8._.js:776
[  258518ms] [LOG] [Fast Refresh] done in 1401ms @ http://localhost:3000/_next/static/chunks/node_modules_next_dist_1e8vcs8._.js:776
[  258581ms] [LOG] [Fast Refresh] done in 1401ms @ http://localhost:3000/_next/static/chunks/node_modules_next_dist_1e8vcs8._.js:776
[  258643ms] [LOG] [Fast Refresh] done in 1401ms @ http://localhost:3000/_next/static/chunks/node_modules_next_dist_1e8vcs8._.js:776
[  258705ms] [LOG] [Fast Refresh] done in 1401ms @ http://localhost:3000/_next/static/chunks/node_modules_next_dist_1e8vcs8._.js:776
[  258767ms] [LOG] [Fast Refresh] done in 1401ms @ http://localhost:3000/_next/static/chunks/node_modules_next_dist_1e8vcs8._.js:776
[  258830ms] [LOG] [Fast Refresh] done in 1401ms @ http://localhost:3000/_next/static/chunks/node_modules_next_dist_1e8vcs8._.js:776
[  258893ms] [LOG] [Fast Refresh] done in 1401ms @ http://localhost:3000/_next/static/chunks/node_modules_next_dist_1e8vcs8._.js:776
[  258955ms] [LOG] [Fast Refresh] done in 1401ms @ http://localhost:3000/_next/static/chunks/node_modules_next_dist_1e8vcs8._.js:776
[  259019ms] [LOG] [Fast Refresh] done in 1401ms @ http://localhost:3000/_next/static/chunks/node_modules_next_dist_1e8vcs8._.js:776
[  259081ms] [LOG] [Fast Refresh] done in 1401ms @ http://localhost:3000/_next/static/chunks/node_modules_next_dist_1e8vcs8._.js:776
[  259143ms] [LOG] [Fast Refresh] done in 1401ms @ http://localhost:3000/_next/static/chunks/node_modules_next_dist_1e8vcs8._.js:776
[  259206ms] [LOG] [Fast Refresh] done in 1401ms @ http://localhost:3000/_next/static/chunks/node_modules_next_dist_1e8vcs8._.js:776
[  259269ms] [LOG] [Fast Refresh] done in 1401ms @ http://localhost:3000/_next/static/chunks/node_modules_next_dist_1e8vcs8._.js:776
[  259333ms] [LOG] [Fast Refresh] done in 1401ms @ http://localhost:3000/_next/static/chunks/node_modules_next_dist_1e8vcs8._.js:776
[  259395ms] [LOG] [Fast Refresh] done in 1401ms @ http://localhost:3000/_next/static/chunks/node_modules_next_dist_1e8vcs8._.js:776
[  259458ms] [LOG] [Fast Refresh] done in 1401ms @ http://localhost:3000/_next/static/chunks/node_modules_next_dist_1e8vcs8._.js:776
[  259519ms] [LOG] [Fast Refresh] done in 1401ms @ http://localhost:3000/_next/static/chunks/node_modules_next_dist_1e8vcs8._.js:776
[  259583ms] [LOG] [Fast Refresh] done in 1401ms @ http://localhost:3000/_next/static/chunks/node_modules_next_dist_1e8vcs8._.js:776
[  259645ms] [LOG] [Fast Refresh] done in 1401ms @ http://localhost:3000/_next/static/chunks/node_modules_next_dist_1e8vcs8._.js:776
[  259708ms] [LOG] [Fast Refresh] done in 1401ms @ http://localhost:3000/_next/static/chunks/node_modules_next_dist_1e8vcs8._.js:776
[  259773ms] [LOG] [Fast Refresh] done in 1401ms @ http://localhost:3000/_next/static/chunks/node_modules_next_dist_1e8vcs8._.js:776
[  259834ms] [LOG] [Fast Refresh] done in 1401ms @ http://localhost:3000/_next/static/chunks/node_modules_next_dist_1e8vcs8._.js:776
[  259896ms] [LOG] [Fast Refresh] done in 1401ms @ http://localhost:3000/_next/static/chunks/node_modules_next_dist_1e8vcs8._.js:776
[  259960ms] [LOG] [Fast Refresh] done in 1401ms @ http://localhost:3000/_next/static/chunks/node_modules_next_dist_1e8vcs8._.js:776
[  260022ms] [LOG] [Fast Refresh] done in 1401ms @ http://localhost:3000/_next/static/chunks/node_modules_next_dist_1e8vcs8._.js:776
[  260086ms] [LOG] [Fast Refresh] done in 1401ms @ http://localhost:3000/_next/static/chunks/node_modules_next_dist_1e8vcs8._.js:776
[  260164ms] [LOG] [Fast Refresh] done in 1401ms @ http://localhost:3000/_next/static/chunks/node_modules_next_dist_1e8vcs8._.js:776
[  260228ms] [LOG] [Fast Refresh] done in 1401ms @ http://localhost:3000/_next/static/chunks/node_modules_next_dist_1e8vcs8._.js:776
[  260289ms] [LOG] [Fast Refresh] done in 1401ms @ http://localhost:3000/_next/static/chunks/node_modules_next_dist_1e8vcs8._.js:776
[  260353ms] [LOG] [Fast Refresh] done in 1401ms @ http://localhost:3000/_next/static/chunks/node_modules_next_dist_1e8vcs8._.js:776
[  260416ms] [LOG] [Fast Refresh] done in 1401ms @ http://localhost:3000/_next/static/chunks/node_modules_next_dist_1e8vcs8._.js:776
[  260479ms] [LOG] [Fast Refresh] done in 1401ms @ http://localhost:3000/_next/static/chunks/node_modules_next_dist_1e8vcs8._.js:776
[  260543ms] [LOG] [Fast Refresh] done in 1401ms @ http://localhost:3000/_next/static/chunks/node_modules_next_dist_1e8vcs8._.js:776
[  260606ms] [LOG] [Fast Refresh] done in 1401ms @ http://localhost:3000/_next/static/chunks/node_modules_next_dist_1e8vcs8._.js:776
[  260669ms] [LOG] [Fast Refresh] done in 1401ms @ http://localhost:3000/_next/static/chunks/node_modules_next_dist_1e8vcs8._.js:776
[  260733ms] [LOG] [Fast Refresh] done in 1401ms @ http://localhost:3000/_next/static/chunks/node_modules_next_dist_1e8vcs8._.js:776
[  260796ms] [LOG] [Fast Refresh] done in 1401ms @ http://localhost:3000/_next/static/chunks/node_modules_next_dist_1e8vcs8._.js:776
[  260859ms] [LOG] [Fast Refresh] done in 1401ms @ http://localhost:3000/_next/static/chunks/node_modules_next_dist_1e8vcs8._.js:776
[  260922ms] [LOG] [Fast Refresh] done in 1401ms @ http://localhost:3000/_next/static/chunks/node_modules_next_dist_1e8vcs8._.js:776
[  260985ms] [LOG] [Fast Refresh] done in 1401ms @ http://localhost:3000/_next/static/chunks/node_modules_next_dist_1e8vcs8._.js:776
[  261048ms] [LOG] [Fast Refresh] done in 1401ms @ http://localhost:3000/_next/static/chunks/node_modules_next_dist_1e8vcs8._.js:776
[  261112ms] [LOG] [Fast Refresh] done in 1401ms @ http://localhost:3000/_next/static/chunks/node_modules_next_dist_1e8vcs8._.js:776
[  261175ms] [LOG] [Fast Refresh] done in 1401ms @ http://localhost:3000/_next/static/chunks/node_modules_next_dist_1e8vcs8._.js:776
[  261239ms] [LOG] [Fast Refresh] done in 1401ms @ http://localhost:3000/_next/static/chunks/node_modules_next_dist_1e8vcs8._.js:776
[  261302ms] [LOG] [Fast Refresh] done in 1401ms @ http://localhost:3000/_next/static/chunks/node_modules_next_dist_1e8vcs8._.js:776
[  261379ms] [LOG] [Fast Refresh] done in 1401ms @ http://localhost:3000/_next/static/chunks/node_modules_next_dist_1e8vcs8._.js:776
[  261442ms] [LOG] [Fast Refresh] done in 1401ms @ http://localhost:3000/_next/static/chunks/node_modules_next_dist_1e8vcs8._.js:776
[  261505ms] [LOG] [Fast Refresh] done in 1401ms @ http://localhost:3000/_next/static/chunks/node_modules_next_dist_1e8vcs8._.js:776
[  261567ms] [LOG] [Fast Refresh] done in 1401ms @ http://localhost:3000/_next/static/chunks/node_modules_next_dist_1e8vcs8._.js:776
[  261629ms] [LOG] [Fast Refresh] done in 1401ms @ http://localhost:3000/_next/static/chunks/node_modules_next_dist_1e8vcs8._.js:776
[  261691ms] [LOG] [Fast Refresh] done in 1401ms @ http://localhost:3000/_next/static/chunks/node_modules_next_dist_1e8vcs8._.js:776
[  261754ms] [LOG] [Fast Refresh] done in 1401ms @ http://localhost:3000/_next/static/chunks/node_modules_next_dist_1e8vcs8._.js:776
[  261817ms] [LOG] [Fast Refresh] done in 1401ms @ http://localhost:3000/_next/static/chunks/node_modules_next_dist_1e8vcs8._.js:776
[  261878ms] [LOG] [Fast Refresh] done in 1401ms @ http://localhost:3000/_next/static/chunks/node_modules_next_dist_1e8vcs8._.js:776
[  261941ms] [LOG] [Fast Refresh] done in 1401ms @ http://localhost:3000/_next/static/chunks/node_modules_next_dist_1e8vcs8._.js:776
[  262005ms] [LOG] [Fast Refresh] done in 1401ms @ http://localhost:3000/_next/static/chunks/node_modules_next_dist_1e8vcs8._.js:776
[  262068ms] [LOG] [Fast Refresh] done in 1401ms @ http://localhost:3000/_next/static/chunks/node_modules_next_dist_1e8vcs8._.js:776
[  262131ms] [LOG] [Fast Refresh] done in 1401ms @ http://localhost:3000/_next/static/chunks/node_modules_next_dist_1e8vcs8._.js:776
[  262194ms] [LOG] [Fast Refresh] done in 1401ms @ http://localhost:3000/_next/static/chunks/node_modules_next_dist_1e8vcs8._.js:776
[  262255ms] [LOG] [Fast Refresh] done in 1401ms @ http://localhost:3000/_next/static/chunks/node_modules_next_dist_1e8vcs8._.js:776
[  262317ms] [LOG] [Fast Refresh] done in 1401ms @ http://localhost:3000/_next/static/chunks/node_modules_next_dist_1e8vcs8._.js:776
[  262380ms] [LOG] [Fast Refresh] done in 1401ms @ http://localhost:3000/_next/static/chunks/node_modules_next_dist_1e8vcs8._.js:776
[  262444ms] [LOG] [Fast Refresh] done in 1401ms @ http://localhost:3000/_next/static/chunks/node_modules_next_dist_1e8vcs8._.js:776
[  262507ms] [LOG] [Fast Refresh] done in 1401ms @ http://localhost:3000/_next/static/chunks/node_modules_next_dist_1e8vcs8._.js:776
[  262571ms] [LOG] [Fast Refresh] done in 1401ms @ http://localhost:3000/_next/static/chunks/node_modules_next_dist_1e8vcs8._.js:776
[  262634ms] [LOG] [Fast Refresh] done in 1401ms @ http://localhost:3000/_next/static/chunks/node_modules_next_dist_1e8vcs8._.js:776
[  262698ms] [LOG] [Fast Refresh] done in 1401ms @ http://localhost:3000/_next/static/chunks/node_modules_next_dist_1e8vcs8._.js:776
[  262761ms] [LOG] [Fast Refresh] done in 1401ms @ http://localhost:3000/_next/static/chunks/node_modules_next_dist_1e8vcs8._.js:776
[  262826ms] [LOG] [Fast Refresh] done in 1401ms @ http://localhost:3000/_next/static/chunks/node_modules_next_dist_1e8vcs8._.js:776
[  262888ms] [LOG] [Fast Refresh] done in 1401ms @ http://localhost:3000/_next/static/chunks/node_modules_next_dist_1e8vcs8._.js:776
[  262951ms] [LOG] [Fast Refresh] done in 1401ms @ http://localhost:3000/_next/static/chunks/node_modules_next_dist_1e8vcs8._.js:776
[  263014ms] [LOG] [Fast Refresh] done in 1401ms @ http://localhost:3000/_next/static/chunks/node_modules_next_dist_1e8vcs8._.js:776
[  263076ms] [LOG] [Fast Refresh] done in 1401ms @ http://localhost:3000/_next/static/chunks/node_modules_next_dist_1e8vcs8._.js:776
[  263139ms] [LOG] [Fast Refresh] done in 1401ms @ http://localhost:3000/_next/static/chunks/node_modules_next_dist_1e8vcs8._.js:776
[  263201ms] [LOG] [Fast Refresh] done in 1401ms @ http://localhost:3000/_next/static/chunks/node_modules_next_dist_1e8vcs8._.js:776
[  263264ms] [LOG] [Fast Refresh] done in 1401ms @ http://localhost:3000/_next/static/chunks/node_modules_next_dist_1e8vcs8._.js:776
[  263326ms] [LOG] [Fast Refresh] done in 1401ms @ http://localhost:3000/_next/static/chunks/node_modules_next_dist_1e8vcs8._.js:776
[  263388ms] [LOG] [Fast Refresh] done in 1401ms @ http://localhost:3000/_next/static/chunks/node_modules_next_dist_1e8vcs8._.js:776
[  263452ms] [LOG] [Fast Refresh] done in 1401ms @ http://localhost:3000/_next/static/chunks/node_modules_next_dist_1e8vcs8._.js:776
[  263516ms] [LOG] [Fast Refresh] done in 1401ms @ http://localhost:3000/_next/static/chunks/node_modules_next_dist_1e8vcs8._.js:776
[  263579ms] [LOG] [Fast Refresh] done in 1401ms @ http://localhost:3000/_next/static/chunks/node_modules_next_dist_1e8vcs8._.js:776
[  263642ms] [LOG] [Fast Refresh] done in 1401ms @ http://localhost:3000/_next/static/chunks/node_modules_next_dist_1e8vcs8._.js:776
[  263706ms] [LOG] [Fast Refresh] done in 1401ms @ http://localhost:3000/_next/static/chunks/node_modules_next_dist_1e8vcs8._.js:776
[  263767ms] [LOG] [Fast Refresh] done in 1401ms @ http://localhost:3000/_next/static/chunks/node_modules_next_dist_1e8vcs8._.js:776
[  263830ms] [LOG] [Fast Refresh] done in 1401ms @ http://localhost:3000/_next/static/chunks/node_modules_next_dist_1e8vcs8._.js:776
[  263892ms] [LOG] [Fast Refresh] done in 1401ms @ http://localhost:3000/_next/static/chunks/node_modules_next_dist_1e8vcs8._.js:776
[  263955ms] [LOG] [Fast Refresh] done in 1401ms @ http://localhost:3000/_next/static/chunks/node_modules_next_dist_1e8vcs8._.js:776
[  264018ms] [LOG] [Fast Refresh] done in 1401ms @ http://localhost:3000/_next/static/chunks/node_modules_next_dist_1e8vcs8._.js:776
[  264081ms] [LOG] [Fast Refresh] done in 1401ms @ http://localhost:3000/_next/static/chunks/node_modules_next_dist_1e8vcs8._.js:776
[  264145ms] [LOG] [Fast Refresh] done in 1401ms @ http://localhost:3000/_next/static/chunks/node_modules_next_dist_1e8vcs8._.js:776
[  264248ms] [LOG] [Fast Refresh] done in 1401ms @ http://localhost:3000/_next/static/chunks/node_modules_next_dist_1e8vcs8._.js:776
[  264319ms] [LOG] [Fast Refresh] done in 1401ms @ http://localhost:3000/_next/static/chunks/node_modules_next_dist_1e8vcs8._.js:776
[  264397ms] [LOG] [Fast Refresh] done in 1401ms @ http://localhost:3000/_next/static/chunks/node_modules_next_dist_1e8vcs8._.js:776
[  264458ms] [LOG] [Fast Refresh] done in 1401ms @ http://localhost:3000/_next/static/chunks/node_modules_next_dist_1e8vcs8._.js:776
[  264522ms] [LOG] [Fast Refresh] done in 1401ms @ http://localhost:3000/_next/static/chunks/node_modules_next_dist_1e8vcs8._.js:776
[  264584ms] [LOG] [Fast Refresh] done in 1401ms @ http://localhost:3000/_next/static/chunks/node_modules_next_dist_1e8vcs8._.js:776
[  264647ms] [LOG] [Fast Refresh] done in 1401ms @ http://localhost:3000/_next/static/chunks/node_modules_next_dist_1e8vcs8._.js:776
[  264709ms] [LOG] [Fast Refresh] done in 1401ms @ http://localhost:3000/_next/static/chunks/node_modules_next_dist_1e8vcs8._.js:776
[  264773ms] [LOG] [Fast Refresh] done in 1401ms @ http://localhost:3000/_next/static/chunks/node_modules_next_dist_1e8vcs8._.js:776
[  264836ms] [LOG] [Fast Refresh] done in 1401ms @ http://localhost:3000/_next/static/chunks/node_modules_next_dist_1e8vcs8._.js:776
[  264898ms] [LOG] [Fast Refresh] done in 1401ms @ http://localhost:3000/_next/static/chunks/node_modules_next_dist_1e8vcs8._.js:776
[  264962ms] [LOG] [Fast Refresh] done in 1401ms @ http://localhost:3000/_next/static/chunks/node_modules_next_dist_1e8vcs8._.js:776
[  265026ms] [LOG] [Fast Refresh] done in 1401ms @ http://localhost:3000/_next/static/chunks/node_modules_next_dist_1e8vcs8._.js:776
[  265090ms] [LOG] [Fast Refresh] done in 1401ms @ http://localhost:3000/_next/static/chunks/node_modules_next_dist_1e8vcs8._.js:776
[  265151ms] [LOG] [Fast Refresh] done in 1401ms @ http://localhost:3000/_next/static/chunks/node_modules_next_dist_1e8vcs8._.js:776
[  265215ms] [LOG] [Fast Refresh] done in 1401ms @ http://localhost:3000/_next/static/chunks/node_modules_next_dist_1e8vcs8._.js:776
[  265278ms] [LOG] [Fast Refresh] done in 1401ms @ http://localhost:3000/_next/static/chunks/node_modules_next_dist_1e8vcs8._.js:776
[  265342ms] [LOG] [Fast Refresh] done in 1401ms @ http://localhost:3000/_next/static/chunks/node_modules_next_dist_1e8vcs8._.js:776
[  265405ms] [LOG] [Fast Refresh] done in 1401ms @ http://localhost:3000/_next/static/chunks/node_modules_next_dist_1e8vcs8._.js:776
[  265466ms] [LOG] [Fast Refresh] done in 1401ms @ http://localhost:3000/_next/static/chunks/node_modules_next_dist_1e8vcs8._.js:776
[  265531ms] [LOG] [Fast Refresh] done in 1401ms @ http://localhost:3000/_next/static/chunks/node_modules_next_dist_1e8vcs8._.js:776
[  265592ms] [LOG] [Fast Refresh] done in 1401ms @ http://localhost:3000/_next/static/chunks/node_modules_next_dist_1e8vcs8._.js:776
[  265654ms] [LOG] [Fast Refresh] done in 1401ms @ http://localhost:3000/_next/static/chunks/node_modules_next_dist_1e8vcs8._.js:776
[  265716ms] [LOG] [Fast Refresh] done in 1401ms @ http://localhost:3000/_next/static/chunks/node_modules_next_dist_1e8vcs8._.js:776
[  265777ms] [LOG] [Fast Refresh] done in 1401ms @ http://localhost:3000/_next/static/chunks/node_modules_next_dist_1e8vcs8._.js:776
[  265838ms] [LOG] [Fast Refresh] done in 1401ms @ http://localhost:3000/_next/static/chunks/node_modules_next_dist_1e8vcs8._.js:776
[  265899ms] [LOG] [Fast Refresh] done in 1401ms @ http://localhost:3000/_next/static/chunks/node_modules_next_dist_1e8vcs8._.js:776
[  265962ms] [LOG] [Fast Refresh] done in 1401ms @ http://localhost:3000/_next/static/chunks/node_modules_next_dist_1e8vcs8._.js:776
[  266040ms] [LOG] [Fast Refresh] done in 1401ms @ http://localhost:3000/_next/static/chunks/node_modules_next_dist_1e8vcs8._.js:776
[  266103ms] [LOG] [Fast Refresh] done in 1401ms @ http://localhost:3000/_next/static/chunks/node_modules_next_dist_1e8vcs8._.js:776
[  266165ms] [LOG] [Fast Refresh] done in 1401ms @ http://localhost:3000/_next/static/chunks/node_modules_next_dist_1e8vcs8._.js:776
[  266228ms] [LOG] [Fast Refresh] done in 1401ms @ http://localhost:3000/_next/static/chunks/node_modules_next_dist_1e8vcs8._.js:776
[  266291ms] [LOG] [Fast Refresh] done in 1401ms @ http://localhost:3000/_next/static/chunks/node_modules_next_dist_1e8vcs8._.js:776
[  266356ms] [LOG] [Fast Refresh] done in 1401ms @ http://localhost:3000/_next/static/chunks/node_modules_next_dist_1e8vcs8._.js:776
[  266419ms] [LOG] [Fast Refresh] done in 1401ms @ http://localhost:3000/_next/static/chunks/node_modules_next_dist_1e8vcs8._.js:776
[  266482ms] [LOG] [Fast Refresh] done in 1401ms @ http://localhost:3000/_next/static/chunks/node_modules_next_dist_1e8vcs8._.js:776
[  266545ms] [LOG] [Fast Refresh] done in 1401ms @ http://localhost:3000/_next/static/chunks/node_modules_next_dist_1e8vcs8._.js:776
[  266608ms] [LOG] [Fast Refresh] done in 1401ms @ http://localhost:3000/_next/static/chunks/node_modules_next_dist_1e8vcs8._.js:776
[  266689ms] [LOG] [Fast Refresh] done in 1401ms @ http://localhost:3000/_next/static/chunks/node_modules_next_dist_1e8vcs8._.js:776
[  266767ms] [LOG] [Fast Refresh] done in 1401ms @ http://localhost:3000/_next/static/chunks/node_modules_next_dist_1e8vcs8._.js:776
[  266844ms] [LOG] [Fast Refresh] done in 1401ms @ http://localhost:3000/_next/static/chunks/node_modules_next_dist_1e8vcs8._.js:776
[  266916ms] [LOG] [Fast Refresh] done in 1401ms @ http://localhost:3000/_next/static/chunks/node_modules_next_dist_1e8vcs8._.js:776
[  266970ms] [LOG] [Fast Refresh] done in 1401ms @ http://localhost:3000/_next/static/chunks/node_modules_next_dist_1e8vcs8._.js:776
[  267048ms] [LOG] [Fast Refresh] done in 1401ms @ http://localhost:3000/_next/static/chunks/node_modules_next_dist_1e8vcs8._.js:776
[  267112ms] [LOG] [Fast Refresh] done in 1401ms @ http://localhost:3000/_next/static/chunks/node_modules_next_dist_1e8vcs8._.js:776
[  267175ms] [LOG] [Fast Refresh] done in 1401ms @ http://localhost:3000/_next/static/chunks/node_modules_next_dist_1e8vcs8._.js:776
[  267239ms] [LOG] [Fast Refresh] done in 1401ms @ http://localhost:3000/_next/static/chunks/node_modules_next_dist_1e8vcs8._.js:776
[  267302ms] [LOG] [Fast Refresh] done in 1401ms @ http://localhost:3000/_next/static/chunks/node_modules_next_dist_1e8vcs8._.js:776
[  267365ms] [LOG] [Fast Refresh] done in 1401ms @ http://localhost:3000/_next/static/chunks/node_modules_next_dist_1e8vcs8._.js:776
[  267428ms] [LOG] [Fast Refresh] done in 1401ms @ http://localhost:3000/_next/static/chunks/node_modules_next_dist_1e8vcs8._.js:776
[  267489ms] [LOG] [Fast Refresh] done in 1401ms @ http://localhost:3000/_next/static/chunks/node_modules_next_dist_1e8vcs8._.js:776
[  267551ms] [LOG] [Fast Refresh] done in 1401ms @ http://localhost:3000/_next/static/chunks/node_modules_next_dist_1e8vcs8._.js:776
[  267615ms] [LOG] [Fast Refresh] done in 1401ms @ http://localhost:3000/_next/static/chunks/node_modules_next_dist_1e8vcs8._.js:776
[  267677ms] [LOG] [Fast Refresh] done in 1401ms @ http://localhost:3000/_next/static/chunks/node_modules_next_dist_1e8vcs8._.js:776
[  267741ms] [LOG] [Fast Refresh] done in 1401ms @ http://localhost:3000/_next/static/chunks/node_modules_next_dist_1e8vcs8._.js:776
[  267804ms] [LOG] [Fast Refresh] done in 1401ms @ http://localhost:3000/_next/static/chunks/node_modules_next_dist_1e8vcs8._.js:776
[  267866ms] [LOG] [Fast Refresh] done in 1401ms @ http://localhost:3000/_next/static/chunks/node_modules_next_dist_1e8vcs8._.js:776
[  267929ms] [LOG] [Fast Refresh] done in 1401ms @ http://localhost:3000/_next/static/chunks/node_modules_next_dist_1e8vcs8._.js:776
[  267991ms] [LOG] [Fast Refresh] done in 1401ms @ http://localhost:3000/_next/static/chunks/node_modules_next_dist_1e8vcs8._.js:776
[  268067ms] [LOG] [Fast Refresh] done in 1401ms @ http://localhost:3000/_next/static/chunks/node_modules_next_dist_1e8vcs8._.js:776
[  268131ms] [LOG] [Fast Refresh] done in 1401ms @ http://localhost:3000/_next/static/chunks/node_modules_next_dist_1e8vcs8._.js:776
[  268195ms] [LOG] [Fast Refresh] done in 1401ms @ http://localhost:3000/_next/static/chunks/node_modules_next_dist_1e8vcs8._.js:776
[  268256ms] [LOG] [Fast Refresh] done in 1401ms @ http://localhost:3000/_next/static/chunks/node_modules_next_dist_1e8vcs8._.js:776
[  268320ms] [LOG] [Fast Refresh] done in 1401ms @ http://localhost:3000/_next/static/chunks/node_modules_next_dist_1e8vcs8._.js:776
[  268385ms] [LOG] [Fast Refresh] done in 1401ms @ http://localhost:3000/_next/static/chunks/node_modules_next_dist_1e8vcs8._.js:776
[  268448ms] [LOG] [Fast Refresh] done in 1401ms @ http://localhost:3000/_next/static/chunks/node_modules_next_dist_1e8vcs8._.js:776
[  268511ms] [LOG] [Fast Refresh] done in 1401ms @ http://localhost:3000/_next/static/chunks/node_modules_next_dist_1e8vcs8._.js:776
[  268576ms] [LOG] [Fast Refresh] done in 1401ms @ http://localhost:3000/_next/static/chunks/node_modules_next_dist_1e8vcs8._.js:776
[  268639ms] [LOG] [Fast Refresh] done in 1401ms @ http://localhost:3000/_next/static/chunks/node_modules_next_dist_1e8vcs8._.js:776
[  268703ms] [LOG] [Fast Refresh] done in 1401ms @ http://localhost:3000/_next/static/chunks/node_modules_next_dist_1e8vcs8._.js:776
[  268765ms] [LOG] [Fast Refresh] done in 1401ms @ http://localhost:3000/_next/static/chunks/node_modules_next_dist_1e8vcs8._.js:776
[  268828ms] [LOG] [Fast Refresh] done in 1401ms @ http://localhost:3000/_next/static/chunks/node_modules_next_dist_1e8vcs8._.js:776
[  268891ms] [LOG] [Fast Refresh] done in 1401ms @ http://localhost:3000/_next/static/chunks/node_modules_next_dist_1e8vcs8._.js:776
[  268954ms] [LOG] [Fast Refresh] done in 1401ms @ http://localhost:3000/_next/static/chunks/node_modules_next_dist_1e8vcs8._.js:776
[  269018ms] [LOG] [Fast Refresh] done in 1401ms @ http://localhost:3000/_next/static/chunks/node_modules_next_dist_1e8vcs8._.js:776
[  269079ms] [LOG] [Fast Refresh] done in 1401ms @ http://localhost:3000/_next/static/chunks/node_modules_next_dist_1e8vcs8._.js:776
[  269143ms] [LOG] [Fast Refresh] done in 1401ms @ http://localhost:3000/_next/static/chunks/node_modules_next_dist_1e8vcs8._.js:776
[  269206ms] [LOG] [Fast Refresh] done in 1401ms @ http://localhost:3000/_next/static/chunks/node_modules_next_dist_1e8vcs8._.js:776
[  269269ms] [LOG] [Fast Refresh] done in 1401ms @ http://localhost:3000/_next/static/chunks/node_modules_next_dist_1e8vcs8._.js:776
[  269332ms] [LOG] [Fast Refresh] done in 1401ms @ http://localhost:3000/_next/static/chunks/node_modules_next_dist_1e8vcs8._.js:776
[  269396ms] [LOG] [Fast Refresh] done in 1401ms @ http://localhost:3000/_next/static/chunks/node_modules_next_dist_1e8vcs8._.js:776
[  269459ms] [LOG] [Fast Refresh] done in 1401ms @ http://localhost:3000/_next/static/chunks/node_modules_next_dist_1e8vcs8._.js:776
[  269537ms] [LOG] [Fast Refresh] done in 1401ms @ http://localhost:3000/_next/static/chunks/node_modules_next_dist_1e8vcs8._.js:776
[  269601ms] [LOG] [Fast Refresh] done in 1401ms @ http://localhost:3000/_next/static/chunks/node_modules_next_dist_1e8vcs8._.js:776
[  269662ms] [LOG] [Fast Refresh] done in 1401ms @ http://localhost:3000/_next/static/chunks/node_modules_next_dist_1e8vcs8._.js:776
[  269724ms] [LOG] [Fast Refresh] done in 1401ms @ http://localhost:3000/_next/static/chunks/node_modules_next_dist_1e8vcs8._.js:776
[  269788ms] [LOG] [Fast Refresh] done in 1401ms @ http://localhost:3000/_next/static/chunks/node_modules_next_dist_1e8vcs8._.js:776
[  269851ms] [LOG] [Fast Refresh] done in 1401ms @ http://localhost:3000/_next/static/chunks/node_modules_next_dist_1e8vcs8._.js:776
[  269913ms] [LOG] [Fast Refresh] done in 1401ms @ http://localhost:3000/_next/static/chunks/node_modules_next_dist_1e8vcs8._.js:776
[  269977ms] [LOG] [Fast Refresh] done in 1401ms @ http://localhost:3000/_next/static/chunks/node_modules_next_dist_1e8vcs8._.js:776
[  270040ms] [LOG] [Fast Refresh] done in 1401ms @ http://localhost:3000/_next/static/chunks/node_modules_next_dist_1e8vcs8._.js:776
[  270103ms] [LOG] [Fast Refresh] done in 1401ms @ http://localhost:3000/_next/static/chunks/node_modules_next_dist_1e8vcs8._.js:776
[  270167ms] [LOG] [Fast Refresh] done in 1401ms @ http://localhost:3000/_next/static/chunks/node_modules_next_dist_1e8vcs8._.js:776
[  270229ms] [LOG] [Fast Refresh] done in 1401ms @ http://localhost:3000/_next/static/chunks/node_modules_next_dist_1e8vcs8._.js:776
[  270292ms] [LOG] [Fast Refresh] done in 1401ms @ http://localhost:3000/_next/static/chunks/node_modules_next_dist_1e8vcs8._.js:776
[  270356ms] [LOG] [Fast Refresh] done in 1401ms @ http://localhost:3000/_next/static/chunks/node_modules_next_dist_1e8vcs8._.js:776
[  270419ms] [LOG] [Fast Refresh] done in 1401ms @ http://localhost:3000/_next/static/chunks/node_modules_next_dist_1e8vcs8._.js:776
[  270482ms] [LOG] [Fast Refresh] done in 1401ms @ http://localhost:3000/_next/static/chunks/node_modules_next_dist_1e8vcs8._.js:776
[  270546ms] [LOG] [Fast Refresh] done in 1401ms @ http://localhost:3000/_next/static/chunks/node_modules_next_dist_1e8vcs8._.js:776
[  270609ms] [LOG] [Fast Refresh] done in 1401ms @ http://localhost:3000/_next/static/chunks/node_modules_next_dist_1e8vcs8._.js:776
[  270672ms] [LOG] [Fast Refresh] done in 1401ms @ http://localhost:3000/_next/static/chunks/node_modules_next_dist_1e8vcs8._.js:776
[  270736ms] [LOG] [Fast Refresh] done in 1401ms @ http://localhost:3000/_next/static/chunks/node_modules_next_dist_1e8vcs8._.js:776
[  270799ms] [LOG] [Fast Refresh] done in 1401ms @ http://localhost:3000/_next/static/chunks/node_modules_next_dist_1e8vcs8._.js:776
[  270861ms] [LOG] [Fast Refresh] done in 1401ms @ http://localhost:3000/_next/static/chunks/node_modules_next_dist_1e8vcs8._.js:776
[  270924ms] [LOG] [Fast Refresh] done in 1401ms @ http://localhost:3000/_next/static/chunks/node_modules_next_dist_1e8vcs8._.js:776
[  270987ms] [LOG] [Fast Refresh] done in 1401ms @ http://localhost:3000/_next/static/chunks/node_modules_next_dist_1e8vcs8._.js:776
[  271051ms] [LOG] [Fast Refresh] done in 1401ms @ http://localhost:3000/_next/static/chunks/node_modules_next_dist_1e8vcs8._.js:776
[  271114ms] [LOG] [Fast Refresh] done in 1401ms @ http://localhost:3000/_next/static/chunks/node_modules_next_dist_1e8vcs8._.js:776
[  271178ms] [LOG] [Fast Refresh] done in 1401ms @ http://localhost:3000/_next/static/chunks/node_modules_next_dist_1e8vcs8._.js:776
[  271240ms] [LOG] [Fast Refresh] done in 1401ms @ http://localhost:3000/_next/static/chunks/node_modules_next_dist_1e8vcs8._.js:776
[  271302ms] [LOG] [Fast Refresh] done in 1401ms @ http://localhost:3000/_next/static/chunks/node_modules_next_dist_1e8vcs8._.js:776
[  271364ms] [LOG] [Fast Refresh] done in 1401ms @ http://localhost:3000/_next/static/chunks/node_modules_next_dist_1e8vcs8._.js:776
[  271426ms] [LOG] [Fast Refresh] done in 1401ms @ http://localhost:3000/_next/static/chunks/node_modules_next_dist_1e8vcs8._.js:776
[  271551ms] [LOG] [Fast Refresh] done in 1401ms @ http://localhost:3000/_next/static/chunks/node_modules_next_dist_1e8vcs8._.js:776
[  271615ms] [LOG] [Fast Refresh] done in 1401ms @ http://localhost:3000/_next/static/chunks/node_modules_next_dist_1e8vcs8._.js:776
[  271678ms] [LOG] [Fast Refresh] done in 1401ms @ http://localhost:3000/_next/static/chunks/node_modules_next_dist_1e8vcs8._.js:776
[  271741ms] [LOG] [Fast Refresh] done in 1401ms @ http://localhost:3000/_next/static/chunks/node_modules_next_dist_1e8vcs8._.js:776
[  271805ms] [LOG] [Fast Refresh] done in 1401ms @ http://localhost:3000/_next/static/chunks/node_modules_next_dist_1e8vcs8._.js:776
[  271868ms] [LOG] [Fast Refresh] done in 1401ms @ http://localhost:3000/_next/static/chunks/node_modules_next_dist_1e8vcs8._.js:776
[  271927ms] [LOG] [Fast Refresh] done in 1401ms @ http://localhost:3000/_next/static/chunks/node_modules_next_dist_1e8vcs8._.js:776
[  271990ms] [LOG] [Fast Refresh] done in 1401ms @ http://localhost:3000/_next/static/chunks/node_modules_next_dist_1e8vcs8._.js:776
[  272053ms] [LOG] [Fast Refresh] done in 1401ms @ http://localhost:3000/_next/static/chunks/node_modules_next_dist_1e8vcs8._.js:776
[  272115ms] [LOG] [Fast Refresh] done in 1401ms @ http://localhost:3000/_next/static/chunks/node_modules_next_dist_1e8vcs8._.js:776
[  272177ms] [LOG] [Fast Refresh] done in 1401ms @ http://localhost:3000/_next/static/chunks/node_modules_next_dist_1e8vcs8._.js:776
[  272239ms] [LOG] [Fast Refresh] done in 1401ms @ http://localhost:3000/_next/static/chunks/node_modules_next_dist_1e8vcs8._.js:776
[  272301ms] [LOG] [Fast Refresh] done in 1401ms @ http://localhost:3000/_next/static/chunks/node_modules_next_dist_1e8vcs8._.js:776
[  272378ms] [LOG] [Fast Refresh] done in 1401ms @ http://localhost:3000/_next/static/chunks/node_modules_next_dist_1e8vcs8._.js:776
[  272441ms] [LOG] [Fast Refresh] done in 1401ms @ http://localhost:3000/_next/static/chunks/node_modules_next_dist_1e8vcs8._.js:776
[  272504ms] [LOG] [Fast Refresh] done in 1401ms @ http://localhost:3000/_next/static/chunks/node_modules_next_dist_1e8vcs8._.js:776
[  272628ms] [LOG] [Fast Refresh] done in 1401ms @ http://localhost:3000/_next/static/chunks/node_modules_next_dist_1e8vcs8._.js:776
[  272691ms] [LOG] [Fast Refresh] done in 1401ms @ http://localhost:3000/_next/static/chunks/node_modules_next_dist_1e8vcs8._.js:776
[  272752ms] [LOG] [Fast Refresh] done in 1401ms @ http://localhost:3000/_next/static/chunks/node_modules_next_dist_1e8vcs8._.js:776
[  272814ms] [LOG] [Fast Refresh] done in 1401ms @ http://localhost:3000/_next/static/chunks/node_modules_next_dist_1e8vcs8._.js:776
[  272877ms] [LOG] [Fast Refresh] done in 1401ms @ http://localhost:3000/_next/static/chunks/node_modules_next_dist_1e8vcs8._.js:776
[  272940ms] [LOG] [Fast Refresh] done in 1401ms @ http://localhost:3000/_next/static/chunks/node_modules_next_dist_1e8vcs8._.js:776
[  273002ms] [LOG] [Fast Refresh] done in 1401ms @ http://localhost:3000/_next/static/chunks/node_modules_next_dist_1e8vcs8._.js:776
[  273066ms] [LOG] [Fast Refresh] done in 1401ms @ http://localhost:3000/_next/static/chunks/node_modules_next_dist_1e8vcs8._.js:776
[  273128ms] [LOG] [Fast Refresh] done in 1401ms @ http://localhost:3000/_next/static/chunks/node_modules_next_dist_1e8vcs8._.js:776
[  273191ms] [LOG] [Fast Refresh] done in 1401ms @ http://localhost:3000/_next/static/chunks/node_modules_next_dist_1e8vcs8._.js:776
[  273254ms] [LOG] [Fast Refresh] done in 1401ms @ http://localhost:3000/_next/static/chunks/node_modules_next_dist_1e8vcs8._.js:776
[  273317ms] [LOG] [Fast Refresh] done in 1401ms @ http://localhost:3000/_next/static/chunks/node_modules_next_dist_1e8vcs8._.js:776
[  273379ms] [LOG] [Fast Refresh] done in 1401ms @ http://localhost:3000/_next/static/chunks/node_modules_next_dist_1e8vcs8._.js:776
[  273442ms] [LOG] [Fast Refresh] done in 1401ms @ http://localhost:3000/_next/static/chunks/node_modules_next_dist_1e8vcs8._.js:776
[  273506ms] [LOG] [Fast Refresh] done in 1401ms @ http://localhost:3000/_next/static/chunks/node_modules_next_dist_1e8vcs8._.js:776
[  273569ms] [LOG] [Fast Refresh] done in 1401ms @ http://localhost:3000/_next/static/chunks/node_modules_next_dist_1e8vcs8._.js:776
[  273633ms] [LOG] [Fast Refresh] done in 1401ms @ http://localhost:3000/_next/static/chunks/node_modules_next_dist_1e8vcs8._.js:776
[  273694ms] [LOG] [Fast Refresh] done in 1401ms @ http://localhost:3000/_next/static/chunks/node_modules_next_dist_1e8vcs8._.js:776
[  273757ms] [LOG] [Fast Refresh] done in 1401ms @ http://localhost:3000/_next/static/chunks/node_modules_next_dist_1e8vcs8._.js:776
[  273820ms] [LOG] [Fast Refresh] done in 1401ms @ http://localhost:3000/_next/static/chunks/node_modules_next_dist_1e8vcs8._.js:776
[  273882ms] [LOG] [Fast Refresh] done in 1401ms @ http://localhost:3000/_next/static/chunks/node_modules_next_dist_1e8vcs8._.js:776
[  273944ms] [LOG] [Fast Refresh] done in 1401ms @ http://localhost:3000/_next/static/chunks/node_modules_next_dist_1e8vcs8._.js:776
[  274021ms] [LOG] [Fast Refresh] done in 1401ms @ http://localhost:3000/_next/static/chunks/node_modules_next_dist_1e8vcs8._.js:776
[  274083ms] [LOG] [Fast Refresh] done in 1401ms @ http://localhost:3000/_next/static/chunks/node_modules_next_dist_1e8vcs8._.js:776
[  274146ms] [LOG] [Fast Refresh] done in 1401ms @ http://localhost:3000/_next/static/chunks/node_modules_next_dist_1e8vcs8._.js:776
[  274209ms] [LOG] [Fast Refresh] done in 1401ms @ http://localhost:3000/_next/static/chunks/node_modules_next_dist_1e8vcs8._.js:776
[  274273ms] [LOG] [Fast Refresh] done in 1401ms @ http://localhost:3000/_next/static/chunks/node_modules_next_dist_1e8vcs8._.js:776
[  274351ms] [LOG] [Fast Refresh] done in 1401ms @ http://localhost:3000/_next/static/chunks/node_modules_next_dist_1e8vcs8._.js:776
[  274414ms] [LOG] [Fast Refresh] done in 1401ms @ http://localhost:3000/_next/static/chunks/node_modules_next_dist_1e8vcs8._.js:776
[  274476ms] [LOG] [Fast Refresh] done in 1401ms @ http://localhost:3000/_next/static/chunks/node_modules_next_dist_1e8vcs8._.js:776
[  274539ms] [LOG] [Fast Refresh] done in 1401ms @ http://localhost:3000/_next/static/chunks/node_modules_next_dist_1e8vcs8._.js:776
[  274602ms] [LOG] [Fast Refresh] done in 1401ms @ http://localhost:3000/_next/static/chunks/node_modules_next_dist_1e8vcs8._.js:776
[  274665ms] [LOG] [Fast Refresh] done in 1401ms @ http://localhost:3000/_next/static/chunks/node_modules_next_dist_1e8vcs8._.js:776
[  274729ms] [LOG] [Fast Refresh] done in 1401ms @ http://localhost:3000/_next/static/chunks/node_modules_next_dist_1e8vcs8._.js:776
[  274791ms] [LOG] [Fast Refresh] done in 1401ms @ http://localhost:3000/_next/static/chunks/node_modules_next_dist_1e8vcs8._.js:776
[  274853ms] [LOG] [Fast Refresh] done in 1401ms @ http://localhost:3000/_next/static/chunks/node_modules_next_dist_1e8vcs8._.js:776
[  274916ms] [LOG] [Fast Refresh] done in 1401ms @ http://localhost:3000/_next/static/chunks/node_modules_next_dist_1e8vcs8._.js:776
[  274979ms] [LOG] [Fast Refresh] done in 1401ms @ http://localhost:3000/_next/static/chunks/node_modules_next_dist_1e8vcs8._.js:776
[  275043ms] [LOG] [Fast Refresh] done in 1401ms @ http://localhost:3000/_next/static/chunks/node_modules_next_dist_1e8vcs8._.js:776
[  275106ms] [LOG] [Fast Refresh] done in 1401ms @ http://localhost:3000/_next/static/chunks/node_modules_next_dist_1e8vcs8._.js:776
[  275169ms] [LOG] [Fast Refresh] done in 1401ms @ http://localhost:3000/_next/static/chunks/node_modules_next_dist_1e8vcs8._.js:776
[  275230ms] [LOG] [Fast Refresh] done in 1401ms @ http://localhost:3000/_next/static/chunks/node_modules_next_dist_1e8vcs8._.js:776
[  275291ms] [LOG] [Fast Refresh] done in 1401ms @ http://localhost:3000/_next/static/chunks/node_modules_next_dist_1e8vcs8._.js:776
[  275354ms] [LOG] [Fast Refresh] done in 1401ms @ http://localhost:3000/_next/static/chunks/node_modules_next_dist_1e8vcs8._.js:776
[  275416ms] [LOG] [Fast Refresh] done in 1401ms @ http://localhost:3000/_next/static/chunks/node_modules_next_dist_1e8vcs8._.js:776
[  275479ms] [LOG] [Fast Refresh] done in 1401ms @ http://localhost:3000/_next/static/chunks/node_modules_next_dist_1e8vcs8._.js:776
[  275543ms] [LOG] [Fast Refresh] done in 1401ms @ http://localhost:3000/_next/static/chunks/node_modules_next_dist_1e8vcs8._.js:776
[  275606ms] [LOG] [Fast Refresh] done in 1401ms @ http://localhost:3000/_next/static/chunks/node_modules_next_dist_1e8vcs8._.js:776
[  275669ms] [LOG] [Fast Refresh] done in 1401ms @ http://localhost:3000/_next/static/chunks/node_modules_next_dist_1e8vcs8._.js:776
[  275733ms] [LOG] [Fast Refresh] done in 1401ms @ http://localhost:3000/_next/static/chunks/node_modules_next_dist_1e8vcs8._.js:776
[  275794ms] [LOG] [Fast Refresh] done in 1401ms @ http://localhost:3000/_next/static/chunks/node_modules_next_dist_1e8vcs8._.js:776
[  275857ms] [LOG] [Fast Refresh] done in 1401ms @ http://localhost:3000/_next/static/chunks/node_modules_next_dist_1e8vcs8._.js:776
[  275919ms] [LOG] [Fast Refresh] done in 1401ms @ http://localhost:3000/_next/static/chunks/node_modules_next_dist_1e8vcs8._.js:776
[  275981ms] [LOG] [Fast Refresh] done in 1401ms @ http://localhost:3000/_next/static/chunks/node_modules_next_dist_1e8vcs8._.js:776
[  276043ms] [LOG] [Fast Refresh] done in 1401ms @ http://localhost:3000/_next/static/chunks/node_modules_next_dist_1e8vcs8._.js:776
[  276107ms] [LOG] [Fast Refresh] done in 1401ms @ http://localhost:3000/_next/static/chunks/node_modules_next_dist_1e8vcs8._.js:776
[  276169ms] [LOG] [Fast Refresh] done in 1401ms @ http://localhost:3000/_next/static/chunks/node_modules_next_dist_1e8vcs8._.js:776
[  276248ms] [LOG] [Fast Refresh] done in 1401ms @ http://localhost:3000/_next/static/chunks/node_modules_next_dist_1e8vcs8._.js:776
[  276311ms] [LOG] [Fast Refresh] done in 1401ms @ http://localhost:3000/_next/static/chunks/node_modules_next_dist_1e8vcs8._.js:776
[  276387ms] [LOG] [Fast Refresh] done in 1401ms @ http://localhost:3000/_next/static/chunks/node_modules_next_dist_1e8vcs8._.js:776
[  276451ms] [LOG] [Fast Refresh] done in 1401ms @ http://localhost:3000/_next/static/chunks/node_modules_next_dist_1e8vcs8._.js:776
[  276515ms] [LOG] [Fast Refresh] done in 1401ms @ http://localhost:3000/_next/static/chunks/node_modules_next_dist_1e8vcs8._.js:776
[  276578ms] [LOG] [Fast Refresh] done in 1401ms @ http://localhost:3000/_next/static/chunks/node_modules_next_dist_1e8vcs8._.js:776
[  276674ms] [LOG] [Fast Refresh] done in 1401ms @ http://localhost:3000/_next/static/chunks/node_modules_next_dist_1e8vcs8._.js:776
[  276734ms] [LOG] [Fast Refresh] done in 1401ms @ http://localhost:3000/_next/static/chunks/node_modules_next_dist_1e8vcs8._.js:776
[  276796ms] [LOG] [Fast Refresh] done in 1401ms @ http://localhost:3000/_next/static/chunks/node_modules_next_dist_1e8vcs8._.js:776
[  276860ms] [LOG] [Fast Refresh] done in 1401ms @ http://localhost:3000/_next/static/chunks/node_modules_next_dist_1e8vcs8._.js:776
[  276923ms] [LOG] [Fast Refresh] done in 1401ms @ http://localhost:3000/_next/static/chunks/node_modules_next_dist_1e8vcs8._.js:776
[  277002ms] [LOG] [Fast Refresh] done in 1401ms @ http://localhost:3000/_next/static/chunks/node_modules_next_dist_1e8vcs8._.js:776
[  277082ms] [LOG] [Fast Refresh] done in 1401ms @ http://localhost:3000/_next/static/chunks/node_modules_next_dist_1e8vcs8._.js:776
[  277159ms] [LOG] [Fast Refresh] done in 1401ms @ http://localhost:3000/_next/static/chunks/node_modules_next_dist_1e8vcs8._.js:776
[  277237ms] [LOG] [Fast Refresh] done in 1401ms @ http://localhost:3000/_next/static/chunks/node_modules_next_dist_1e8vcs8._.js:776
[  277300ms] [LOG] [Fast Refresh] done in 1401ms @ http://localhost:3000/_next/static/chunks/node_modules_next_dist_1e8vcs8._.js:776
[  277362ms] [LOG] [Fast Refresh] done in 1401ms @ http://localhost:3000/_next/static/chunks/node_modules_next_dist_1e8vcs8._.js:776
[  277424ms] [LOG] [Fast Refresh] done in 1401ms @ http://localhost:3000/_next/static/chunks/node_modules_next_dist_1e8vcs8._.js:776
[  277487ms] [LOG] [Fast Refresh] done in 1401ms @ http://localhost:3000/_next/static/chunks/node_modules_next_dist_1e8vcs8._.js:776
[  277550ms] [LOG] [Fast Refresh] done in 1401ms @ http://localhost:3000/_next/static/chunks/node_modules_next_dist_1e8vcs8._.js:776
[  277612ms] [LOG] [Fast Refresh] done in 1401ms @ http://localhost:3000/_next/static/chunks/node_modules_next_dist_1e8vcs8._.js:776
[  277674ms] [LOG] [Fast Refresh] done in 1401ms @ http://localhost:3000/_next/static/chunks/node_modules_next_dist_1e8vcs8._.js:776
[  277736ms] [LOG] [Fast Refresh] done in 1401ms @ http://localhost:3000/_next/static/chunks/node_modules_next_dist_1e8vcs8._.js:776
[  277798ms] [LOG] [Fast Refresh] done in 1401ms @ http://localhost:3000/_next/static/chunks/node_modules_next_dist_1e8vcs8._.js:776
[  277861ms] [LOG] [Fast Refresh] done in 1401ms @ http://localhost:3000/_next/static/chunks/node_modules_next_dist_1e8vcs8._.js:776
[  277925ms] [LOG] [Fast Refresh] done in 1401ms @ http://localhost:3000/_next/static/chunks/node_modules_next_dist_1e8vcs8._.js:776
[  277988ms] [LOG] [Fast Refresh] done in 1401ms @ http://localhost:3000/_next/static/chunks/node_modules_next_dist_1e8vcs8._.js:776
[  278051ms] [LOG] [Fast Refresh] done in 1401ms @ http://localhost:3000/_next/static/chunks/node_modules_next_dist_1e8vcs8._.js:776
[  278115ms] [LOG] [Fast Refresh] done in 1401ms @ http://localhost:3000/_next/static/chunks/node_modules_next_dist_1e8vcs8._.js:776
[  278178ms] [LOG] [Fast Refresh] done in 1401ms @ http://localhost:3000/_next/static/chunks/node_modules_next_dist_1e8vcs8._.js:776
[  278242ms] [LOG] [Fast Refresh] done in 1401ms @ http://localhost:3000/_next/static/chunks/node_modules_next_dist_1e8vcs8._.js:776
[  278303ms] [LOG] [Fast Refresh] done in 1401ms @ http://localhost:3000/_next/static/chunks/node_modules_next_dist_1e8vcs8._.js:776
[  278367ms] [LOG] [Fast Refresh] done in 1401ms @ http://localhost:3000/_next/static/chunks/node_modules_next_dist_1e8vcs8._.js:776
[  278430ms] [LOG] [Fast Refresh] done in 1401ms @ http://localhost:3000/_next/static/chunks/node_modules_next_dist_1e8vcs8._.js:776
[  278493ms] [LOG] [Fast Refresh] done in 1401ms @ http://localhost:3000/_next/static/chunks/node_modules_next_dist_1e8vcs8._.js:776
[  278557ms] [LOG] [Fast Refresh] done in 1401ms @ http://localhost:3000/_next/static/chunks/node_modules_next_dist_1e8vcs8._.js:776
[  278621ms] [LOG] [Fast Refresh] done in 1401ms @ http://localhost:3000/_next/static/chunks/node_modules_next_dist_1e8vcs8._.js:776
[  278683ms] [LOG] [Fast Refresh] done in 1401ms @ http://localhost:3000/_next/static/chunks/node_modules_next_dist_1e8vcs8._.js:776
[  278746ms] [LOG] [Fast Refresh] done in 1401ms @ http://localhost:3000/_next/static/chunks/node_modules_next_dist_1e8vcs8._.js:776
[  278809ms] [LOG] [Fast Refresh] done in 1401ms @ http://localhost:3000/_next/static/chunks/node_modules_next_dist_1e8vcs8._.js:776
[  278929ms] [LOG] [Fast Refresh] done in 1401ms @ http://localhost:3000/_next/static/chunks/node_modules_next_dist_1e8vcs8._.js:776
[  279012ms] [LOG] [Fast Refresh] done in 1401ms @ http://localhost:3000/_next/static/chunks/node_modules_next_dist_1e8vcs8._.js:776
[  279073ms] [LOG] [Fast Refresh] done in 1401ms @ http://localhost:3000/_next/static/chunks/node_modules_next_dist_1e8vcs8._.js:776
[  279136ms] [LOG] [Fast Refresh] done in 1401ms @ http://localhost:3000/_next/static/chunks/node_modules_next_dist_1e8vcs8._.js:776
[  279199ms] [LOG] [Fast Refresh] done in 1401ms @ http://localhost:3000/_next/static/chunks/node_modules_next_dist_1e8vcs8._.js:776
[  279261ms] [LOG] [Fast Refresh] done in 1401ms @ http://localhost:3000/_next/static/chunks/node_modules_next_dist_1e8vcs8._.js:776
[  279325ms] [LOG] [Fast Refresh] done in 1401ms @ http://localhost:3000/_next/static/chunks/node_modules_next_dist_1e8vcs8._.js:776
[  279388ms] [LOG] [Fast Refresh] done in 1401ms @ http://localhost:3000/_next/static/chunks/node_modules_next_dist_1e8vcs8._.js:776
[  279451ms] [LOG] [Fast Refresh] done in 1401ms @ http://localhost:3000/_next/static/chunks/node_modules_next_dist_1e8vcs8._.js:776
[  279515ms] [LOG] [Fast Refresh] done in 1401ms @ http://localhost:3000/_next/static/chunks/node_modules_next_dist_1e8vcs8._.js:776
[  279576ms] [LOG] [Fast Refresh] done in 1401ms @ http://localhost:3000/_next/static/chunks/node_modules_next_dist_1e8vcs8._.js:776
[  279639ms] [LOG] [Fast Refresh] done in 1401ms @ http://localhost:3000/_next/static/chunks/node_modules_next_dist_1e8vcs8._.js:776
[  279702ms] [LOG] [Fast Refresh] done in 1401ms @ http://localhost:3000/_next/static/chunks/node_modules_next_dist_1e8vcs8._.js:776
[  279765ms] [LOG] [Fast Refresh] done in 1401ms @ http://localhost:3000/_next/static/chunks/node_modules_next_dist_1e8vcs8._.js:776
[  279828ms] [LOG] [Fast Refresh] done in 1401ms @ http://localhost:3000/_next/static/chunks/node_modules_next_dist_1e8vcs8._.js:776
[  279891ms] [LOG] [Fast Refresh] done in 1401ms @ http://localhost:3000/_next/static/chunks/node_modules_next_dist_1e8vcs8._.js:776
[  279954ms] [LOG] [Fast Refresh] done in 1401ms @ http://localhost:3000/_next/static/chunks/node_modules_next_dist_1e8vcs8._.js:776
[  280017ms] [LOG] [Fast Refresh] done in 1401ms @ http://localhost:3000/_next/static/chunks/node_modules_next_dist_1e8vcs8._.js:776
[  280080ms] [LOG] [Fast Refresh] done in 1401ms @ http://localhost:3000/_next/static/chunks/node_modules_next_dist_1e8vcs8._.js:776
[  280143ms] [LOG] [Fast Refresh] done in 1401ms @ http://localhost:3000/_next/static/chunks/node_modules_next_dist_1e8vcs8._.js:776
[  280205ms] [LOG] [Fast Refresh] done in 1401ms @ http://localhost:3000/_next/static/chunks/node_modules_next_dist_1e8vcs8._.js:776
[  280268ms] [LOG] [Fast Refresh] done in 1401ms @ http://localhost:3000/_next/static/chunks/node_modules_next_dist_1e8vcs8._.js:776
[  280329ms] [LOG] [Fast Refresh] done in 1401ms @ http://localhost:3000/_next/static/chunks/node_modules_next_dist_1e8vcs8._.js:776
[  280392ms] [LOG] [Fast Refresh] done in 1401ms @ http://localhost:3000/_next/static/chunks/node_modules_next_dist_1e8vcs8._.js:776
[  280456ms] [LOG] [Fast Refresh] done in 1401ms @ http://localhost:3000/_next/static/chunks/node_modules_next_dist_1e8vcs8._.js:776
[  280519ms] [LOG] [Fast Refresh] done in 1401ms @ http://localhost:3000/_next/static/chunks/node_modules_next_dist_1e8vcs8._.js:776
[  280580ms] [LOG] [Fast Refresh] done in 1401ms @ http://localhost:3000/_next/static/chunks/node_modules_next_dist_1e8vcs8._.js:776
[  280644ms] [LOG] [Fast Refresh] done in 1401ms @ http://localhost:3000/_next/static/chunks/node_modules_next_dist_1e8vcs8._.js:776
[  280707ms] [LOG] [Fast Refresh] done in 1401ms @ http://localhost:3000/_next/static/chunks/node_modules_next_dist_1e8vcs8._.js:776
[  280770ms] [LOG] [Fast Refresh] done in 1401ms @ http://localhost:3000/_next/static/chunks/node_modules_next_dist_1e8vcs8._.js:776
[  280832ms] [LOG] [Fast Refresh] done in 1401ms @ http://localhost:3000/_next/static/chunks/node_modules_next_dist_1e8vcs8._.js:776
[  280894ms] [LOG] [Fast Refresh] done in 1401ms @ http://localhost:3000/_next/static/chunks/node_modules_next_dist_1e8vcs8._.js:776
[  280959ms] [LOG] [Fast Refresh] done in 1401ms @ http://localhost:3000/_next/static/chunks/node_modules_next_dist_1e8vcs8._.js:776
[  281022ms] [LOG] [Fast Refresh] done in 1401ms @ http://localhost:3000/_next/static/chunks/node_modules_next_dist_1e8vcs8._.js:776
[  281084ms] [LOG] [Fast Refresh] done in 1401ms @ http://localhost:3000/_next/static/chunks/node_modules_next_dist_1e8vcs8._.js:776
[  281147ms] [LOG] [Fast Refresh] done in 1401ms @ http://localhost:3000/_next/static/chunks/node_modules_next_dist_1e8vcs8._.js:776
[  281211ms] [LOG] [Fast Refresh] done in 1401ms @ http://localhost:3000/_next/static/chunks/node_modules_next_dist_1e8vcs8._.js:776
[  281274ms] [LOG] [Fast Refresh] done in 1401ms @ http://localhost:3000/_next/static/chunks/node_modules_next_dist_1e8vcs8._.js:776
[  281337ms] [LOG] [Fast Refresh] done in 1401ms @ http://localhost:3000/_next/static/chunks/node_modules_next_dist_1e8vcs8._.js:776
[  281399ms] [LOG] [Fast Refresh] done in 1401ms @ http://localhost:3000/_next/static/chunks/node_modules_next_dist_1e8vcs8._.js:776
[  281461ms] [LOG] [Fast Refresh] done in 1401ms @ http://localhost:3000/_next/static/chunks/node_modules_next_dist_1e8vcs8._.js:776
[  281525ms] [LOG] [Fast Refresh] done in 1401ms @ http://localhost:3000/_next/static/chunks/node_modules_next_dist_1e8vcs8._.js:776
[  281602ms] [LOG] [Fast Refresh] done in 1401ms @ http://localhost:3000/_next/static/chunks/node_modules_next_dist_1e8vcs8._.js:776
[  281665ms] [LOG] [Fast Refresh] done in 1401ms @ http://localhost:3000/_next/static/chunks/node_modules_next_dist_1e8vcs8._.js:776
[  281726ms] [LOG] [Fast Refresh] done in 1401ms @ http://localhost:3000/_next/static/chunks/node_modules_next_dist_1e8vcs8._.js:776
[  281788ms] [LOG] [Fast Refresh] done in 1401ms @ http://localhost:3000/_next/static/chunks/node_modules_next_dist_1e8vcs8._.js:776
[  281851ms] [LOG] [Fast Refresh] done in 1401ms @ http://localhost:3000/_next/static/chunks/node_modules_next_dist_1e8vcs8._.js:776
[  281912ms] [LOG] [Fast Refresh] done in 1401ms @ http://localhost:3000/_next/static/chunks/node_modules_next_dist_1e8vcs8._.js:776
[  281974ms] [LOG] [Fast Refresh] done in 1401ms @ http://localhost:3000/_next/static/chunks/node_modules_next_dist_1e8vcs8._.js:776
[  282036ms] [LOG] [Fast Refresh] done in 1401ms @ http://localhost:3000/_next/static/chunks/node_modules_next_dist_1e8vcs8._.js:776
[  282098ms] [LOG] [Fast Refresh] done in 1401ms @ http://localhost:3000/_next/static/chunks/node_modules_next_dist_1e8vcs8._.js:776
[  282161ms] [LOG] [Fast Refresh] done in 1401ms @ http://localhost:3000/_next/static/chunks/node_modules_next_dist_1e8vcs8._.js:776
[  282224ms] [LOG] [Fast Refresh] done in 1401ms @ http://localhost:3000/_next/static/chunks/node_modules_next_dist_1e8vcs8._.js:776
[  282287ms] [LOG] [Fast Refresh] done in 1401ms @ http://localhost:3000/_next/static/chunks/node_modules_next_dist_1e8vcs8._.js:776
[  282349ms] [LOG] [Fast Refresh] done in 1401ms @ http://localhost:3000/_next/static/chunks/node_modules_next_dist_1e8vcs8._.js:776
[  282412ms] [LOG] [Fast Refresh] done in 1401ms @ http://localhost:3000/_next/static/chunks/node_modules_next_dist_1e8vcs8._.js:776
[  282474ms] [LOG] [Fast Refresh] done in 1401ms @ http://localhost:3000/_next/static/chunks/node_modules_next_dist_1e8vcs8._.js:776
[  282538ms] [LOG] [Fast Refresh] done in 1401ms @ http://localhost:3000/_next/static/chunks/node_modules_next_dist_1e8vcs8._.js:776
[  282615ms] [LOG] [Fast Refresh] done in 1401ms @ http://localhost:3000/_next/static/chunks/node_modules_next_dist_1e8vcs8._.js:776
[  282677ms] [LOG] [Fast Refresh] done in 1401ms @ http://localhost:3000/_next/static/chunks/node_modules_next_dist_1e8vcs8._.js:776
[  282739ms] [LOG] [Fast Refresh] done in 1401ms @ http://localhost:3000/_next/static/chunks/node_modules_next_dist_1e8vcs8._.js:776
[  282802ms] [LOG] [Fast Refresh] done in 1401ms @ http://localhost:3000/_next/static/chunks/node_modules_next_dist_1e8vcs8._.js:776
[  282865ms] [LOG] [Fast Refresh] done in 1401ms @ http://localhost:3000/_next/static/chunks/node_modules_next_dist_1e8vcs8._.js:776
[  282927ms] [LOG] [Fast Refresh] done in 1401ms @ http://localhost:3000/_next/static/chunks/node_modules_next_dist_1e8vcs8._.js:776
[  282990ms] [LOG] [Fast Refresh] done in 1401ms @ http://localhost:3000/_next/static/chunks/node_modules_next_dist_1e8vcs8._.js:776
[  283052ms] [LOG] [Fast Refresh] done in 1401ms @ http://localhost:3000/_next/static/chunks/node_modules_next_dist_1e8vcs8._.js:776
[  283115ms] [LOG] [Fast Refresh] done in 1401ms @ http://localhost:3000/_next/static/chunks/node_modules_next_dist_1e8vcs8._.js:776
[  283179ms] [LOG] [Fast Refresh] done in 1401ms @ http://localhost:3000/_next/static/chunks/node_modules_next_dist_1e8vcs8._.js:776
[  283241ms] [LOG] [Fast Refresh] done in 1401ms @ http://localhost:3000/_next/static/chunks/node_modules_next_dist_1e8vcs8._.js:776
[  283302ms] [LOG] [Fast Refresh] done in 1401ms @ http://localhost:3000/_next/static/chunks/node_modules_next_dist_1e8vcs8._.js:776
[  283381ms] [LOG] [Fast Refresh] done in 1401ms @ http://localhost:3000/_next/static/chunks/node_modules_next_dist_1e8vcs8._.js:776
[  283443ms] [LOG] [Fast Refresh] done in 1401ms @ http://localhost:3000/_next/static/chunks/node_modules_next_dist_1e8vcs8._.js:776
[  283507ms] [LOG] [Fast Refresh] done in 1401ms @ http://localhost:3000/_next/static/chunks/node_modules_next_dist_1e8vcs8._.js:776
[  283570ms] [LOG] [Fast Refresh] done in 1401ms @ http://localhost:3000/_next/static/chunks/node_modules_next_dist_1e8vcs8._.js:776
[  283632ms] [LOG] [Fast Refresh] done in 1401ms @ http://localhost:3000/_next/static/chunks/node_modules_next_dist_1e8vcs8._.js:776
[  283696ms] [LOG] [Fast Refresh] done in 1401ms @ http://localhost:3000/_next/static/chunks/node_modules_next_dist_1e8vcs8._.js:776
[  283759ms] [LOG] [Fast Refresh] done in 1401ms @ http://localhost:3000/_next/static/chunks/node_modules_next_dist_1e8vcs8._.js:776
[  283821ms] [LOG] [Fast Refresh] done in 1401ms @ http://localhost:3000/_next/static/chunks/node_modules_next_dist_1e8vcs8._.js:776
[  283883ms] [LOG] [Fast Refresh] done in 1401ms @ http://localhost:3000/_next/static/chunks/node_modules_next_dist_1e8vcs8._.js:776
[  283946ms] [LOG] [Fast Refresh] done in 1401ms @ http://localhost:3000/_next/static/chunks/node_modules_next_dist_1e8vcs8._.js:776
[  284009ms] [LOG] [Fast Refresh] done in 1401ms @ http://localhost:3000/_next/static/chunks/node_modules_next_dist_1e8vcs8._.js:776
[  284071ms] [LOG] [Fast Refresh] done in 1401ms @ http://localhost:3000/_next/static/chunks/node_modules_next_dist_1e8vcs8._.js:776
[  284134ms] [LOG] [Fast Refresh] done in 1401ms @ http://localhost:3000/_next/static/chunks/node_modules_next_dist_1e8vcs8._.js:776
[  284196ms] [LOG] [Fast Refresh] done in 1401ms @ http://localhost:3000/_next/static/chunks/node_modules_next_dist_1e8vcs8._.js:776
[  284258ms] [LOG] [Fast Refresh] done in 1401ms @ http://localhost:3000/_next/static/chunks/node_modules_next_dist_1e8vcs8._.js:776
[  284323ms] [LOG] [Fast Refresh] done in 1401ms @ http://localhost:3000/_next/static/chunks/node_modules_next_dist_1e8vcs8._.js:776
[  284386ms] [LOG] [Fast Refresh] done in 1401ms @ http://localhost:3000/_next/static/chunks/node_modules_next_dist_1e8vcs8._.js:776
[  284449ms] [LOG] [Fast Refresh] done in 1401ms @ http://localhost:3000/_next/static/chunks/node_modules_next_dist_1e8vcs8._.js:776
[  284512ms] [LOG] [Fast Refresh] done in 1401ms @ http://localhost:3000/_next/static/chunks/node_modules_next_dist_1e8vcs8._.js:776
[  284590ms] [LOG] [Fast Refresh] done in 1401ms @ http://localhost:3000/_next/static/chunks/node_modules_next_dist_1e8vcs8._.js:776
[  284654ms] [LOG] [Fast Refresh] done in 1401ms @ http://localhost:3000/_next/static/chunks/node_modules_next_dist_1e8vcs8._.js:776
[  284716ms] [LOG] [Fast Refresh] done in 1401ms @ http://localhost:3000/_next/static/chunks/node_modules_next_dist_1e8vcs8._.js:776
[  284779ms] [LOG] [Fast Refresh] done in 1401ms @ http://localhost:3000/_next/static/chunks/node_modules_next_dist_1e8vcs8._.js:776
[  284859ms] [LOG] [Fast Refresh] done in 1401ms @ http://localhost:3000/_next/static/chunks/node_modules_next_dist_1e8vcs8._.js:776
[  284922ms] [LOG] [Fast Refresh] done in 1401ms @ http://localhost:3000/_next/static/chunks/node_modules_next_dist_1e8vcs8._.js:776
[  284984ms] [LOG] [Fast Refresh] done in 1401ms @ http://localhost:3000/_next/static/chunks/node_modules_next_dist_1e8vcs8._.js:776
[  285047ms] [LOG] [Fast Refresh] done in 1401ms @ http://localhost:3000/_next/static/chunks/node_modules_next_dist_1e8vcs8._.js:776
[  285111ms] [LOG] [Fast Refresh] done in 1401ms @ http://localhost:3000/_next/static/chunks/node_modules_next_dist_1e8vcs8._.js:776
[  285174ms] [LOG] [Fast Refresh] done in 1401ms @ http://localhost:3000/_next/static/chunks/node_modules_next_dist_1e8vcs8._.js:776
[  285237ms] [LOG] [Fast Refresh] done in 1401ms @ http://localhost:3000/_next/static/chunks/node_modules_next_dist_1e8vcs8._.js:776
[  285300ms] [LOG] [Fast Refresh] done in 1401ms @ http://localhost:3000/_next/static/chunks/node_modules_next_dist_1e8vcs8._.js:776
[  285362ms] [LOG] [Fast Refresh] done in 1401ms @ http://localhost:3000/_next/static/chunks/node_modules_next_dist_1e8vcs8._.js:776
[  285424ms] [LOG] [Fast Refresh] done in 1401ms @ http://localhost:3000/_next/static/chunks/node_modules_next_dist_1e8vcs8._.js:776
[  285487ms] [LOG] [Fast Refresh] done in 1401ms @ http://localhost:3000/_next/static/chunks/node_modules_next_dist_1e8vcs8._.js:776
[  285550ms] [LOG] [Fast Refresh] done in 1401ms @ http://localhost:3000/_next/static/chunks/node_modules_next_dist_1e8vcs8._.js:776
[  285613ms] [LOG] [Fast Refresh] done in 1401ms @ http://localhost:3000/_next/static/chunks/node_modules_next_dist_1e8vcs8._.js:776
[  285675ms] [LOG] [Fast Refresh] done in 1401ms @ http://localhost:3000/_next/static/chunks/node_modules_next_dist_1e8vcs8._.js:776
[  285739ms] [LOG] [Fast Refresh] done in 1401ms @ http://localhost:3000/_next/static/chunks/node_modules_next_dist_1e8vcs8._.js:776
[  285802ms] [LOG] [Fast Refresh] done in 1401ms @ http://localhost:3000/_next/static/chunks/node_modules_next_dist_1e8vcs8._.js:776
[  285865ms] [LOG] [Fast Refresh] done in 1401ms @ http://localhost:3000/_next/static/chunks/node_modules_next_dist_1e8vcs8._.js:776
[  285928ms] [LOG] [Fast Refresh] done in 1401ms @ http://localhost:3000/_next/static/chunks/node_modules_next_dist_1e8vcs8._.js:776
[  285991ms] [LOG] [Fast Refresh] done in 1401ms @ http://localhost:3000/_next/static/chunks/node_modules_next_dist_1e8vcs8._.js:776
[  286054ms] [LOG] [Fast Refresh] done in 1401ms @ http://localhost:3000/_next/static/chunks/node_modules_next_dist_1e8vcs8._.js:776
[  286117ms] [LOG] [Fast Refresh] done in 1401ms @ http://localhost:3000/_next/static/chunks/node_modules_next_dist_1e8vcs8._.js:776
[  286238ms] [LOG] [Fast Refresh] done in 1401ms @ http://localhost:3000/_next/static/chunks/node_modules_next_dist_1e8vcs8._.js:776
[  286304ms] [LOG] [Fast Refresh] done in 1401ms @ http://localhost:3000/_next/static/chunks/node_modules_next_dist_1e8vcs8._.js:776
[  286367ms] [LOG] [Fast Refresh] done in 1401ms @ http://localhost:3000/_next/static/chunks/node_modules_next_dist_1e8vcs8._.js:776
[  286428ms] [LOG] [Fast Refresh] done in 1401ms @ http://localhost:3000/_next/static/chunks/node_modules_next_dist_1e8vcs8._.js:776
[  286492ms] [LOG] [Fast Refresh] done in 1401ms @ http://localhost:3000/_next/static/chunks/node_modules_next_dist_1e8vcs8._.js:776
[  286554ms] [LOG] [Fast Refresh] done in 1401ms @ http://localhost:3000/_next/static/chunks/node_modules_next_dist_1e8vcs8._.js:776
[  286616ms] [LOG] [Fast Refresh] done in 1401ms @ http://localhost:3000/_next/static/chunks/node_modules_next_dist_1e8vcs8._.js:776
[  286678ms] [LOG] [Fast Refresh] done in 1401ms @ http://localhost:3000/_next/static/chunks/node_modules_next_dist_1e8vcs8._.js:776
[  286740ms] [LOG] [Fast Refresh] done in 1401ms @ http://localhost:3000/_next/static/chunks/node_modules_next_dist_1e8vcs8._.js:776
[  286803ms] [LOG] [Fast Refresh] done in 1401ms @ http://localhost:3000/_next/static/chunks/node_modules_next_dist_1e8vcs8._.js:776
[  286880ms] [LOG] [Fast Refresh] done in 1401ms @ http://localhost:3000/_next/static/chunks/node_modules_next_dist_1e8vcs8._.js:776
[  286945ms] [LOG] [Fast Refresh] done in 1401ms @ http://localhost:3000/_next/static/chunks/node_modules_next_dist_1e8vcs8._.js:776
[  287006ms] [LOG] [Fast Refresh] done in 1401ms @ http://localhost:3000/_next/static/chunks/node_modules_next_dist_1e8vcs8._.js:776
[  287070ms] [LOG] [Fast Refresh] done in 1401ms @ http://localhost:3000/_next/static/chunks/node_modules_next_dist_1e8vcs8._.js:776
[  287134ms] [LOG] [Fast Refresh] done in 1401ms @ http://localhost:3000/_next/static/chunks/node_modules_next_dist_1e8vcs8._.js:776
[  287212ms] [LOG] [Fast Refresh] done in 1401ms @ http://localhost:3000/_next/static/chunks/node_modules_next_dist_1e8vcs8._.js:776
[  287290ms] [LOG] [Fast Refresh] done in 1401ms @ http://localhost:3000/_next/static/chunks/node_modules_next_dist_1e8vcs8._.js:776
[  287353ms] [LOG] [Fast Refresh] done in 1401ms @ http://localhost:3000/_next/static/chunks/node_modules_next_dist_1e8vcs8._.js:776
[  287416ms] [LOG] [Fast Refresh] done in 1401ms @ http://localhost:3000/_next/static/chunks/node_modules_next_dist_1e8vcs8._.js:776
[  287483ms] [LOG] [Fast Refresh] done in 1401ms @ http://localhost:3000/_next/static/chunks/node_modules_next_dist_1e8vcs8._.js:776
[  287559ms] [LOG] [Fast Refresh] done in 1401ms @ http://localhost:3000/_next/static/chunks/node_modules_next_dist_1e8vcs8._.js:776
[  287637ms] [LOG] [Fast Refresh] done in 1401ms @ http://localhost:3000/_next/static/chunks/node_modules_next_dist_1e8vcs8._.js:776
[  287700ms] [LOG] [Fast Refresh] done in 1401ms @ http://localhost:3000/_next/static/chunks/node_modules_next_dist_1e8vcs8._.js:776
[  287764ms] [LOG] [Fast Refresh] done in 1401ms @ http://localhost:3000/_next/static/chunks/node_modules_next_dist_1e8vcs8._.js:776
[  287841ms] [LOG] [Fast Refresh] done in 1401ms @ http://localhost:3000/_next/static/chunks/node_modules_next_dist_1e8vcs8._.js:776
[  287918ms] [LOG] [Fast Refresh] done in 1401ms @ http://localhost:3000/_next/static/chunks/node_modules_next_dist_1e8vcs8._.js:776
[  287995ms] [LOG] [Fast Refresh] done in 1401ms @ http://localhost:3000/_next/static/chunks/node_modules_next_dist_1e8vcs8._.js:776
[  288060ms] [LOG] [Fast Refresh] done in 1401ms @ http://localhost:3000/_next/static/chunks/node_modules_next_dist_1e8vcs8._.js:776
[  288122ms] [LOG] [Fast Refresh] done in 1401ms @ http://localhost:3000/_next/static/chunks/node_modules_next_dist_1e8vcs8._.js:776
[  288186ms] [LOG] [Fast Refresh] done in 1401ms @ http://localhost:3000/_next/static/chunks/node_modules_next_dist_1e8vcs8._.js:776
[  288246ms] [LOG] [Fast Refresh] done in 1401ms @ http://localhost:3000/_next/static/chunks/node_modules_next_dist_1e8vcs8._.js:776
[  288309ms] [LOG] [Fast Refresh] done in 1401ms @ http://localhost:3000/_next/static/chunks/node_modules_next_dist_1e8vcs8._.js:776
[  288373ms] [LOG] [Fast Refresh] done in 1401ms @ http://localhost:3000/_next/static/chunks/node_modules_next_dist_1e8vcs8._.js:776
[  288436ms] [LOG] [Fast Refresh] done in 1401ms @ http://localhost:3000/_next/static/chunks/node_modules_next_dist_1e8vcs8._.js:776
[  288499ms] [LOG] [Fast Refresh] done in 1401ms @ http://localhost:3000/_next/static/chunks/node_modules_next_dist_1e8vcs8._.js:776
[  288561ms] [LOG] [Fast Refresh] done in 1401ms @ http://localhost:3000/_next/static/chunks/node_modules_next_dist_1e8vcs8._.js:776
[  288624ms] [LOG] [Fast Refresh] done in 1401ms @ http://localhost:3000/_next/static/chunks/node_modules_next_dist_1e8vcs8._.js:776
[  288687ms] [LOG] [Fast Refresh] done in 1401ms @ http://localhost:3000/_next/static/chunks/node_modules_next_dist_1e8vcs8._.js:776
[  288749ms] [LOG] [Fast Refresh] done in 1401ms @ http://localhost:3000/_next/static/chunks/node_modules_next_dist_1e8vcs8._.js:776
[  288813ms] [LOG] [Fast Refresh] done in 1401ms @ http://localhost:3000/_next/static/chunks/node_modules_next_dist_1e8vcs8._.js:776
[  288875ms] [LOG] [Fast Refresh] done in 1401ms @ http://localhost:3000/_next/static/chunks/node_modules_next_dist_1e8vcs8._.js:776
[  288937ms] [LOG] [Fast Refresh] done in 1401ms @ http://localhost:3000/_next/static/chunks/node_modules_next_dist_1e8vcs8._.js:776
[  289000ms] [LOG] [Fast Refresh] done in 1401ms @ http://localhost:3000/_next/static/chunks/node_modules_next_dist_1e8vcs8._.js:776
[  289061ms] [LOG] [Fast Refresh] done in 1401ms @ http://localhost:3000/_next/static/chunks/node_modules_next_dist_1e8vcs8._.js:776
[  289124ms] [LOG] [Fast Refresh] done in 1401ms @ http://localhost:3000/_next/static/chunks/node_modules_next_dist_1e8vcs8._.js:776
[  289187ms] [LOG] [Fast Refresh] done in 1401ms @ http://localhost:3000/_next/static/chunks/node_modules_next_dist_1e8vcs8._.js:776
[  289249ms] [LOG] [Fast Refresh] done in 1401ms @ http://localhost:3000/_next/static/chunks/node_modules_next_dist_1e8vcs8._.js:776
[  289312ms] [LOG] [Fast Refresh] done in 1401ms @ http://localhost:3000/_next/static/chunks/node_modules_next_dist_1e8vcs8._.js:776
[  289389ms] [LOG] [Fast Refresh] done in 1401ms @ http://localhost:3000/_next/static/chunks/node_modules_next_dist_1e8vcs8._.js:776
[  289450ms] [LOG] [Fast Refresh] done in 1401ms @ http://localhost:3000/_next/static/chunks/node_modules_next_dist_1e8vcs8._.js:776
[  289514ms] [LOG] [Fast Refresh] done in 1401ms @ http://localhost:3000/_next/static/chunks/node_modules_next_dist_1e8vcs8._.js:776
[  289577ms] [LOG] [Fast Refresh] done in 1401ms @ http://localhost:3000/_next/static/chunks/node_modules_next_dist_1e8vcs8._.js:776
[  289640ms] [LOG] [Fast Refresh] done in 1401ms @ http://localhost:3000/_next/static/chunks/node_modules_next_dist_1e8vcs8._.js:776
[  289701ms] [LOG] [Fast Refresh] done in 1401ms @ http://localhost:3000/_next/static/chunks/node_modules_next_dist_1e8vcs8._.js:776
[  289762ms] [LOG] [Fast Refresh] done in 1401ms @ http://localhost:3000/_next/static/chunks/node_modules_next_dist_1e8vcs8._.js:776
[  289825ms] [LOG] [Fast Refresh] done in 1401ms @ http://localhost:3000/_next/static/chunks/node_modules_next_dist_1e8vcs8._.js:776
[  289888ms] [LOG] [Fast Refresh] done in 1401ms @ http://localhost:3000/_next/static/chunks/node_modules_next_dist_1e8vcs8._.js:776
[  289949ms] [LOG] [Fast Refresh] done in 1401ms @ http://localhost:3000/_next/static/chunks/node_modules_next_dist_1e8vcs8._.js:776
[  290012ms] [LOG] [Fast Refresh] done in 1401ms @ http://localhost:3000/_next/static/chunks/node_modules_next_dist_1e8vcs8._.js:776
[  290074ms] [LOG] [Fast Refresh] done in 1401ms @ http://localhost:3000/_next/static/chunks/node_modules_next_dist_1e8vcs8._.js:776
[  290136ms] [LOG] [Fast Refresh] done in 1401ms @ http://localhost:3000/_next/static/chunks/node_modules_next_dist_1e8vcs8._.js:776
[  290199ms] [LOG] [Fast Refresh] done in 1401ms @ http://localhost:3000/_next/static/chunks/node_modules_next_dist_1e8vcs8._.js:776
[  290261ms] [LOG] [Fast Refresh] done in 1401ms @ http://localhost:3000/_next/static/chunks/node_modules_next_dist_1e8vcs8._.js:776
[  290324ms] [LOG] [Fast Refresh] done in 1401ms @ http://localhost:3000/_next/static/chunks/node_modules_next_dist_1e8vcs8._.js:776
[  290386ms] [LOG] [Fast Refresh] done in 1401ms @ http://localhost:3000/_next/static/chunks/node_modules_next_dist_1e8vcs8._.js:776
[  290463ms] [LOG] [Fast Refresh] done in 1401ms @ http://localhost:3000/_next/static/chunks/node_modules_next_dist_1e8vcs8._.js:776
[  290527ms] [LOG] [Fast Refresh] done in 1401ms @ http://localhost:3000/_next/static/chunks/node_modules_next_dist_1e8vcs8._.js:776
[  290590ms] [LOG] [Fast Refresh] done in 1401ms @ http://localhost:3000/_next/static/chunks/node_modules_next_dist_1e8vcs8._.js:776
[  290653ms] [LOG] [Fast Refresh] done in 1401ms @ http://localhost:3000/_next/static/chunks/node_modules_next_dist_1e8vcs8._.js:776
[  290714ms] [LOG] [Fast Refresh] done in 1401ms @ http://localhost:3000/_next/static/chunks/node_modules_next_dist_1e8vcs8._.js:776
[  290778ms] [LOG] [Fast Refresh] done in 1401ms @ http://localhost:3000/_next/static/chunks/node_modules_next_dist_1e8vcs8._.js:776
[  290840ms] [LOG] [Fast Refresh] done in 1401ms @ http://localhost:3000/_next/static/chunks/node_modules_next_dist_1e8vcs8._.js:776
[  290903ms] [LOG] [Fast Refresh] done in 1401ms @ http://localhost:3000/_next/static/chunks/node_modules_next_dist_1e8vcs8._.js:776
[  290967ms] [LOG] [Fast Refresh] done in 1401ms @ http://localhost:3000/_next/static/chunks/node_modules_next_dist_1e8vcs8._.js:776
[  291030ms] [LOG] [Fast Refresh] done in 1401ms @ http://localhost:3000/_next/static/chunks/node_modules_next_dist_1e8vcs8._.js:776
[  291091ms] [LOG] [Fast Refresh] done in 1401ms @ http://localhost:3000/_next/static/chunks/node_modules_next_dist_1e8vcs8._.js:776
[  291155ms] [LOG] [Fast Refresh] done in 1401ms @ http://localhost:3000/_next/static/chunks/node_modules_next_dist_1e8vcs8._.js:776
[  291219ms] [LOG] [Fast Refresh] done in 1401ms @ http://localhost:3000/_next/static/chunks/node_modules_next_dist_1e8vcs8._.js:776
[  291281ms] [LOG] [Fast Refresh] done in 1401ms @ http://localhost:3000/_next/static/chunks/node_modules_next_dist_1e8vcs8._.js:776
[  291344ms] [LOG] [Fast Refresh] done in 1401ms @ http://localhost:3000/_next/static/chunks/node_modules_next_dist_1e8vcs8._.js:776
[  291407ms] [LOG] [Fast Refresh] done in 1401ms @ http://localhost:3000/_next/static/chunks/node_modules_next_dist_1e8vcs8._.js:776
[  291470ms] [LOG] [Fast Refresh] done in 1401ms @ http://localhost:3000/_next/static/chunks/node_modules_next_dist_1e8vcs8._.js:776
[  291532ms] [LOG] [Fast Refresh] done in 1401ms @ http://localhost:3000/_next/static/chunks/node_modules_next_dist_1e8vcs8._.js:776
[  291596ms] [LOG] [Fast Refresh] done in 1401ms @ http://localhost:3000/_next/static/chunks/node_modules_next_dist_1e8vcs8._.js:776
[  291659ms] [LOG] [Fast Refresh] done in 1401ms @ http://localhost:3000/_next/static/chunks/node_modules_next_dist_1e8vcs8._.js:776
[  291722ms] [LOG] [Fast Refresh] done in 1401ms @ http://localhost:3000/_next/static/chunks/node_modules_next_dist_1e8vcs8._.js:776
[  291785ms] [LOG] [Fast Refresh] done in 1401ms @ http://localhost:3000/_next/static/chunks/node_modules_next_dist_1e8vcs8._.js:776
[  291848ms] [LOG] [Fast Refresh] done in 1401ms @ http://localhost:3000/_next/static/chunks/node_modules_next_dist_1e8vcs8._.js:776
[  291910ms] [LOG] [Fast Refresh] done in 1401ms @ http://localhost:3000/_next/static/chunks/node_modules_next_dist_1e8vcs8._.js:776
[  291973ms] [LOG] [Fast Refresh] done in 1401ms @ http://localhost:3000/_next/static/chunks/node_modules_next_dist_1e8vcs8._.js:776
[  292036ms] [LOG] [Fast Refresh] done in 1401ms @ http://localhost:3000/_next/static/chunks/node_modules_next_dist_1e8vcs8._.js:776
[  292100ms] [LOG] [Fast Refresh] done in 1401ms @ http://localhost:3000/_next/static/chunks/node_modules_next_dist_1e8vcs8._.js:776
[  292162ms] [LOG] [Fast Refresh] done in 1401ms @ http://localhost:3000/_next/static/chunks/node_modules_next_dist_1e8vcs8._.js:776
[  292226ms] [LOG] [Fast Refresh] done in 1401ms @ http://localhost:3000/_next/static/chunks/node_modules_next_dist_1e8vcs8._.js:776
[  292289ms] [LOG] [Fast Refresh] done in 1401ms @ http://localhost:3000/_next/static/chunks/node_modules_next_dist_1e8vcs8._.js:776
[  292351ms] [LOG] [Fast Refresh] done in 1401ms @ http://localhost:3000/_next/static/chunks/node_modules_next_dist_1e8vcs8._.js:776
[  292414ms] [LOG] [Fast Refresh] done in 1401ms @ http://localhost:3000/_next/static/chunks/node_modules_next_dist_1e8vcs8._.js:776
[  292476ms] [LOG] [Fast Refresh] done in 1401ms @ http://localhost:3000/_next/static/chunks/node_modules_next_dist_1e8vcs8._.js:776
[  292539ms] [LOG] [Fast Refresh] done in 1401ms @ http://localhost:3000/_next/static/chunks/node_modules_next_dist_1e8vcs8._.js:776
[  292603ms] [LOG] [Fast Refresh] done in 1401ms @ http://localhost:3000/_next/static/chunks/node_modules_next_dist_1e8vcs8._.js:776
[  292665ms] [LOG] [Fast Refresh] done in 1401ms @ http://localhost:3000/_next/static/chunks/node_modules_next_dist_1e8vcs8._.js:776
[  292728ms] [LOG] [Fast Refresh] done in 1401ms @ http://localhost:3000/_next/static/chunks/node_modules_next_dist_1e8vcs8._.js:776
[  292792ms] [LOG] [Fast Refresh] done in 1401ms @ http://localhost:3000/_next/static/chunks/node_modules_next_dist_1e8vcs8._.js:776
[  292855ms] [LOG] [Fast Refresh] done in 1401ms @ http://localhost:3000/_next/static/chunks/node_modules_next_dist_1e8vcs8._.js:776
[  292917ms] [LOG] [Fast Refresh] done in 1401ms @ http://localhost:3000/_next/static/chunks/node_modules_next_dist_1e8vcs8._.js:776
[  292979ms] [LOG] [Fast Refresh] done in 1401ms @ http://localhost:3000/_next/static/chunks/node_modules_next_dist_1e8vcs8._.js:776
[  293041ms] [LOG] [Fast Refresh] done in 1401ms @ http://localhost:3000/_next/static/chunks/node_modules_next_dist_1e8vcs8._.js:776
[  293104ms] [LOG] [Fast Refresh] done in 1401ms @ http://localhost:3000/_next/static/chunks/node_modules_next_dist_1e8vcs8._.js:776
[  293168ms] [LOG] [Fast Refresh] done in 1401ms @ http://localhost:3000/_next/static/chunks/node_modules_next_dist_1e8vcs8._.js:776
[  293231ms] [LOG] [Fast Refresh] done in 1401ms @ http://localhost:3000/_next/static/chunks/node_modules_next_dist_1e8vcs8._.js:776
[  293355ms] [LOG] [Fast Refresh] done in 1401ms @ http://localhost:3000/_next/static/chunks/node_modules_next_dist_1e8vcs8._.js:776
[  293418ms] [LOG] [Fast Refresh] done in 1401ms @ http://localhost:3000/_next/static/chunks/node_modules_next_dist_1e8vcs8._.js:776
[  293481ms] [LOG] [Fast Refresh] done in 1401ms @ http://localhost:3000/_next/static/chunks/node_modules_next_dist_1e8vcs8._.js:776
[  293545ms] [LOG] [Fast Refresh] done in 1401ms @ http://localhost:3000/_next/static/chunks/node_modules_next_dist_1e8vcs8._.js:776
[  293608ms] [LOG] [Fast Refresh] done in 1401ms @ http://localhost:3000/_next/static/chunks/node_modules_next_dist_1e8vcs8._.js:776
[  293671ms] [LOG] [Fast Refresh] done in 1401ms @ http://localhost:3000/_next/static/chunks/node_modules_next_dist_1e8vcs8._.js:776
[  293734ms] [LOG] [Fast Refresh] done in 1401ms @ http://localhost:3000/_next/static/chunks/node_modules_next_dist_1e8vcs8._.js:776
[  293796ms] [LOG] [Fast Refresh] done in 1401ms @ http://localhost:3000/_next/static/chunks/node_modules_next_dist_1e8vcs8._.js:776
[  293858ms] [LOG] [Fast Refresh] done in 1401ms @ http://localhost:3000/_next/static/chunks/node_modules_next_dist_1e8vcs8._.js:776
[  293929ms] [LOG] [Fast Refresh] done in 1401ms @ http://localhost:3000/_next/static/chunks/node_modules_next_dist_1e8vcs8._.js:776
[  294001ms] [LOG] [Fast Refresh] done in 1401ms @ http://localhost:3000/_next/static/chunks/node_modules_next_dist_1e8vcs8._.js:776
[  294064ms] [LOG] [Fast Refresh] done in 1401ms @ http://localhost:3000/_next/static/chunks/node_modules_next_dist_1e8vcs8._.js:776
[  294127ms] [LOG] [Fast Refresh] done in 1401ms @ http://localhost:3000/_next/static/chunks/node_modules_next_dist_1e8vcs8._.js:776
[  294190ms] [LOG] [Fast Refresh] done in 1401ms @ http://localhost:3000/_next/static/chunks/node_modules_next_dist_1e8vcs8._.js:776
[  294254ms] [LOG] [Fast Refresh] done in 1401ms @ http://localhost:3000/_next/static/chunks/node_modules_next_dist_1e8vcs8._.js:776
[  294318ms] [LOG] [Fast Refresh] done in 1401ms @ http://localhost:3000/_next/static/chunks/node_modules_next_dist_1e8vcs8._.js:776
[  294380ms] [LOG] [Fast Refresh] done in 1401ms @ http://localhost:3000/_next/static/chunks/node_modules_next_dist_1e8vcs8._.js:776
[  294441ms] [LOG] [Fast Refresh] done in 1401ms @ http://localhost:3000/_next/static/chunks/node_modules_next_dist_1e8vcs8._.js:776
[  294503ms] [LOG] [Fast Refresh] done in 1401ms @ http://localhost:3000/_next/static/chunks/node_modules_next_dist_1e8vcs8._.js:776
[  294564ms] [LOG] [Fast Refresh] done in 1401ms @ http://localhost:3000/_next/static/chunks/node_modules_next_dist_1e8vcs8._.js:776
[  294626ms] [LOG] [Fast Refresh] done in 1401ms @ http://localhost:3000/_next/static/chunks/node_modules_next_dist_1e8vcs8._.js:776
[  294690ms] [LOG] [Fast Refresh] done in 1401ms @ http://localhost:3000/_next/static/chunks/node_modules_next_dist_1e8vcs8._.js:776
[  294753ms] [LOG] [Fast Refresh] done in 1401ms @ http://localhost:3000/_next/static/chunks/node_modules_next_dist_1e8vcs8._.js:776
[  294817ms] [LOG] [Fast Refresh] done in 1401ms @ http://localhost:3000/_next/static/chunks/node_modules_next_dist_1e8vcs8._.js:776
[  294879ms] [LOG] [Fast Refresh] done in 1401ms @ http://localhost:3000/_next/static/chunks/node_modules_next_dist_1e8vcs8._.js:776
[  294942ms] [LOG] [Fast Refresh] done in 1401ms @ http://localhost:3000/_next/static/chunks/node_modules_next_dist_1e8vcs8._.js:776
[  295004ms] [LOG] [Fast Refresh] done in 1401ms @ http://localhost:3000/_next/static/chunks/node_modules_next_dist_1e8vcs8._.js:776
[  295067ms] [LOG] [Fast Refresh] done in 1401ms @ http://localhost:3000/_next/static/chunks/node_modules_next_dist_1e8vcs8._.js:776
[  295130ms] [LOG] [Fast Refresh] done in 1401ms @ http://localhost:3000/_next/static/chunks/node_modules_next_dist_1e8vcs8._.js:776
[  295193ms] [LOG] [Fast Refresh] done in 1401ms @ http://localhost:3000/_next/static/chunks/node_modules_next_dist_1e8vcs8._.js:776
[  295256ms] [LOG] [Fast Refresh] done in 1401ms @ http://localhost:3000/_next/static/chunks/node_modules_next_dist_1e8vcs8._.js:776
[  295318ms] [LOG] [Fast Refresh] done in 1401ms @ http://localhost:3000/_next/static/chunks/node_modules_next_dist_1e8vcs8._.js:776
[  295381ms] [LOG] [Fast Refresh] done in 1401ms @ http://localhost:3000/_next/static/chunks/node_modules_next_dist_1e8vcs8._.js:776
[  295443ms] [LOG] [Fast Refresh] done in 1401ms @ http://localhost:3000/_next/static/chunks/node_modules_next_dist_1e8vcs8._.js:776
[  295505ms] [LOG] [Fast Refresh] done in 1401ms @ http://localhost:3000/_next/static/chunks/node_modules_next_dist_1e8vcs8._.js:776
[  295568ms] [LOG] [Fast Refresh] done in 1401ms @ http://localhost:3000/_next/static/chunks/node_modules_next_dist_1e8vcs8._.js:776
[  295631ms] [LOG] [Fast Refresh] done in 1401ms @ http://localhost:3000/_next/static/chunks/node_modules_next_dist_1e8vcs8._.js:776
[  295693ms] [LOG] [Fast Refresh] done in 1401ms @ http://localhost:3000/_next/static/chunks/node_modules_next_dist_1e8vcs8._.js:776
[  295754ms] [LOG] [Fast Refresh] done in 1401ms @ http://localhost:3000/_next/static/chunks/node_modules_next_dist_1e8vcs8._.js:776
[  295818ms] [LOG] [Fast Refresh] done in 1401ms @ http://localhost:3000/_next/static/chunks/node_modules_next_dist_1e8vcs8._.js:776
[  295881ms] [LOG] [Fast Refresh] done in 1401ms @ http://localhost:3000/_next/static/chunks/node_modules_next_dist_1e8vcs8._.js:776
[  295944ms] [LOG] [Fast Refresh] done in 1401ms @ http://localhost:3000/_next/static/chunks/node_modules_next_dist_1e8vcs8._.js:776
[  296005ms] [LOG] [Fast Refresh] done in 1401ms @ http://localhost:3000/_next/static/chunks/node_modules_next_dist_1e8vcs8._.js:776
[  296067ms] [LOG] [Fast Refresh] done in 1401ms @ http://localhost:3000/_next/static/chunks/node_modules_next_dist_1e8vcs8._.js:776
[  296131ms] [LOG] [Fast Refresh] done in 1401ms @ http://localhost:3000/_next/static/chunks/node_modules_next_dist_1e8vcs8._.js:776
[  296193ms] [LOG] [Fast Refresh] done in 1401ms @ http://localhost:3000/_next/static/chunks/node_modules_next_dist_1e8vcs8._.js:776
[  296255ms] [LOG] [Fast Refresh] done in 1401ms @ http://localhost:3000/_next/static/chunks/node_modules_next_dist_1e8vcs8._.js:776
[  296318ms] [LOG] [Fast Refresh] done in 1401ms @ http://localhost:3000/_next/static/chunks/node_modules_next_dist_1e8vcs8._.js:776
[  296381ms] [LOG] [Fast Refresh] done in 1401ms @ http://localhost:3000/_next/static/chunks/node_modules_next_dist_1e8vcs8._.js:776
[  296443ms] [LOG] [Fast Refresh] done in 1401ms @ http://localhost:3000/_next/static/chunks/node_modules_next_dist_1e8vcs8._.js:776
[  296505ms] [LOG] [Fast Refresh] done in 1401ms @ http://localhost:3000/_next/static/chunks/node_modules_next_dist_1e8vcs8._.js:776
[  296568ms] [LOG] [Fast Refresh] done in 1401ms @ http://localhost:3000/_next/static/chunks/node_modules_next_dist_1e8vcs8._.js:776
[  296630ms] [LOG] [Fast Refresh] done in 1401ms @ http://localhost:3000/_next/static/chunks/node_modules_next_dist_1e8vcs8._.js:776
[  296708ms] [LOG] [Fast Refresh] done in 1401ms @ http://localhost:3000/_next/static/chunks/node_modules_next_dist_1e8vcs8._.js:776
[  296772ms] [LOG] [Fast Refresh] done in 1401ms @ http://localhost:3000/_next/static/chunks/node_modules_next_dist_1e8vcs8._.js:776
[  296833ms] [LOG] [Fast Refresh] done in 1401ms @ http://localhost:3000/_next/static/chunks/node_modules_next_dist_1e8vcs8._.js:776
[  296894ms] [LOG] [Fast Refresh] done in 1401ms @ http://localhost:3000/_next/static/chunks/node_modules_next_dist_1e8vcs8._.js:776
[  296957ms] [LOG] [Fast Refresh] done in 1401ms @ http://localhost:3000/_next/static/chunks/node_modules_next_dist_1e8vcs8._.js:776
[  297021ms] [LOG] [Fast Refresh] done in 1401ms @ http://localhost:3000/_next/static/chunks/node_modules_next_dist_1e8vcs8._.js:776
[  297084ms] [LOG] [Fast Refresh] done in 1401ms @ http://localhost:3000/_next/static/chunks/node_modules_next_dist_1e8vcs8._.js:776
[  297146ms] [LOG] [Fast Refresh] done in 1401ms @ http://localhost:3000/_next/static/chunks/node_modules_next_dist_1e8vcs8._.js:776
[  297210ms] [LOG] [Fast Refresh] done in 1401ms @ http://localhost:3000/_next/static/chunks/node_modules_next_dist_1e8vcs8._.js:776
[  297273ms] [LOG] [Fast Refresh] done in 1401ms @ http://localhost:3000/_next/static/chunks/node_modules_next_dist_1e8vcs8._.js:776
[  297336ms] [LOG] [Fast Refresh] done in 1401ms @ http://localhost:3000/_next/static/chunks/node_modules_next_dist_1e8vcs8._.js:776
[  297397ms] [LOG] [Fast Refresh] done in 1401ms @ http://localhost:3000/_next/static/chunks/node_modules_next_dist_1e8vcs8._.js:776
[  297460ms] [LOG] [Fast Refresh] done in 1401ms @ http://localhost:3000/_next/static/chunks/node_modules_next_dist_1e8vcs8._.js:776
[  297531ms] [LOG] [Fast Refresh] done in 1401ms @ http://localhost:3000/_next/static/chunks/node_modules_next_dist_1e8vcs8._.js:776
[  297601ms] [LOG] [Fast Refresh] done in 1401ms @ http://localhost:3000/_next/static/chunks/node_modules_next_dist_1e8vcs8._.js:776
[  297679ms] [LOG] [Fast Refresh] done in 1401ms @ http://localhost:3000/_next/static/chunks/node_modules_next_dist_1e8vcs8._.js:776
[  297742ms] [LOG] [Fast Refresh] done in 1401ms @ http://localhost:3000/_next/static/chunks/node_modules_next_dist_1e8vcs8._.js:776
[  297806ms] [LOG] [Fast Refresh] done in 1401ms @ http://localhost:3000/_next/static/chunks/node_modules_next_dist_1e8vcs8._.js:776
[  297930ms] [LOG] [Fast Refresh] done in 1401ms @ http://localhost:3000/_next/static/chunks/node_modules_next_dist_1e8vcs8._.js:776
[  298011ms] [LOG] [Fast Refresh] done in 1401ms @ http://localhost:3000/_next/static/chunks/node_modules_next_dist_1e8vcs8._.js:776
[  298106ms] [LOG] [Fast Refresh] done in 1401ms @ http://localhost:3000/_next/static/chunks/node_modules_next_dist_1e8vcs8._.js:776
[  298168ms] [LOG] [Fast Refresh] done in 1401ms @ http://localhost:3000/_next/static/chunks/node_modules_next_dist_1e8vcs8._.js:776
[  298231ms] [LOG] [Fast Refresh] done in 1401ms @ http://localhost:3000/_next/static/chunks/node_modules_next_dist_1e8vcs8._.js:776
[  298295ms] [LOG] [Fast Refresh] done in 1401ms @ http://localhost:3000/_next/static/chunks/node_modules_next_dist_1e8vcs8._.js:776
[  298358ms] [LOG] [Fast Refresh] done in 1401ms @ http://localhost:3000/_next/static/chunks/node_modules_next_dist_1e8vcs8._.js:776
[  298420ms] [LOG] [Fast Refresh] done in 1401ms @ http://localhost:3000/_next/static/chunks/node_modules_next_dist_1e8vcs8._.js:776
[  298483ms] [LOG] [Fast Refresh] done in 1401ms @ http://localhost:3000/_next/static/chunks/node_modules_next_dist_1e8vcs8._.js:776
[  298545ms] [LOG] [Fast Refresh] done in 1401ms @ http://localhost:3000/_next/static/chunks/node_modules_next_dist_1e8vcs8._.js:776
[  298609ms] [LOG] [Fast Refresh] done in 1401ms @ http://localhost:3000/_next/static/chunks/node_modules_next_dist_1e8vcs8._.js:776
[  298671ms] [LOG] [Fast Refresh] done in 1401ms @ http://localhost:3000/_next/static/chunks/node_modules_next_dist_1e8vcs8._.js:776
[  298735ms] [LOG] [Fast Refresh] done in 1401ms @ http://localhost:3000/_next/static/chunks/node_modules_next_dist_1e8vcs8._.js:776
[  298813ms] [LOG] [Fast Refresh] done in 1401ms @ http://localhost:3000/_next/static/chunks/node_modules_next_dist_1e8vcs8._.js:776
[  298876ms] [LOG] [Fast Refresh] done in 1401ms @ http://localhost:3000/_next/static/chunks/node_modules_next_dist_1e8vcs8._.js:776
[  298940ms] [LOG] [Fast Refresh] done in 1401ms @ http://localhost:3000/_next/static/chunks/node_modules_next_dist_1e8vcs8._.js:776
[  299003ms] [LOG] [Fast Refresh] done in 1401ms @ http://localhost:3000/_next/static/chunks/node_modules_next_dist_1e8vcs8._.js:776
[  299067ms] [LOG] [Fast Refresh] done in 1401ms @ http://localhost:3000/_next/static/chunks/node_modules_next_dist_1e8vcs8._.js:776
[  299131ms] [LOG] [Fast Refresh] done in 1401ms @ http://localhost:3000/_next/static/chunks/node_modules_next_dist_1e8vcs8._.js:776
[  299192ms] [LOG] [Fast Refresh] done in 1401ms @ http://localhost:3000/_next/static/chunks/node_modules_next_dist_1e8vcs8._.js:776
[  299255ms] [LOG] [Fast Refresh] done in 1401ms @ http://localhost:3000/_next/static/chunks/node_modules_next_dist_1e8vcs8._.js:776
[  299316ms] [LOG] [Fast Refresh] done in 1401ms @ http://localhost:3000/_next/static/chunks/node_modules_next_dist_1e8vcs8._.js:776
[  299379ms] [LOG] [Fast Refresh] done in 1401ms @ http://localhost:3000/_next/static/chunks/node_modules_next_dist_1e8vcs8._.js:776
[  299441ms] [LOG] [Fast Refresh] done in 1401ms @ http://localhost:3000/_next/static/chunks/node_modules_next_dist_1e8vcs8._.js:776
[  299503ms] [LOG] [Fast Refresh] done in 1401ms @ http://localhost:3000/_next/static/chunks/node_modules_next_dist_1e8vcs8._.js:776
[  299566ms] [LOG] [Fast Refresh] done in 1401ms @ http://localhost:3000/_next/static/chunks/node_modules_next_dist_1e8vcs8._.js:776
[  299629ms] [LOG] [Fast Refresh] done in 1401ms @ http://localhost:3000/_next/static/chunks/node_modules_next_dist_1e8vcs8._.js:776
[  299692ms] [LOG] [Fast Refresh] done in 1401ms @ http://localhost:3000/_next/static/chunks/node_modules_next_dist_1e8vcs8._.js:776
[  299754ms] [LOG] [Fast Refresh] done in 1401ms @ http://localhost:3000/_next/static/chunks/node_modules_next_dist_1e8vcs8._.js:776
[  299817ms] [LOG] [Fast Refresh] done in 1401ms @ http://localhost:3000/_next/static/chunks/node_modules_next_dist_1e8vcs8._.js:776
[  299895ms] [LOG] [Fast Refresh] done in 1401ms @ http://localhost:3000/_next/static/chunks/node_modules_next_dist_1e8vcs8._.js:776
[  299959ms] [LOG] [Fast Refresh] done in 1401ms @ http://localhost:3000/_next/static/chunks/node_modules_next_dist_1e8vcs8._.js:776
[  300022ms] [LOG] [Fast Refresh] done in 1401ms @ http://localhost:3000/_next/static/chunks/node_modules_next_dist_1e8vcs8._.js:776
[  300086ms] [LOG] [Fast Refresh] done in 1401ms @ http://localhost:3000/_next/static/chunks/node_modules_next_dist_1e8vcs8._.js:776
[  300147ms] [LOG] [Fast Refresh] done in 1401ms @ http://localhost:3000/_next/static/chunks/node_modules_next_dist_1e8vcs8._.js:776
[  300211ms] [LOG] [Fast Refresh] done in 1401ms @ http://localhost:3000/_next/static/chunks/node_modules_next_dist_1e8vcs8._.js:776
[  300274ms] [LOG] [Fast Refresh] done in 1401ms @ http://localhost:3000/_next/static/chunks/node_modules_next_dist_1e8vcs8._.js:776
[  300410ms] [LOG] [Fast Refresh] done in 1401ms @ http://localhost:3000/_next/static/chunks/node_modules_next_dist_1e8vcs8._.js:776
[  300493ms] [LOG] [Fast Refresh] done in 1401ms @ http://localhost:3000/_next/static/chunks/node_modules_next_dist_1e8vcs8._.js:776
[  300556ms] [LOG] [Fast Refresh] done in 1401ms @ http://localhost:3000/_next/static/chunks/node_modules_next_dist_1e8vcs8._.js:776
[  300619ms] [LOG] [Fast Refresh] done in 1401ms @ http://localhost:3000/_next/static/chunks/node_modules_next_dist_1e8vcs8._.js:776
[  300695ms] [LOG] [Fast Refresh] done in 1401ms @ http://localhost:3000/_next/static/chunks/node_modules_next_dist_1e8vcs8._.js:776
[  300772ms] [LOG] [Fast Refresh] done in 1401ms @ http://localhost:3000/_next/static/chunks/node_modules_next_dist_1e8vcs8._.js:776
[  300836ms] [LOG] [Fast Refresh] done in 1401ms @ http://localhost:3000/_next/static/chunks/node_modules_next_dist_1e8vcs8._.js:776
[  300897ms] [LOG] [Fast Refresh] done in 1401ms @ http://localhost:3000/_next/static/chunks/node_modules_next_dist_1e8vcs8._.js:776
[  300960ms] [LOG] [Fast Refresh] done in 1401ms @ http://localhost:3000/_next/static/chunks/node_modules_next_dist_1e8vcs8._.js:776
[  301022ms] [LOG] [Fast Refresh] done in 1401ms @ http://localhost:3000/_next/static/chunks/node_modules_next_dist_1e8vcs8._.js:776
[  301085ms] [LOG] [Fast Refresh] done in 1401ms @ http://localhost:3000/_next/static/chunks/node_modules_next_dist_1e8vcs8._.js:776
[  301216ms] [LOG] [Fast Refresh] done in 1401ms @ http://localhost:3000/_next/static/chunks/node_modules_next_dist_1e8vcs8._.js:776
[  301275ms] [LOG] [Fast Refresh] done in 1401ms @ http://localhost:3000/_next/static/chunks/node_modules_next_dist_1e8vcs8._.js:776
[  301350ms] [LOG] [Fast Refresh] done in 1401ms @ http://localhost:3000/_next/static/chunks/node_modules_next_dist_1e8vcs8._.js:776
[  301412ms] [LOG] [Fast Refresh] done in 1401ms @ http://localhost:3000/_next/static/chunks/node_modules_next_dist_1e8vcs8._.js:776
[  301474ms] [LOG] [Fast Refresh] done in 1401ms @ http://localhost:3000/_next/static/chunks/node_modules_next_dist_1e8vcs8._.js:776
[  301536ms] [LOG] [Fast Refresh] done in 1401ms @ http://localhost:3000/_next/static/chunks/node_modules_next_dist_1e8vcs8._.js:776
[  301599ms] [LOG] [Fast Refresh] done in 1401ms @ http://localhost:3000/_next/static/chunks/node_modules_next_dist_1e8vcs8._.js:776
[  301661ms] [LOG] [Fast Refresh] done in 1401ms @ http://localhost:3000/_next/static/chunks/node_modules_next_dist_1e8vcs8._.js:776
[  301723ms] [LOG] [Fast Refresh] done in 1401ms @ http://localhost:3000/_next/static/chunks/node_modules_next_dist_1e8vcs8._.js:776
[  301787ms] [LOG] [Fast Refresh] done in 1401ms @ http://localhost:3000/_next/static/chunks/node_modules_next_dist_1e8vcs8._.js:776
[  301849ms] [LOG] [Fast Refresh] done in 1401ms @ http://localhost:3000/_next/static/chunks/node_modules_next_dist_1e8vcs8._.js:776
[  301910ms] [LOG] [Fast Refresh] done in 1401ms @ http://localhost:3000/_next/static/chunks/node_modules_next_dist_1e8vcs8._.js:776
[  301973ms] [LOG] [Fast Refresh] done in 1401ms @ http://localhost:3000/_next/static/chunks/node_modules_next_dist_1e8vcs8._.js:776
[  302035ms] [LOG] [Fast Refresh] done in 1401ms @ http://localhost:3000/_next/static/chunks/node_modules_next_dist_1e8vcs8._.js:776
[  302114ms] [LOG] [Fast Refresh] done in 1401ms @ http://localhost:3000/_next/static/chunks/node_modules_next_dist_1e8vcs8._.js:776
[  302177ms] [LOG] [Fast Refresh] done in 1401ms @ http://localhost:3000/_next/static/chunks/node_modules_next_dist_1e8vcs8._.js:776
[  302240ms] [LOG] [Fast Refresh] done in 1401ms @ http://localhost:3000/_next/static/chunks/node_modules_next_dist_1e8vcs8._.js:776
[  302303ms] [LOG] [Fast Refresh] done in 1401ms @ http://localhost:3000/_next/static/chunks/node_modules_next_dist_1e8vcs8._.js:776
[  302366ms] [LOG] [Fast Refresh] done in 1401ms @ http://localhost:3000/_next/static/chunks/node_modules_next_dist_1e8vcs8._.js:776
[  302429ms] [LOG] [Fast Refresh] done in 1401ms @ http://localhost:3000/_next/static/chunks/node_modules_next_dist_1e8vcs8._.js:776
[  302492ms] [LOG] [Fast Refresh] done in 1401ms @ http://localhost:3000/_next/static/chunks/node_modules_next_dist_1e8vcs8._.js:776
[  302554ms] [LOG] [Fast Refresh] done in 1401ms @ http://localhost:3000/_next/static/chunks/node_modules_next_dist_1e8vcs8._.js:776
[  302618ms] [LOG] [Fast Refresh] done in 1401ms @ http://localhost:3000/_next/static/chunks/node_modules_next_dist_1e8vcs8._.js:776
[  302681ms] [LOG] [Fast Refresh] done in 1401ms @ http://localhost:3000/_next/static/chunks/node_modules_next_dist_1e8vcs8._.js:776
[  302745ms] [LOG] [Fast Refresh] done in 1401ms @ http://localhost:3000/_next/static/chunks/node_modules_next_dist_1e8vcs8._.js:776
[  302807ms] [LOG] [Fast Refresh] done in 1401ms @ http://localhost:3000/_next/static/chunks/node_modules_next_dist_1e8vcs8._.js:776
[  302870ms] [LOG] [Fast Refresh] done in 1401ms @ http://localhost:3000/_next/static/chunks/node_modules_next_dist_1e8vcs8._.js:776
[  302932ms] [LOG] [Fast Refresh] done in 1401ms @ http://localhost:3000/_next/static/chunks/node_modules_next_dist_1e8vcs8._.js:776
[  302996ms] [LOG] [Fast Refresh] done in 1401ms @ http://localhost:3000/_next/static/chunks/node_modules_next_dist_1e8vcs8._.js:776
[  303058ms] [LOG] [Fast Refresh] done in 1401ms @ http://localhost:3000/_next/static/chunks/node_modules_next_dist_1e8vcs8._.js:776
[  303122ms] [LOG] [Fast Refresh] done in 1401ms @ http://localhost:3000/_next/static/chunks/node_modules_next_dist_1e8vcs8._.js:776
[  303184ms] [LOG] [Fast Refresh] done in 1401ms @ http://localhost:3000/_next/static/chunks/node_modules_next_dist_1e8vcs8._.js:776
[  303247ms] [LOG] [Fast Refresh] done in 1401ms @ http://localhost:3000/_next/static/chunks/node_modules_next_dist_1e8vcs8._.js:776
[  303311ms] [LOG] [Fast Refresh] done in 1401ms @ http://localhost:3000/_next/static/chunks/node_modules_next_dist_1e8vcs8._.js:776
[  303374ms] [LOG] [Fast Refresh] done in 1401ms @ http://localhost:3000/_next/static/chunks/node_modules_next_dist_1e8vcs8._.js:776
[  303437ms] [LOG] [Fast Refresh] done in 1401ms @ http://localhost:3000/_next/static/chunks/node_modules_next_dist_1e8vcs8._.js:776
[  303517ms] [LOG] [Fast Refresh] done in 1401ms @ http://localhost:3000/_next/static/chunks/node_modules_next_dist_1e8vcs8._.js:776
[  303577ms] [LOG] [Fast Refresh] done in 1401ms @ http://localhost:3000/_next/static/chunks/node_modules_next_dist_1e8vcs8._.js:776
[  303640ms] [LOG] [Fast Refresh] done in 1401ms @ http://localhost:3000/_next/static/chunks/node_modules_next_dist_1e8vcs8._.js:776
[  303702ms] [LOG] [Fast Refresh] done in 1401ms @ http://localhost:3000/_next/static/chunks/node_modules_next_dist_1e8vcs8._.js:776
[  303765ms] [LOG] [Fast Refresh] done in 1401ms @ http://localhost:3000/_next/static/chunks/node_modules_next_dist_1e8vcs8._.js:776
[  303828ms] [LOG] [Fast Refresh] done in 1401ms @ http://localhost:3000/_next/static/chunks/node_modules_next_dist_1e8vcs8._.js:776
[  303889ms] [LOG] [Fast Refresh] done in 1401ms @ http://localhost:3000/_next/static/chunks/node_modules_next_dist_1e8vcs8._.js:776
[  303952ms] [LOG] [Fast Refresh] done in 1401ms @ http://localhost:3000/_next/static/chunks/node_modules_next_dist_1e8vcs8._.js:776
[  304014ms] [LOG] [Fast Refresh] done in 1401ms @ http://localhost:3000/_next/static/chunks/node_modules_next_dist_1e8vcs8._.js:776
[  304077ms] [LOG] [Fast Refresh] done in 1401ms @ http://localhost:3000/_next/static/chunks/node_modules_next_dist_1e8vcs8._.js:776
[  304141ms] [LOG] [Fast Refresh] done in 1401ms @ http://localhost:3000/_next/static/chunks/node_modules_next_dist_1e8vcs8._.js:776
[  304203ms] [LOG] [Fast Refresh] done in 1401ms @ http://localhost:3000/_next/static/chunks/node_modules_next_dist_1e8vcs8._.js:776
[  304265ms] [LOG] [Fast Refresh] done in 1401ms @ http://localhost:3000/_next/static/chunks/node_modules_next_dist_1e8vcs8._.js:776
[  304329ms] [LOG] [Fast Refresh] done in 1401ms @ http://localhost:3000/_next/static/chunks/node_modules_next_dist_1e8vcs8._.js:776
[  304392ms] [LOG] [Fast Refresh] done in 1401ms @ http://localhost:3000/_next/static/chunks/node_modules_next_dist_1e8vcs8._.js:776
[  304455ms] [LOG] [Fast Refresh] done in 1401ms @ http://localhost:3000/_next/static/chunks/node_modules_next_dist_1e8vcs8._.js:776
[  304517ms] [LOG] [Fast Refresh] done in 1401ms @ http://localhost:3000/_next/static/chunks/node_modules_next_dist_1e8vcs8._.js:776
[  304579ms] [LOG] [Fast Refresh] done in 1401ms @ http://localhost:3000/_next/static/chunks/node_modules_next_dist_1e8vcs8._.js:776
[  304642ms] [LOG] [Fast Refresh] done in 1401ms @ http://localhost:3000/_next/static/chunks/node_modules_next_dist_1e8vcs8._.js:776
[  304704ms] [LOG] [Fast Refresh] done in 1401ms @ http://localhost:3000/_next/static/chunks/node_modules_next_dist_1e8vcs8._.js:776
[  304767ms] [LOG] [Fast Refresh] done in 1401ms @ http://localhost:3000/_next/static/chunks/node_modules_next_dist_1e8vcs8._.js:776
[  304829ms] [LOG] [Fast Refresh] done in 1401ms @ http://localhost:3000/_next/static/chunks/node_modules_next_dist_1e8vcs8._.js:776
[  304892ms] [LOG] [Fast Refresh] done in 1401ms @ http://localhost:3000/_next/static/chunks/node_modules_next_dist_1e8vcs8._.js:776
[  304954ms] [LOG] [Fast Refresh] done in 1401ms @ http://localhost:3000/_next/static/chunks/node_modules_next_dist_1e8vcs8._.js:776
[  305017ms] [LOG] [Fast Refresh] done in 1401ms @ http://localhost:3000/_next/static/chunks/node_modules_next_dist_1e8vcs8._.js:776
[  305079ms] [LOG] [Fast Refresh] done in 1401ms @ http://localhost:3000/_next/static/chunks/node_modules_next_dist_1e8vcs8._.js:776
[  305143ms] [LOG] [Fast Refresh] done in 1401ms @ http://localhost:3000/_next/static/chunks/node_modules_next_dist_1e8vcs8._.js:776
[  305206ms] [LOG] [Fast Refresh] done in 1401ms @ http://localhost:3000/_next/static/chunks/node_modules_next_dist_1e8vcs8._.js:776
[  305270ms] [LOG] [Fast Refresh] done in 1401ms @ http://localhost:3000/_next/static/chunks/node_modules_next_dist_1e8vcs8._.js:776
[  305333ms] [LOG] [Fast Refresh] done in 1401ms @ http://localhost:3000/_next/static/chunks/node_modules_next_dist_1e8vcs8._.js:776
[  305395ms] [LOG] [Fast Refresh] done in 1401ms @ http://localhost:3000/_next/static/chunks/node_modules_next_dist_1e8vcs8._.js:776
[  305458ms] [LOG] [Fast Refresh] done in 1401ms @ http://localhost:3000/_next/static/chunks/node_modules_next_dist_1e8vcs8._.js:776
[  305521ms] [LOG] [Fast Refresh] done in 1401ms @ http://localhost:3000/_next/static/chunks/node_modules_next_dist_1e8vcs8._.js:776
[  305583ms] [LOG] [Fast Refresh] done in 1401ms @ http://localhost:3000/_next/static/chunks/node_modules_next_dist_1e8vcs8._.js:776
[  305647ms] [LOG] [Fast Refresh] done in 1401ms @ http://localhost:3000/_next/static/chunks/node_modules_next_dist_1e8vcs8._.js:776
[  305709ms] [LOG] [Fast Refresh] done in 1401ms @ http://localhost:3000/_next/static/chunks/node_modules_next_dist_1e8vcs8._.js:776
[  305773ms] [LOG] [Fast Refresh] done in 1401ms @ http://localhost:3000/_next/static/chunks/node_modules_next_dist_1e8vcs8._.js:776
[  305851ms] [LOG] [Fast Refresh] done in 1401ms @ http://localhost:3000/_next/static/chunks/node_modules_next_dist_1e8vcs8._.js:776
[  305913ms] [LOG] [Fast Refresh] done in 1401ms @ http://localhost:3000/_next/static/chunks/node_modules_next_dist_1e8vcs8._.js:776
[  305975ms] [LOG] [Fast Refresh] done in 1401ms @ http://localhost:3000/_next/static/chunks/node_modules_next_dist_1e8vcs8._.js:776
[  306036ms] [LOG] [Fast Refresh] done in 1401ms @ http://localhost:3000/_next/static/chunks/node_modules_next_dist_1e8vcs8._.js:776
[  306099ms] [LOG] [Fast Refresh] done in 1401ms @ http://localhost:3000/_next/static/chunks/node_modules_next_dist_1e8vcs8._.js:776
[  306162ms] [LOG] [Fast Refresh] done in 1401ms @ http://localhost:3000/_next/static/chunks/node_modules_next_dist_1e8vcs8._.js:776
[  306226ms] [LOG] [Fast Refresh] done in 1401ms @ http://localhost:3000/_next/static/chunks/node_modules_next_dist_1e8vcs8._.js:776
[  306288ms] [LOG] [Fast Refresh] done in 1401ms @ http://localhost:3000/_next/static/chunks/node_modules_next_dist_1e8vcs8._.js:776
[  306352ms] [LOG] [Fast Refresh] done in 1401ms @ http://localhost:3000/_next/static/chunks/node_modules_next_dist_1e8vcs8._.js:776
[  306416ms] [LOG] [Fast Refresh] done in 1401ms @ http://localhost:3000/_next/static/chunks/node_modules_next_dist_1e8vcs8._.js:776
[  306478ms] [LOG] [Fast Refresh] done in 1401ms @ http://localhost:3000/_next/static/chunks/node_modules_next_dist_1e8vcs8._.js:776
[  306540ms] [LOG] [Fast Refresh] done in 1401ms @ http://localhost:3000/_next/static/chunks/node_modules_next_dist_1e8vcs8._.js:776
[  306604ms] [LOG] [Fast Refresh] done in 1401ms @ http://localhost:3000/_next/static/chunks/node_modules_next_dist_1e8vcs8._.js:776
[  306668ms] [LOG] [Fast Refresh] done in 1401ms @ http://localhost:3000/_next/static/chunks/node_modules_next_dist_1e8vcs8._.js:776
[  306732ms] [LOG] [Fast Refresh] done in 1401ms @ http://localhost:3000/_next/static/chunks/node_modules_next_dist_1e8vcs8._.js:776
[  306794ms] [LOG] [Fast Refresh] done in 1401ms @ http://localhost:3000/_next/static/chunks/node_modules_next_dist_1e8vcs8._.js:776
[  306856ms] [LOG] [Fast Refresh] done in 1401ms @ http://localhost:3000/_next/static/chunks/node_modules_next_dist_1e8vcs8._.js:776
[  306919ms] [LOG] [Fast Refresh] done in 1401ms @ http://localhost:3000/_next/static/chunks/node_modules_next_dist_1e8vcs8._.js:776
[  306982ms] [LOG] [Fast Refresh] done in 1401ms @ http://localhost:3000/_next/static/chunks/node_modules_next_dist_1e8vcs8._.js:776
[  307045ms] [LOG] [Fast Refresh] done in 1401ms @ http://localhost:3000/_next/static/chunks/node_modules_next_dist_1e8vcs8._.js:776
[  307107ms] [LOG] [Fast Refresh] done in 1401ms @ http://localhost:3000/_next/static/chunks/node_modules_next_dist_1e8vcs8._.js:776
[  307170ms] [LOG] [Fast Refresh] done in 1401ms @ http://localhost:3000/_next/static/chunks/node_modules_next_dist_1e8vcs8._.js:776
[  307233ms] [LOG] [Fast Refresh] done in 1401ms @ http://localhost:3000/_next/static/chunks/node_modules_next_dist_1e8vcs8._.js:776
[  307296ms] [LOG] [Fast Refresh] done in 1401ms @ http://localhost:3000/_next/static/chunks/node_modules_next_dist_1e8vcs8._.js:776
[  307359ms] [LOG] [Fast Refresh] done in 1401ms @ http://localhost:3000/_next/static/chunks/node_modules_next_dist_1e8vcs8._.js:776
[  307436ms] [LOG] [Fast Refresh] done in 1401ms @ http://localhost:3000/_next/static/chunks/node_modules_next_dist_1e8vcs8._.js:776
[  307498ms] [LOG] [Fast Refresh] done in 1401ms @ http://localhost:3000/_next/static/chunks/node_modules_next_dist_1e8vcs8._.js:776
[  307560ms] [LOG] [Fast Refresh] done in 1401ms @ http://localhost:3000/_next/static/chunks/node_modules_next_dist_1e8vcs8._.js:776
[  307655ms] [LOG] [Fast Refresh] done in 1401ms @ http://localhost:3000/_next/static/chunks/node_modules_next_dist_1e8vcs8._.js:776
[  307731ms] [LOG] [Fast Refresh] done in 1401ms @ http://localhost:3000/_next/static/chunks/node_modules_next_dist_1e8vcs8._.js:776
[  307793ms] [LOG] [Fast Refresh] done in 1401ms @ http://localhost:3000/_next/static/chunks/node_modules_next_dist_1e8vcs8._.js:776
[  307856ms] [LOG] [Fast Refresh] done in 1401ms @ http://localhost:3000/_next/static/chunks/node_modules_next_dist_1e8vcs8._.js:776
[  307918ms] [LOG] [Fast Refresh] done in 1401ms @ http://localhost:3000/_next/static/chunks/node_modules_next_dist_1e8vcs8._.js:776
[  307995ms] [LOG] [Fast Refresh] done in 1401ms @ http://localhost:3000/_next/static/chunks/node_modules_next_dist_1e8vcs8._.js:776
[  308059ms] [LOG] [Fast Refresh] done in 1401ms @ http://localhost:3000/_next/static/chunks/node_modules_next_dist_1e8vcs8._.js:776
[  308121ms] [LOG] [Fast Refresh] done in 1401ms @ http://localhost:3000/_next/static/chunks/node_modules_next_dist_1e8vcs8._.js:776
[  308184ms] [LOG] [Fast Refresh] done in 1401ms @ http://localhost:3000/_next/static/chunks/node_modules_next_dist_1e8vcs8._.js:776
[  308248ms] [LOG] [Fast Refresh] done in 1401ms @ http://localhost:3000/_next/static/chunks/node_modules_next_dist_1e8vcs8._.js:776
[  308311ms] [LOG] [Fast Refresh] done in 1401ms @ http://localhost:3000/_next/static/chunks/node_modules_next_dist_1e8vcs8._.js:776
[  308372ms] [LOG] [Fast Refresh] done in 1401ms @ http://localhost:3000/_next/static/chunks/node_modules_next_dist_1e8vcs8._.js:776
[  308435ms] [LOG] [Fast Refresh] done in 1401ms @ http://localhost:3000/_next/static/chunks/node_modules_next_dist_1e8vcs8._.js:776
[  308497ms] [LOG] [Fast Refresh] done in 1401ms @ http://localhost:3000/_next/static/chunks/node_modules_next_dist_1e8vcs8._.js:776
[  308561ms] [LOG] [Fast Refresh] done in 1401ms @ http://localhost:3000/_next/static/chunks/node_modules_next_dist_1e8vcs8._.js:776
[  308625ms] [LOG] [Fast Refresh] done in 1401ms @ http://localhost:3000/_next/static/chunks/node_modules_next_dist_1e8vcs8._.js:776
[  308687ms] [LOG] [Fast Refresh] done in 1401ms @ http://localhost:3000/_next/static/chunks/node_modules_next_dist_1e8vcs8._.js:776
[  308751ms] [LOG] [Fast Refresh] done in 1401ms @ http://localhost:3000/_next/static/chunks/node_modules_next_dist_1e8vcs8._.js:776
[  308813ms] [LOG] [Fast Refresh] done in 1401ms @ http://localhost:3000/_next/static/chunks/node_modules_next_dist_1e8vcs8._.js:776
[  308876ms] [LOG] [Fast Refresh] done in 1401ms @ http://localhost:3000/_next/static/chunks/node_modules_next_dist_1e8vcs8._.js:776
[  308937ms] [LOG] [Fast Refresh] done in 1401ms @ http://localhost:3000/_next/static/chunks/node_modules_next_dist_1e8vcs8._.js:776
[  308999ms] [LOG] [Fast Refresh] done in 1401ms @ http://localhost:3000/_next/static/chunks/node_modules_next_dist_1e8vcs8._.js:776
[  309062ms] [LOG] [Fast Refresh] done in 1401ms @ http://localhost:3000/_next/static/chunks/node_modules_next_dist_1e8vcs8._.js:776
[  309125ms] [LOG] [Fast Refresh] done in 1401ms @ http://localhost:3000/_next/static/chunks/node_modules_next_dist_1e8vcs8._.js:776
[  309189ms] [LOG] [Fast Refresh] done in 1401ms @ http://localhost:3000/_next/static/chunks/node_modules_next_dist_1e8vcs8._.js:776
[  309252ms] [LOG] [Fast Refresh] done in 1401ms @ http://localhost:3000/_next/static/chunks/node_modules_next_dist_1e8vcs8._.js:776
[  309315ms] [LOG] [Fast Refresh] done in 1401ms @ http://localhost:3000/_next/static/chunks/node_modules_next_dist_1e8vcs8._.js:776
[  309377ms] [LOG] [Fast Refresh] done in 1401ms @ http://localhost:3000/_next/static/chunks/node_modules_next_dist_1e8vcs8._.js:776
[  309440ms] [LOG] [Fast Refresh] done in 1401ms @ http://localhost:3000/_next/static/chunks/node_modules_next_dist_1e8vcs8._.js:776
[  309519ms] [LOG] [Fast Refresh] done in 1401ms @ http://localhost:3000/_next/static/chunks/node_modules_next_dist_1e8vcs8._.js:776
[  309581ms] [LOG] [Fast Refresh] done in 1401ms @ http://localhost:3000/_next/static/chunks/node_modules_next_dist_1e8vcs8._.js:776
[  309644ms] [LOG] [Fast Refresh] done in 1401ms @ http://localhost:3000/_next/static/chunks/node_modules_next_dist_1e8vcs8._.js:776
[  309706ms] [LOG] [Fast Refresh] done in 1401ms @ http://localhost:3000/_next/static/chunks/node_modules_next_dist_1e8vcs8._.js:776
[  309770ms] [LOG] [Fast Refresh] done in 1401ms @ http://localhost:3000/_next/static/chunks/node_modules_next_dist_1e8vcs8._.js:776
[  309834ms] [LOG] [Fast Refresh] done in 1401ms @ http://localhost:3000/_next/static/chunks/node_modules_next_dist_1e8vcs8._.js:776
[  309896ms] [LOG] [Fast Refresh] done in 1401ms @ http://localhost:3000/_next/static/chunks/node_modules_next_dist_1e8vcs8._.js:776
[  309958ms] [LOG] [Fast Refresh] done in 1401ms @ http://localhost:3000/_next/static/chunks/node_modules_next_dist_1e8vcs8._.js:776
[  310021ms] [LOG] [Fast Refresh] done in 1401ms @ http://localhost:3000/_next/static/chunks/node_modules_next_dist_1e8vcs8._.js:776
[  310083ms] [LOG] [Fast Refresh] done in 1401ms @ http://localhost:3000/_next/static/chunks/node_modules_next_dist_1e8vcs8._.js:776
[  310145ms] [LOG] [Fast Refresh] done in 1401ms @ http://localhost:3000/_next/static/chunks/node_modules_next_dist_1e8vcs8._.js:776
[  310208ms] [LOG] [Fast Refresh] done in 1401ms @ http://localhost:3000/_next/static/chunks/node_modules_next_dist_1e8vcs8._.js:776
[  310271ms] [LOG] [Fast Refresh] done in 1401ms @ http://localhost:3000/_next/static/chunks/node_modules_next_dist_1e8vcs8._.js:776
[  310333ms] [LOG] [Fast Refresh] done in 1401ms @ http://localhost:3000/_next/static/chunks/node_modules_next_dist_1e8vcs8._.js:776
[  310395ms] [LOG] [Fast Refresh] done in 1401ms @ http://localhost:3000/_next/static/chunks/node_modules_next_dist_1e8vcs8._.js:776
[  310460ms] [LOG] [Fast Refresh] done in 1401ms @ http://localhost:3000/_next/static/chunks/node_modules_next_dist_1e8vcs8._.js:776
[  310523ms] [LOG] [Fast Refresh] done in 1401ms @ http://localhost:3000/_next/static/chunks/node_modules_next_dist_1e8vcs8._.js:776
[  310586ms] [LOG] [Fast Refresh] done in 1401ms @ http://localhost:3000/_next/static/chunks/node_modules_next_dist_1e8vcs8._.js:776
[  310649ms] [LOG] [Fast Refresh] done in 1401ms @ http://localhost:3000/_next/static/chunks/node_modules_next_dist_1e8vcs8._.js:776
[  310711ms] [LOG] [Fast Refresh] done in 1401ms @ http://localhost:3000/_next/static/chunks/node_modules_next_dist_1e8vcs8._.js:776
[  310775ms] [LOG] [Fast Refresh] done in 1401ms @ http://localhost:3000/_next/static/chunks/node_modules_next_dist_1e8vcs8._.js:776
[  310838ms] [LOG] [Fast Refresh] done in 1401ms @ http://localhost:3000/_next/static/chunks/node_modules_next_dist_1e8vcs8._.js:776
[  310901ms] [LOG] [Fast Refresh] done in 1401ms @ http://localhost:3000/_next/static/chunks/node_modules_next_dist_1e8vcs8._.js:776
[  310962ms] [LOG] [Fast Refresh] done in 1401ms @ http://localhost:3000/_next/static/chunks/node_modules_next_dist_1e8vcs8._.js:776
[  311026ms] [LOG] [Fast Refresh] done in 1401ms @ http://localhost:3000/_next/static/chunks/node_modules_next_dist_1e8vcs8._.js:776
[  311089ms] [LOG] [Fast Refresh] done in 1401ms @ http://localhost:3000/_next/static/chunks/node_modules_next_dist_1e8vcs8._.js:776
[  311152ms] [LOG] [Fast Refresh] done in 1401ms @ http://localhost:3000/_next/static/chunks/node_modules_next_dist_1e8vcs8._.js:776
[  311215ms] [LOG] [Fast Refresh] done in 1401ms @ http://localhost:3000/_next/static/chunks/node_modules_next_dist_1e8vcs8._.js:776
[  311279ms] [LOG] [Fast Refresh] done in 1401ms @ http://localhost:3000/_next/static/chunks/node_modules_next_dist_1e8vcs8._.js:776
[  311342ms] [LOG] [Fast Refresh] done in 1401ms @ http://localhost:3000/_next/static/chunks/node_modules_next_dist_1e8vcs8._.js:776
[  311404ms] [LOG] [Fast Refresh] done in 1401ms @ http://localhost:3000/_next/static/chunks/node_modules_next_dist_1e8vcs8._.js:776
[  311467ms] [LOG] [Fast Refresh] done in 1401ms @ http://localhost:3000/_next/static/chunks/node_modules_next_dist_1e8vcs8._.js:776
[  311530ms] [LOG] [Fast Refresh] done in 1401ms @ http://localhost:3000/_next/static/chunks/node_modules_next_dist_1e8vcs8._.js:776
[  311591ms] [LOG] [Fast Refresh] done in 1401ms @ http://localhost:3000/_next/static/chunks/node_modules_next_dist_1e8vcs8._.js:776
[  311653ms] [LOG] [Fast Refresh] done in 1401ms @ http://localhost:3000/_next/static/chunks/node_modules_next_dist_1e8vcs8._.js:776
[  311716ms] [LOG] [Fast Refresh] done in 1401ms @ http://localhost:3000/_next/static/chunks/node_modules_next_dist_1e8vcs8._.js:776
[  311777ms] [LOG] [Fast Refresh] done in 1401ms @ http://localhost:3000/_next/static/chunks/node_modules_next_dist_1e8vcs8._.js:776
[  311841ms] [LOG] [Fast Refresh] done in 1401ms @ http://localhost:3000/_next/static/chunks/node_modules_next_dist_1e8vcs8._.js:776
[  311904ms] [LOG] [Fast Refresh] done in 1401ms @ http://localhost:3000/_next/static/chunks/node_modules_next_dist_1e8vcs8._.js:776
[  311966ms] [LOG] [Fast Refresh] done in 1401ms @ http://localhost:3000/_next/static/chunks/node_modules_next_dist_1e8vcs8._.js:776
[  312029ms] [LOG] [Fast Refresh] done in 1401ms @ http://localhost:3000/_next/static/chunks/node_modules_next_dist_1e8vcs8._.js:776
[  312091ms] [LOG] [Fast Refresh] done in 1401ms @ http://localhost:3000/_next/static/chunks/node_modules_next_dist_1e8vcs8._.js:776
[  312154ms] [LOG] [Fast Refresh] done in 1401ms @ http://localhost:3000/_next/static/chunks/node_modules_next_dist_1e8vcs8._.js:776
[  312216ms] [LOG] [Fast Refresh] done in 1401ms @ http://localhost:3000/_next/static/chunks/node_modules_next_dist_1e8vcs8._.js:776
[  312280ms] [LOG] [Fast Refresh] done in 1401ms @ http://localhost:3000/_next/static/chunks/node_modules_next_dist_1e8vcs8._.js:776
[  312341ms] [LOG] [Fast Refresh] done in 1401ms @ http://localhost:3000/_next/static/chunks/node_modules_next_dist_1e8vcs8._.js:776
[  312405ms] [LOG] [Fast Refresh] done in 1401ms @ http://localhost:3000/_next/static/chunks/node_modules_next_dist_1e8vcs8._.js:776
[  312467ms] [LOG] [Fast Refresh] done in 1401ms @ http://localhost:3000/_next/static/chunks/node_modules_next_dist_1e8vcs8._.js:776
[  312530ms] [LOG] [Fast Refresh] done in 1401ms @ http://localhost:3000/_next/static/chunks/node_modules_next_dist_1e8vcs8._.js:776
[  312593ms] [LOG] [Fast Refresh] done in 1401ms @ http://localhost:3000/_next/static/chunks/node_modules_next_dist_1e8vcs8._.js:776
[  312656ms] [LOG] [Fast Refresh] done in 1401ms @ http://localhost:3000/_next/static/chunks/node_modules_next_dist_1e8vcs8._.js:776
[  312718ms] [LOG] [Fast Refresh] done in 1401ms @ http://localhost:3000/_next/static/chunks/node_modules_next_dist_1e8vcs8._.js:776
[  312781ms] [LOG] [Fast Refresh] done in 1401ms @ http://localhost:3000/_next/static/chunks/node_modules_next_dist_1e8vcs8._.js:776
[  312843ms] [LOG] [Fast Refresh] done in 1401ms @ http://localhost:3000/_next/static/chunks/node_modules_next_dist_1e8vcs8._.js:776
[  312904ms] [LOG] [Fast Refresh] done in 1401ms @ http://localhost:3000/_next/static/chunks/node_modules_next_dist_1e8vcs8._.js:776
[  312966ms] [LOG] [Fast Refresh] done in 1401ms @ http://localhost:3000/_next/static/chunks/node_modules_next_dist_1e8vcs8._.js:776
[  313030ms] [LOG] [Fast Refresh] done in 1401ms @ http://localhost:3000/_next/static/chunks/node_modules_next_dist_1e8vcs8._.js:776
[  313093ms] [LOG] [Fast Refresh] done in 1401ms @ http://localhost:3000/_next/static/chunks/node_modules_next_dist_1e8vcs8._.js:776
[  313171ms] [LOG] [Fast Refresh] done in 1401ms @ http://localhost:3000/_next/static/chunks/node_modules_next_dist_1e8vcs8._.js:776
[  313233ms] [LOG] [Fast Refresh] done in 1401ms @ http://localhost:3000/_next/static/chunks/node_modules_next_dist_1e8vcs8._.js:776
[  313295ms] [LOG] [Fast Refresh] done in 1401ms @ http://localhost:3000/_next/static/chunks/node_modules_next_dist_1e8vcs8._.js:776
[  313359ms] [LOG] [Fast Refresh] done in 1401ms @ http://localhost:3000/_next/static/chunks/node_modules_next_dist_1e8vcs8._.js:776
[  313422ms] [LOG] [Fast Refresh] done in 1401ms @ http://localhost:3000/_next/static/chunks/node_modules_next_dist_1e8vcs8._.js:776
[  313485ms] [LOG] [Fast Refresh] done in 1401ms @ http://localhost:3000/_next/static/chunks/node_modules_next_dist_1e8vcs8._.js:776
[  313548ms] [LOG] [Fast Refresh] done in 1401ms @ http://localhost:3000/_next/static/chunks/node_modules_next_dist_1e8vcs8._.js:776
[  313610ms] [LOG] [Fast Refresh] done in 1401ms @ http://localhost:3000/_next/static/chunks/node_modules_next_dist_1e8vcs8._.js:776
[  313674ms] [LOG] [Fast Refresh] done in 1401ms @ http://localhost:3000/_next/static/chunks/node_modules_next_dist_1e8vcs8._.js:776
[  313738ms] [LOG] [Fast Refresh] done in 1401ms @ http://localhost:3000/_next/static/chunks/node_modules_next_dist_1e8vcs8._.js:776
[  313801ms] [LOG] [Fast Refresh] done in 1401ms @ http://localhost:3000/_next/static/chunks/node_modules_next_dist_1e8vcs8._.js:776
[  313863ms] [LOG] [Fast Refresh] done in 1401ms @ http://localhost:3000/_next/static/chunks/node_modules_next_dist_1e8vcs8._.js:776
[  313926ms] [LOG] [Fast Refresh] done in 1401ms @ http://localhost:3000/_next/static/chunks/node_modules_next_dist_1e8vcs8._.js:776
[  313989ms] [LOG] [Fast Refresh] done in 1401ms @ http://localhost:3000/_next/static/chunks/node_modules_next_dist_1e8vcs8._.js:776
[  314052ms] [LOG] [Fast Refresh] done in 1401ms @ http://localhost:3000/_next/static/chunks/node_modules_next_dist_1e8vcs8._.js:776
[  314115ms] [LOG] [Fast Refresh] done in 1401ms @ http://localhost:3000/_next/static/chunks/node_modules_next_dist_1e8vcs8._.js:776
[  314179ms] [LOG] [Fast Refresh] done in 1401ms @ http://localhost:3000/_next/static/chunks/node_modules_next_dist_1e8vcs8._.js:776
[  314257ms] [LOG] [Fast Refresh] done in 1401ms @ http://localhost:3000/_next/static/chunks/node_modules_next_dist_1e8vcs8._.js:776
[  314319ms] [LOG] [Fast Refresh] done in 1401ms @ http://localhost:3000/_next/static/chunks/node_modules_next_dist_1e8vcs8._.js:776
[  314382ms] [LOG] [Fast Refresh] done in 1401ms @ http://localhost:3000/_next/static/chunks/node_modules_next_dist_1e8vcs8._.js:776
[  314444ms] [LOG] [Fast Refresh] done in 1401ms @ http://localhost:3000/_next/static/chunks/node_modules_next_dist_1e8vcs8._.js:776
[  314522ms] [LOG] [Fast Refresh] done in 1401ms @ http://localhost:3000/_next/static/chunks/node_modules_next_dist_1e8vcs8._.js:776
[  314585ms] [LOG] [Fast Refresh] done in 1401ms @ http://localhost:3000/_next/static/chunks/node_modules_next_dist_1e8vcs8._.js:776
[  314648ms] [LOG] [Fast Refresh] done in 1401ms @ http://localhost:3000/_next/static/chunks/node_modules_next_dist_1e8vcs8._.js:776
[  314750ms] [LOG] [Fast Refresh] done in 1401ms @ http://localhost:3000/_next/static/chunks/node_modules_next_dist_1e8vcs8._.js:776
[  314821ms] [LOG] [Fast Refresh] done in 1401ms @ http://localhost:3000/_next/static/chunks/node_modules_next_dist_1e8vcs8._.js:776
[  314881ms] [LOG] [Fast Refresh] done in 1401ms @ http://localhost:3000/_next/static/chunks/node_modules_next_dist_1e8vcs8._.js:776
[  314943ms] [LOG] [Fast Refresh] done in 1401ms @ http://localhost:3000/_next/static/chunks/node_modules_next_dist_1e8vcs8._.js:776
[  315006ms] [LOG] [Fast Refresh] done in 1401ms @ http://localhost:3000/_next/static/chunks/node_modules_next_dist_1e8vcs8._.js:776
[  315069ms] [LOG] [Fast Refresh] done in 1401ms @ http://localhost:3000/_next/static/chunks/node_modules_next_dist_1e8vcs8._.js:776
[  315133ms] [LOG] [Fast Refresh] done in 1401ms @ http://localhost:3000/_next/static/chunks/node_modules_next_dist_1e8vcs8._.js:776
[  315195ms] [LOG] [Fast Refresh] done in 1401ms @ http://localhost:3000/_next/static/chunks/node_modules_next_dist_1e8vcs8._.js:776
[  315257ms] [LOG] [Fast Refresh] done in 1401ms @ http://localhost:3000/_next/static/chunks/node_modules_next_dist_1e8vcs8._.js:776
[  315323ms] [LOG] [Fast Refresh] done in 1401ms @ http://localhost:3000/_next/static/chunks/node_modules_next_dist_1e8vcs8._.js:776
[  315384ms] [LOG] [Fast Refresh] done in 1401ms @ http://localhost:3000/_next/static/chunks/node_modules_next_dist_1e8vcs8._.js:776
[  315446ms] [LOG] [Fast Refresh] done in 1401ms @ http://localhost:3000/_next/static/chunks/node_modules_next_dist_1e8vcs8._.js:776
[  315509ms] [LOG] [Fast Refresh] done in 1401ms @ http://localhost:3000/_next/static/chunks/node_modules_next_dist_1e8vcs8._.js:776
[  315572ms] [LOG] [Fast Refresh] done in 1401ms @ http://localhost:3000/_next/static/chunks/node_modules_next_dist_1e8vcs8._.js:776
[  315634ms] [LOG] [Fast Refresh] done in 1401ms @ http://localhost:3000/_next/static/chunks/node_modules_next_dist_1e8vcs8._.js:776
[  315697ms] [LOG] [Fast Refresh] done in 1401ms @ http://localhost:3000/_next/static/chunks/node_modules_next_dist_1e8vcs8._.js:776
[  315759ms] [LOG] [Fast Refresh] done in 1401ms @ http://localhost:3000/_next/static/chunks/node_modules_next_dist_1e8vcs8._.js:776
[  315822ms] [LOG] [Fast Refresh] done in 1401ms @ http://localhost:3000/_next/static/chunks/node_modules_next_dist_1e8vcs8._.js:776
[  315884ms] [LOG] [Fast Refresh] done in 1401ms @ http://localhost:3000/_next/static/chunks/node_modules_next_dist_1e8vcs8._.js:776
[  315947ms] [LOG] [Fast Refresh] done in 1401ms @ http://localhost:3000/_next/static/chunks/node_modules_next_dist_1e8vcs8._.js:776
[  316010ms] [LOG] [Fast Refresh] done in 1401ms @ http://localhost:3000/_next/static/chunks/node_modules_next_dist_1e8vcs8._.js:776
[  316073ms] [LOG] [Fast Refresh] done in 1401ms @ http://localhost:3000/_next/static/chunks/node_modules_next_dist_1e8vcs8._.js:776
[  316136ms] [LOG] [Fast Refresh] done in 1401ms @ http://localhost:3000/_next/static/chunks/node_modules_next_dist_1e8vcs8._.js:776
[  316198ms] [LOG] [Fast Refresh] done in 1401ms @ http://localhost:3000/_next/static/chunks/node_modules_next_dist_1e8vcs8._.js:776
[  316260ms] [LOG] [Fast Refresh] done in 1401ms @ http://localhost:3000/_next/static/chunks/node_modules_next_dist_1e8vcs8._.js:776
[  316323ms] [LOG] [Fast Refresh] done in 1401ms @ http://localhost:3000/_next/static/chunks/node_modules_next_dist_1e8vcs8._.js:776
[  316386ms] [LOG] [Fast Refresh] done in 1401ms @ http://localhost:3000/_next/static/chunks/node_modules_next_dist_1e8vcs8._.js:776
[  316449ms] [LOG] [Fast Refresh] done in 1401ms @ http://localhost:3000/_next/static/chunks/node_modules_next_dist_1e8vcs8._.js:776
[  316511ms] [LOG] [Fast Refresh] done in 1401ms @ http://localhost:3000/_next/static/chunks/node_modules_next_dist_1e8vcs8._.js:776
[  316588ms] [LOG] [Fast Refresh] done in 1401ms @ http://localhost:3000/_next/static/chunks/node_modules_next_dist_1e8vcs8._.js:776
[  316651ms] [LOG] [Fast Refresh] done in 1401ms @ http://localhost:3000/_next/static/chunks/node_modules_next_dist_1e8vcs8._.js:776
[  316716ms] [LOG] [Fast Refresh] done in 1401ms @ http://localhost:3000/_next/static/chunks/node_modules_next_dist_1e8vcs8._.js:776
[  316778ms] [LOG] [Fast Refresh] done in 1401ms @ http://localhost:3000/_next/static/chunks/node_modules_next_dist_1e8vcs8._.js:776
[  316841ms] [LOG] [Fast Refresh] done in 1401ms @ http://localhost:3000/_next/static/chunks/node_modules_next_dist_1e8vcs8._.js:776
[  316904ms] [LOG] [Fast Refresh] done in 1401ms @ http://localhost:3000/_next/static/chunks/node_modules_next_dist_1e8vcs8._.js:776
[  316966ms] [LOG] [Fast Refresh] done in 1401ms @ http://localhost:3000/_next/static/chunks/node_modules_next_dist_1e8vcs8._.js:776
[  317027ms] [LOG] [Fast Refresh] done in 1401ms @ http://localhost:3000/_next/static/chunks/node_modules_next_dist_1e8vcs8._.js:776
[  317091ms] [LOG] [Fast Refresh] done in 1401ms @ http://localhost:3000/_next/static/chunks/node_modules_next_dist_1e8vcs8._.js:776
[  317154ms] [LOG] [Fast Refresh] done in 1401ms @ http://localhost:3000/_next/static/chunks/node_modules_next_dist_1e8vcs8._.js:776
[  317217ms] [LOG] [Fast Refresh] done in 1401ms @ http://localhost:3000/_next/static/chunks/node_modules_next_dist_1e8vcs8._.js:776
[  317280ms] [LOG] [Fast Refresh] done in 1401ms @ http://localhost:3000/_next/static/chunks/node_modules_next_dist_1e8vcs8._.js:776
[  317341ms] [LOG] [Fast Refresh] done in 1401ms @ http://localhost:3000/_next/static/chunks/node_modules_next_dist_1e8vcs8._.js:776
[  317404ms] [LOG] [Fast Refresh] done in 1401ms @ http://localhost:3000/_next/static/chunks/node_modules_next_dist_1e8vcs8._.js:776
[  317465ms] [LOG] [Fast Refresh] done in 1401ms @ http://localhost:3000/_next/static/chunks/node_modules_next_dist_1e8vcs8._.js:776
[  317526ms] [LOG] [Fast Refresh] done in 1401ms @ http://localhost:3000/_next/static/chunks/node_modules_next_dist_1e8vcs8._.js:776
[  317589ms] [LOG] [Fast Refresh] done in 1401ms @ http://localhost:3000/_next/static/chunks/node_modules_next_dist_1e8vcs8._.js:776
[  317652ms] [LOG] [Fast Refresh] done in 1401ms @ http://localhost:3000/_next/static/chunks/node_modules_next_dist_1e8vcs8._.js:776
[  317714ms] [LOG] [Fast Refresh] done in 1401ms @ http://localhost:3000/_next/static/chunks/node_modules_next_dist_1e8vcs8._.js:776
[  317777ms] [LOG] [Fast Refresh] done in 1401ms @ http://localhost:3000/_next/static/chunks/node_modules_next_dist_1e8vcs8._.js:776
[  317838ms] [LOG] [Fast Refresh] done in 1401ms @ http://localhost:3000/_next/static/chunks/node_modules_next_dist_1e8vcs8._.js:776
[  317901ms] [LOG] [Fast Refresh] done in 1401ms @ http://localhost:3000/_next/static/chunks/node_modules_next_dist_1e8vcs8._.js:776
[  317965ms] [LOG] [Fast Refresh] done in 1401ms @ http://localhost:3000/_next/static/chunks/node_modules_next_dist_1e8vcs8._.js:776
[  318026ms] [LOG] [Fast Refresh] done in 1401ms @ http://localhost:3000/_next/static/chunks/node_modules_next_dist_1e8vcs8._.js:776
[  318089ms] [LOG] [Fast Refresh] done in 1401ms @ http://localhost:3000/_next/static/chunks/node_modules_next_dist_1e8vcs8._.js:776
[  318152ms] [LOG] [Fast Refresh] done in 1401ms @ http://localhost:3000/_next/static/chunks/node_modules_next_dist_1e8vcs8._.js:776
[  318215ms] [LOG] [Fast Refresh] done in 1401ms @ http://localhost:3000/_next/static/chunks/node_modules_next_dist_1e8vcs8._.js:776
[  318277ms] [LOG] [Fast Refresh] done in 1401ms @ http://localhost:3000/_next/static/chunks/node_modules_next_dist_1e8vcs8._.js:776
[  318340ms] [LOG] [Fast Refresh] done in 1401ms @ http://localhost:3000/_next/static/chunks/node_modules_next_dist_1e8vcs8._.js:776
[  318402ms] [LOG] [Fast Refresh] done in 1401ms @ http://localhost:3000/_next/static/chunks/node_modules_next_dist_1e8vcs8._.js:776
[  318464ms] [LOG] [Fast Refresh] done in 1401ms @ http://localhost:3000/_next/static/chunks/node_modules_next_dist_1e8vcs8._.js:776
[  318527ms] [LOG] [Fast Refresh] done in 1401ms @ http://localhost:3000/_next/static/chunks/node_modules_next_dist_1e8vcs8._.js:776
[  318617ms] [LOG] [Fast Refresh] done in 1401ms @ http://localhost:3000/_next/static/chunks/node_modules_next_dist_1e8vcs8._.js:776
[  318720ms] [LOG] [Fast Refresh] done in 1401ms @ http://localhost:3000/_next/static/chunks/node_modules_next_dist_1e8vcs8._.js:776
[  318841ms] [LOG] [Fast Refresh] done in 1401ms @ http://localhost:3000/_next/static/chunks/node_modules_next_dist_1e8vcs8._.js:776
[  318924ms] [LOG] [Fast Refresh] done in 1401ms @ http://localhost:3000/_next/static/chunks/node_modules_next_dist_1e8vcs8._.js:776
[  319015ms] [LOG] [Fast Refresh] done in 1401ms @ http://localhost:3000/_next/static/chunks/node_modules_next_dist_1e8vcs8._.js:776
[  319109ms] [LOG] [Fast Refresh] done in 1401ms @ http://localhost:3000/_next/static/chunks/node_modules_next_dist_1e8vcs8._.js:776
[  319172ms] [LOG] [Fast Refresh] done in 1401ms @ http://localhost:3000/_next/static/chunks/node_modules_next_dist_1e8vcs8._.js:776
[  319249ms] [LOG] [Fast Refresh] done in 1401ms @ http://localhost:3000/_next/static/chunks/node_modules_next_dist_1e8vcs8._.js:776
[  319313ms] [LOG] [Fast Refresh] done in 1401ms @ http://localhost:3000/_next/static/chunks/node_modules_next_dist_1e8vcs8._.js:776
[  319375ms] [LOG] [Fast Refresh] done in 1401ms @ http://localhost:3000/_next/static/chunks/node_modules_next_dist_1e8vcs8._.js:776
[  319437ms] [LOG] [Fast Refresh] done in 1401ms @ http://localhost:3000/_next/static/chunks/node_modules_next_dist_1e8vcs8._.js:776
[  319500ms] [LOG] [Fast Refresh] done in 1401ms @ http://localhost:3000/_next/static/chunks/node_modules_next_dist_1e8vcs8._.js:776
[  319563ms] [LOG] [Fast Refresh] done in 1401ms @ http://localhost:3000/_next/static/chunks/node_modules_next_dist_1e8vcs8._.js:776
[  319626ms] [LOG] [Fast Refresh] done in 1401ms @ http://localhost:3000/_next/static/chunks/node_modules_next_dist_1e8vcs8._.js:776
[  319688ms] [LOG] [Fast Refresh] done in 1401ms @ http://localhost:3000/_next/static/chunks/node_modules_next_dist_1e8vcs8._.js:776
[  319750ms] [LOG] [Fast Refresh] done in 1401ms @ http://localhost:3000/_next/static/chunks/node_modules_next_dist_1e8vcs8._.js:776
[  319813ms] [LOG] [Fast Refresh] done in 1401ms @ http://localhost:3000/_next/static/chunks/node_modules_next_dist_1e8vcs8._.js:776
[  319876ms] [LOG] [Fast Refresh] done in 1401ms @ http://localhost:3000/_next/static/chunks/node_modules_next_dist_1e8vcs8._.js:776
[  319938ms] [LOG] [Fast Refresh] done in 1401ms @ http://localhost:3000/_next/static/chunks/node_modules_next_dist_1e8vcs8._.js:776
[  320008ms] [LOG] [Fast Refresh] done in 1401ms @ http://localhost:3000/_next/static/chunks/node_modules_next_dist_1e8vcs8._.js:776
[  320096ms] [LOG] [Fast Refresh] done in 1401ms @ http://localhost:3000/_next/static/chunks/node_modules_next_dist_1e8vcs8._.js:776
[  320159ms] [LOG] [Fast Refresh] done in 1401ms @ http://localhost:3000/_next/static/chunks/node_modules_next_dist_1e8vcs8._.js:776
[  320221ms] [LOG] [Fast Refresh] done in 1401ms @ http://localhost:3000/_next/static/chunks/node_modules_next_dist_1e8vcs8._.js:776
[  320284ms] [LOG] [Fast Refresh] done in 1401ms @ http://localhost:3000/_next/static/chunks/node_modules_next_dist_1e8vcs8._.js:776
[  320348ms] [LOG] [Fast Refresh] done in 1401ms @ http://localhost:3000/_next/static/chunks/node_modules_next_dist_1e8vcs8._.js:776
[  320411ms] [LOG] [Fast Refresh] done in 1401ms @ http://localhost:3000/_next/static/chunks/node_modules_next_dist_1e8vcs8._.js:776
[  320473ms] [LOG] [Fast Refresh] done in 1401ms @ http://localhost:3000/_next/static/chunks/node_modules_next_dist_1e8vcs8._.js:776
[  320536ms] [LOG] [Fast Refresh] done in 1401ms @ http://localhost:3000/_next/static/chunks/node_modules_next_dist_1e8vcs8._.js:776
[  320600ms] [LOG] [Fast Refresh] done in 1401ms @ http://localhost:3000/_next/static/chunks/node_modules_next_dist_1e8vcs8._.js:776
[  320663ms] [LOG] [Fast Refresh] done in 1401ms @ http://localhost:3000/_next/static/chunks/node_modules_next_dist_1e8vcs8._.js:776
[  320725ms] [LOG] [Fast Refresh] done in 1401ms @ http://localhost:3000/_next/static/chunks/node_modules_next_dist_1e8vcs8._.js:776
[  320789ms] [LOG] [Fast Refresh] done in 1401ms @ http://localhost:3000/_next/static/chunks/node_modules_next_dist_1e8vcs8._.js:776
[  320852ms] [LOG] [Fast Refresh] done in 1401ms @ http://localhost:3000/_next/static/chunks/node_modules_next_dist_1e8vcs8._.js:776
[  320914ms] [LOG] [Fast Refresh] done in 1401ms @ http://localhost:3000/_next/static/chunks/node_modules_next_dist_1e8vcs8._.js:776
[  320978ms] [LOG] [Fast Refresh] done in 1401ms @ http://localhost:3000/_next/static/chunks/node_modules_next_dist_1e8vcs8._.js:776
[  321040ms] [LOG] [Fast Refresh] done in 1401ms @ http://localhost:3000/_next/static/chunks/node_modules_next_dist_1e8vcs8._.js:776
[  321102ms] [LOG] [Fast Refresh] done in 1401ms @ http://localhost:3000/_next/static/chunks/node_modules_next_dist_1e8vcs8._.js:776
[  321165ms] [LOG] [Fast Refresh] done in 1401ms @ http://localhost:3000/_next/static/chunks/node_modules_next_dist_1e8vcs8._.js:776
[  321228ms] [LOG] [Fast Refresh] done in 1401ms @ http://localhost:3000/_next/static/chunks/node_modules_next_dist_1e8vcs8._.js:776
[  321291ms] [LOG] [Fast Refresh] done in 1401ms @ http://localhost:3000/_next/static/chunks/node_modules_next_dist_1e8vcs8._.js:776
[  321353ms] [LOG] [Fast Refresh] done in 1401ms @ http://localhost:3000/_next/static/chunks/node_modules_next_dist_1e8vcs8._.js:776
[  321417ms] [LOG] [Fast Refresh] done in 1401ms @ http://localhost:3000/_next/static/chunks/node_modules_next_dist_1e8vcs8._.js:776
[  321480ms] [LOG] [Fast Refresh] done in 1401ms @ http://localhost:3000/_next/static/chunks/node_modules_next_dist_1e8vcs8._.js:776
[  321543ms] [LOG] [Fast Refresh] done in 1401ms @ http://localhost:3000/_next/static/chunks/node_modules_next_dist_1e8vcs8._.js:776
[  321605ms] [LOG] [Fast Refresh] done in 1401ms @ http://localhost:3000/_next/static/chunks/node_modules_next_dist_1e8vcs8._.js:776
[  321666ms] [LOG] [Fast Refresh] done in 1401ms @ http://localhost:3000/_next/static/chunks/node_modules_next_dist_1e8vcs8._.js:776
[  321729ms] [LOG] [Fast Refresh] done in 1401ms @ http://localhost:3000/_next/static/chunks/node_modules_next_dist_1e8vcs8._.js:776
[  321793ms] [LOG] [Fast Refresh] done in 1401ms @ http://localhost:3000/_next/static/chunks/node_modules_next_dist_1e8vcs8._.js:776
[  321853ms] [LOG] [Fast Refresh] done in 1401ms @ http://localhost:3000/_next/static/chunks/node_modules_next_dist_1e8vcs8._.js:776
[  321916ms] [LOG] [Fast Refresh] done in 1401ms @ http://localhost:3000/_next/static/chunks/node_modules_next_dist_1e8vcs8._.js:776
[  321980ms] [LOG] [Fast Refresh] done in 1401ms @ http://localhost:3000/_next/static/chunks/node_modules_next_dist_1e8vcs8._.js:776
[  322111ms] [LOG] [Fast Refresh] done in 1401ms @ http://localhost:3000/_next/static/chunks/node_modules_next_dist_1e8vcs8._.js:776
[  322185ms] [LOG] [Fast Refresh] done in 1401ms @ http://localhost:3000/_next/static/chunks/node_modules_next_dist_1e8vcs8._.js:776
[  322249ms] [LOG] [Fast Refresh] done in 1401ms @ http://localhost:3000/_next/static/chunks/node_modules_next_dist_1e8vcs8._.js:776
[  322312ms] [LOG] [Fast Refresh] done in 1401ms @ http://localhost:3000/_next/static/chunks/node_modules_next_dist_1e8vcs8._.js:776
[  322374ms] [LOG] [Fast Refresh] done in 1401ms @ http://localhost:3000/_next/static/chunks/node_modules_next_dist_1e8vcs8._.js:776
[  322437ms] [LOG] [Fast Refresh] done in 1401ms @ http://localhost:3000/_next/static/chunks/node_modules_next_dist_1e8vcs8._.js:776
[  322498ms] [LOG] [Fast Refresh] done in 1401ms @ http://localhost:3000/_next/static/chunks/node_modules_next_dist_1e8vcs8._.js:776
[  322563ms] [LOG] [Fast Refresh] done in 1401ms @ http://localhost:3000/_next/static/chunks/node_modules_next_dist_1e8vcs8._.js:776
[  322626ms] [LOG] [Fast Refresh] done in 1401ms @ http://localhost:3000/_next/static/chunks/node_modules_next_dist_1e8vcs8._.js:776
[  322688ms] [LOG] [Fast Refresh] done in 1401ms @ http://localhost:3000/_next/static/chunks/node_modules_next_dist_1e8vcs8._.js:776
[  322751ms] [LOG] [Fast Refresh] done in 1401ms @ http://localhost:3000/_next/static/chunks/node_modules_next_dist_1e8vcs8._.js:776
[  322814ms] [LOG] [Fast Refresh] done in 1401ms @ http://localhost:3000/_next/static/chunks/node_modules_next_dist_1e8vcs8._.js:776
[  322875ms] [LOG] [Fast Refresh] done in 1401ms @ http://localhost:3000/_next/static/chunks/node_modules_next_dist_1e8vcs8._.js:776
[  322937ms] [LOG] [Fast Refresh] done in 1401ms @ http://localhost:3000/_next/static/chunks/node_modules_next_dist_1e8vcs8._.js:776
[  322999ms] [LOG] [Fast Refresh] done in 1401ms @ http://localhost:3000/_next/static/chunks/node_modules_next_dist_1e8vcs8._.js:776
[  323061ms] [LOG] [Fast Refresh] done in 1401ms @ http://localhost:3000/_next/static/chunks/node_modules_next_dist_1e8vcs8._.js:776
[  323125ms] [LOG] [Fast Refresh] done in 1401ms @ http://localhost:3000/_next/static/chunks/node_modules_next_dist_1e8vcs8._.js:776
[  323189ms] [LOG] [Fast Refresh] done in 1401ms @ http://localhost:3000/_next/static/chunks/node_modules_next_dist_1e8vcs8._.js:776
[  323252ms] [LOG] [Fast Refresh] done in 1401ms @ http://localhost:3000/_next/static/chunks/node_modules_next_dist_1e8vcs8._.js:776
[  323317ms] [LOG] [Fast Refresh] done in 1401ms @ http://localhost:3000/_next/static/chunks/node_modules_next_dist_1e8vcs8._.js:776
[  323378ms] [LOG] [Fast Refresh] done in 1401ms @ http://localhost:3000/_next/static/chunks/node_modules_next_dist_1e8vcs8._.js:776
[  323442ms] [LOG] [Fast Refresh] done in 1401ms @ http://localhost:3000/_next/static/chunks/node_modules_next_dist_1e8vcs8._.js:776
[  323503ms] [LOG] [Fast Refresh] done in 1401ms @ http://localhost:3000/_next/static/chunks/node_modules_next_dist_1e8vcs8._.js:776
[  323566ms] [LOG] [Fast Refresh] done in 1401ms @ http://localhost:3000/_next/static/chunks/node_modules_next_dist_1e8vcs8._.js:776
[  323629ms] [LOG] [Fast Refresh] done in 1401ms @ http://localhost:3000/_next/static/chunks/node_modules_next_dist_1e8vcs8._.js:776
[  323691ms] [LOG] [Fast Refresh] done in 1401ms @ http://localhost:3000/_next/static/chunks/node_modules_next_dist_1e8vcs8._.js:776
[  323755ms] [LOG] [Fast Refresh] done in 1401ms @ http://localhost:3000/_next/static/chunks/node_modules_next_dist_1e8vcs8._.js:776
[  323817ms] [LOG] [Fast Refresh] done in 1401ms @ http://localhost:3000/_next/static/chunks/node_modules_next_dist_1e8vcs8._.js:776
[  323879ms] [LOG] [Fast Refresh] done in 1401ms @ http://localhost:3000/_next/static/chunks/node_modules_next_dist_1e8vcs8._.js:776
[  323941ms] [LOG] [Fast Refresh] done in 1401ms @ http://localhost:3000/_next/static/chunks/node_modules_next_dist_1e8vcs8._.js:776
[  324005ms] [LOG] [Fast Refresh] done in 1401ms @ http://localhost:3000/_next/static/chunks/node_modules_next_dist_1e8vcs8._.js:776
[  324067ms] [LOG] [Fast Refresh] done in 1401ms @ http://localhost:3000/_next/static/chunks/node_modules_next_dist_1e8vcs8._.js:776
[  324130ms] [LOG] [Fast Refresh] done in 1401ms @ http://localhost:3000/_next/static/chunks/node_modules_next_dist_1e8vcs8._.js:776
[  324192ms] [LOG] [Fast Refresh] done in 1401ms @ http://localhost:3000/_next/static/chunks/node_modules_next_dist_1e8vcs8._.js:776
[  324254ms] [LOG] [Fast Refresh] done in 1401ms @ http://localhost:3000/_next/static/chunks/node_modules_next_dist_1e8vcs8._.js:776
[  324318ms] [LOG] [Fast Refresh] done in 1401ms @ http://localhost:3000/_next/static/chunks/node_modules_next_dist_1e8vcs8._.js:776
[  324381ms] [LOG] [Fast Refresh] done in 1401ms @ http://localhost:3000/_next/static/chunks/node_modules_next_dist_1e8vcs8._.js:776
[  324443ms] [LOG] [Fast Refresh] done in 1401ms @ http://localhost:3000/_next/static/chunks/node_modules_next_dist_1e8vcs8._.js:776
[  324505ms] [LOG] [Fast Refresh] done in 1401ms @ http://localhost:3000/_next/static/chunks/node_modules_next_dist_1e8vcs8._.js:776
[  324569ms] [LOG] [Fast Refresh] done in 1401ms @ http://localhost:3000/_next/static/chunks/node_modules_next_dist_1e8vcs8._.js:776
[  324632ms] [LOG] [Fast Refresh] done in 1401ms @ http://localhost:3000/_next/static/chunks/node_modules_next_dist_1e8vcs8._.js:776
[  324695ms] [LOG] [Fast Refresh] done in 1401ms @ http://localhost:3000/_next/static/chunks/node_modules_next_dist_1e8vcs8._.js:776
[  324758ms] [LOG] [Fast Refresh] done in 1401ms @ http://localhost:3000/_next/static/chunks/node_modules_next_dist_1e8vcs8._.js:776
[  324820ms] [LOG] [Fast Refresh] done in 1401ms @ http://localhost:3000/_next/static/chunks/node_modules_next_dist_1e8vcs8._.js:776
[  324882ms] [LOG] [Fast Refresh] done in 1401ms @ http://localhost:3000/_next/static/chunks/node_modules_next_dist_1e8vcs8._.js:776
[  324943ms] [LOG] [Fast Refresh] done in 1401ms @ http://localhost:3000/_next/static/chunks/node_modules_next_dist_1e8vcs8._.js:776
[  325005ms] [LOG] [Fast Refresh] done in 1401ms @ http://localhost:3000/_next/static/chunks/node_modules_next_dist_1e8vcs8._.js:776
[  325068ms] [LOG] [Fast Refresh] done in 1401ms @ http://localhost:3000/_next/static/chunks/node_modules_next_dist_1e8vcs8._.js:776
[  325130ms] [LOG] [Fast Refresh] done in 1401ms @ http://localhost:3000/_next/static/chunks/node_modules_next_dist_1e8vcs8._.js:776
[  325192ms] [LOG] [Fast Refresh] done in 1401ms @ http://localhost:3000/_next/static/chunks/node_modules_next_dist_1e8vcs8._.js:776
[  325254ms] [LOG] [Fast Refresh] done in 1401ms @ http://localhost:3000/_next/static/chunks/node_modules_next_dist_1e8vcs8._.js:776
[  325317ms] [LOG] [Fast Refresh] done in 1401ms @ http://localhost:3000/_next/static/chunks/node_modules_next_dist_1e8vcs8._.js:776
[  325379ms] [LOG] [Fast Refresh] done in 1401ms @ http://localhost:3000/_next/static/chunks/node_modules_next_dist_1e8vcs8._.js:776
[  325442ms] [LOG] [Fast Refresh] done in 1401ms @ http://localhost:3000/_next/static/chunks/node_modules_next_dist_1e8vcs8._.js:776
[  325505ms] [LOG] [Fast Refresh] done in 1401ms @ http://localhost:3000/_next/static/chunks/node_modules_next_dist_1e8vcs8._.js:776
[  325568ms] [LOG] [Fast Refresh] done in 1401ms @ http://localhost:3000/_next/static/chunks/node_modules_next_dist_1e8vcs8._.js:776
[  325631ms] [LOG] [Fast Refresh] done in 1401ms @ http://localhost:3000/_next/static/chunks/node_modules_next_dist_1e8vcs8._.js:776
[  325692ms] [LOG] [Fast Refresh] done in 1401ms @ http://localhost:3000/_next/static/chunks/node_modules_next_dist_1e8vcs8._.js:776
[  325755ms] [LOG] [Fast Refresh] done in 1401ms @ http://localhost:3000/_next/static/chunks/node_modules_next_dist_1e8vcs8._.js:776
[  325818ms] [LOG] [Fast Refresh] done in 1401ms @ http://localhost:3000/_next/static/chunks/node_modules_next_dist_1e8vcs8._.js:776
[  325880ms] [LOG] [Fast Refresh] done in 1401ms @ http://localhost:3000/_next/static/chunks/node_modules_next_dist_1e8vcs8._.js:776
[  325943ms] [LOG] [Fast Refresh] done in 1401ms @ http://localhost:3000/_next/static/chunks/node_modules_next_dist_1e8vcs8._.js:776
[  326006ms] [LOG] [Fast Refresh] done in 1401ms @ http://localhost:3000/_next/static/chunks/node_modules_next_dist_1e8vcs8._.js:776
[  326069ms] [LOG] [Fast Refresh] done in 1401ms @ http://localhost:3000/_next/static/chunks/node_modules_next_dist_1e8vcs8._.js:776
[  326132ms] [LOG] [Fast Refresh] done in 1401ms @ http://localhost:3000/_next/static/chunks/node_modules_next_dist_1e8vcs8._.js:776
[  326195ms] [LOG] [Fast Refresh] done in 1401ms @ http://localhost:3000/_next/static/chunks/node_modules_next_dist_1e8vcs8._.js:776
[  326259ms] [LOG] [Fast Refresh] done in 1401ms @ http://localhost:3000/_next/static/chunks/node_modules_next_dist_1e8vcs8._.js:776
[  326326ms] [LOG] [Fast Refresh] done in 1401ms @ http://localhost:3000/_next/static/chunks/node_modules_next_dist_1e8vcs8._.js:776
[  326384ms] [LOG] [Fast Refresh] done in 1401ms @ http://localhost:3000/_next/static/chunks/node_modules_next_dist_1e8vcs8._.js:776
[  326448ms] [LOG] [Fast Refresh] done in 1401ms @ http://localhost:3000/_next/static/chunks/node_modules_next_dist_1e8vcs8._.js:776
[  326510ms] [LOG] [Fast Refresh] done in 1401ms @ http://localhost:3000/_next/static/chunks/node_modules_next_dist_1e8vcs8._.js:776
[  326574ms] [LOG] [Fast Refresh] done in 1401ms @ http://localhost:3000/_next/static/chunks/node_modules_next_dist_1e8vcs8._.js:776
[  326637ms] [LOG] [Fast Refresh] done in 1401ms @ http://localhost:3000/_next/static/chunks/node_modules_next_dist_1e8vcs8._.js:776
[  326699ms] [LOG] [Fast Refresh] done in 1401ms @ http://localhost:3000/_next/static/chunks/node_modules_next_dist_1e8vcs8._.js:776
[  326763ms] [LOG] [Fast Refresh] done in 1401ms @ http://localhost:3000/_next/static/chunks/node_modules_next_dist_1e8vcs8._.js:776
[  326827ms] [LOG] [Fast Refresh] done in 1401ms @ http://localhost:3000/_next/static/chunks/node_modules_next_dist_1e8vcs8._.js:776
[  326904ms] [LOG] [Fast Refresh] done in 1401ms @ http://localhost:3000/_next/static/chunks/node_modules_next_dist_1e8vcs8._.js:776
[  326965ms] [LOG] [Fast Refresh] done in 1401ms @ http://localhost:3000/_next/static/chunks/node_modules_next_dist_1e8vcs8._.js:776
[  327028ms] [LOG] [Fast Refresh] done in 1401ms @ http://localhost:3000/_next/static/chunks/node_modules_next_dist_1e8vcs8._.js:776
[  327090ms] [LOG] [Fast Refresh] done in 1401ms @ http://localhost:3000/_next/static/chunks/node_modules_next_dist_1e8vcs8._.js:776
[  327154ms] [LOG] [Fast Refresh] done in 1401ms @ http://localhost:3000/_next/static/chunks/node_modules_next_dist_1e8vcs8._.js:776
[  327216ms] [LOG] [Fast Refresh] done in 1401ms @ http://localhost:3000/_next/static/chunks/node_modules_next_dist_1e8vcs8._.js:776
[  327277ms] [LOG] [Fast Refresh] done in 1401ms @ http://localhost:3000/_next/static/chunks/node_modules_next_dist_1e8vcs8._.js:776
[  327338ms] [LOG] [Fast Refresh] done in 1401ms @ http://localhost:3000/_next/static/chunks/node_modules_next_dist_1e8vcs8._.js:776
[  327402ms] [LOG] [Fast Refresh] done in 1401ms @ http://localhost:3000/_next/static/chunks/node_modules_next_dist_1e8vcs8._.js:776
[  327464ms] [LOG] [Fast Refresh] done in 1401ms @ http://localhost:3000/_next/static/chunks/node_modules_next_dist_1e8vcs8._.js:776
[  327527ms] [LOG] [Fast Refresh] done in 1401ms @ http://localhost:3000/_next/static/chunks/node_modules_next_dist_1e8vcs8._.js:776
[  327588ms] [LOG] [Fast Refresh] done in 1401ms @ http://localhost:3000/_next/static/chunks/node_modules_next_dist_1e8vcs8._.js:776
[  327650ms] [LOG] [Fast Refresh] done in 1401ms @ http://localhost:3000/_next/static/chunks/node_modules_next_dist_1e8vcs8._.js:776
[  327714ms] [LOG] [Fast Refresh] done in 1401ms @ http://localhost:3000/_next/static/chunks/node_modules_next_dist_1e8vcs8._.js:776
[  327777ms] [LOG] [Fast Refresh] done in 1401ms @ http://localhost:3000/_next/static/chunks/node_modules_next_dist_1e8vcs8._.js:776
[  327840ms] [LOG] [Fast Refresh] done in 1401ms @ http://localhost:3000/_next/static/chunks/node_modules_next_dist_1e8vcs8._.js:776
[  327902ms] [LOG] [Fast Refresh] done in 1401ms @ http://localhost:3000/_next/static/chunks/node_modules_next_dist_1e8vcs8._.js:776
[  327963ms] [LOG] [Fast Refresh] done in 1401ms @ http://localhost:3000/_next/static/chunks/node_modules_next_dist_1e8vcs8._.js:776
[  328027ms] [LOG] [Fast Refresh] done in 1401ms @ http://localhost:3000/_next/static/chunks/node_modules_next_dist_1e8vcs8._.js:776
[  328090ms] [LOG] [Fast Refresh] done in 1401ms @ http://localhost:3000/_next/static/chunks/node_modules_next_dist_1e8vcs8._.js:776
[  328153ms] [LOG] [Fast Refresh] done in 1401ms @ http://localhost:3000/_next/static/chunks/node_modules_next_dist_1e8vcs8._.js:776
[  328217ms] [LOG] [Fast Refresh] done in 1401ms @ http://localhost:3000/_next/static/chunks/node_modules_next_dist_1e8vcs8._.js:776
[  328278ms] [LOG] [Fast Refresh] done in 1401ms @ http://localhost:3000/_next/static/chunks/node_modules_next_dist_1e8vcs8._.js:776
[  328348ms] [LOG] [Fast Refresh] done in 1401ms @ http://localhost:3000/_next/static/chunks/node_modules_next_dist_1e8vcs8._.js:776
[  328403ms] [LOG] [Fast Refresh] done in 1401ms @ http://localhost:3000/_next/static/chunks/node_modules_next_dist_1e8vcs8._.js:776
[  328465ms] [LOG] [Fast Refresh] done in 1401ms @ http://localhost:3000/_next/static/chunks/node_modules_next_dist_1e8vcs8._.js:776
[  328526ms] [LOG] [Fast Refresh] done in 1401ms @ http://localhost:3000/_next/static/chunks/node_modules_next_dist_1e8vcs8._.js:776
[  328588ms] [LOG] [Fast Refresh] done in 1401ms @ http://localhost:3000/_next/static/chunks/node_modules_next_dist_1e8vcs8._.js:776
[  328651ms] [LOG] [Fast Refresh] done in 1401ms @ http://localhost:3000/_next/static/chunks/node_modules_next_dist_1e8vcs8._.js:776
[  328713ms] [LOG] [Fast Refresh] done in 1401ms @ http://localhost:3000/_next/static/chunks/node_modules_next_dist_1e8vcs8._.js:776
[  328776ms] [LOG] [Fast Refresh] done in 1401ms @ http://localhost:3000/_next/static/chunks/node_modules_next_dist_1e8vcs8._.js:776
[  328840ms] [LOG] [Fast Refresh] done in 1401ms @ http://localhost:3000/_next/static/chunks/node_modules_next_dist_1e8vcs8._.js:776
[  328904ms] [LOG] [Fast Refresh] done in 1401ms @ http://localhost:3000/_next/static/chunks/node_modules_next_dist_1e8vcs8._.js:776
[  328963ms] [LOG] [Fast Refresh] done in 1401ms @ http://localhost:3000/_next/static/chunks/node_modules_next_dist_1e8vcs8._.js:776
[  329055ms] [LOG] [Fast Refresh] done in 1401ms @ http://localhost:3000/_next/static/chunks/node_modules_next_dist_1e8vcs8._.js:776
[  329154ms] [LOG] [Fast Refresh] done in 1401ms @ http://localhost:3000/_next/static/chunks/node_modules_next_dist_1e8vcs8._.js:776
[  329273ms] [LOG] [Fast Refresh] done in 1401ms @ http://localhost:3000/_next/static/chunks/node_modules_next_dist_1e8vcs8._.js:776
[  329537ms] [LOG] [Fast Refresh] done in 1401ms @ http://localhost:3000/_next/static/chunks/node_modules_next_dist_1e8vcs8._.js:776
[  329637ms] [LOG] [Fast Refresh] done in 1401ms @ http://localhost:3000/_next/static/chunks/node_modules_next_dist_1e8vcs8._.js:776
[  329714ms] [LOG] [Fast Refresh] done in 1401ms @ http://localhost:3000/_next/static/chunks/node_modules_next_dist_1e8vcs8._.js:776
[  329776ms] [LOG] [Fast Refresh] done in 1401ms @ http://localhost:3000/_next/static/chunks/node_modules_next_dist_1e8vcs8._.js:776
[  329839ms] [LOG] [Fast Refresh] done in 1401ms @ http://localhost:3000/_next/static/chunks/node_modules_next_dist_1e8vcs8._.js:776
[  329918ms] [LOG] [Fast Refresh] done in 1401ms @ http://localhost:3000/_next/static/chunks/node_modules_next_dist_1e8vcs8._.js:776
[  329980ms] [LOG] [Fast Refresh] done in 1401ms @ http://localhost:3000/_next/static/chunks/node_modules_next_dist_1e8vcs8._.js:776
[  330042ms] [LOG] [Fast Refresh] done in 1401ms @ http://localhost:3000/_next/static/chunks/node_modules_next_dist_1e8vcs8._.js:776
[  330103ms] [LOG] [Fast Refresh] done in 1401ms @ http://localhost:3000/_next/static/chunks/node_modules_next_dist_1e8vcs8._.js:776
[  330165ms] [LOG] [Fast Refresh] done in 1401ms @ http://localhost:3000/_next/static/chunks/node_modules_next_dist_1e8vcs8._.js:776
[  330227ms] [LOG] [Fast Refresh] done in 1401ms @ http://localhost:3000/_next/static/chunks/node_modules_next_dist_1e8vcs8._.js:776
[  330289ms] [LOG] [Fast Refresh] done in 1401ms @ http://localhost:3000/_next/static/chunks/node_modules_next_dist_1e8vcs8._.js:776
[  330350ms] [LOG] [Fast Refresh] done in 1401ms @ http://localhost:3000/_next/static/chunks/node_modules_next_dist_1e8vcs8._.js:776
[  330414ms] [LOG] [Fast Refresh] done in 1401ms @ http://localhost:3000/_next/static/chunks/node_modules_next_dist_1e8vcs8._.js:776
[  330475ms] [LOG] [Fast Refresh] done in 1401ms @ http://localhost:3000/_next/static/chunks/node_modules_next_dist_1e8vcs8._.js:776
[  330538ms] [LOG] [Fast Refresh] done in 1401ms @ http://localhost:3000/_next/static/chunks/node_modules_next_dist_1e8vcs8._.js:776
[  330601ms] [LOG] [Fast Refresh] done in 1401ms @ http://localhost:3000/_next/static/chunks/node_modules_next_dist_1e8vcs8._.js:776
[  330662ms] [LOG] [Fast Refresh] done in 1401ms @ http://localhost:3000/_next/static/chunks/node_modules_next_dist_1e8vcs8._.js:776
[  330726ms] [LOG] [Fast Refresh] done in 1401ms @ http://localhost:3000/_next/static/chunks/node_modules_next_dist_1e8vcs8._.js:776
[  330788ms] [LOG] [Fast Refresh] done in 1401ms @ http://localhost:3000/_next/static/chunks/node_modules_next_dist_1e8vcs8._.js:776
[  330850ms] [LOG] [Fast Refresh] done in 1401ms @ http://localhost:3000/_next/static/chunks/node_modules_next_dist_1e8vcs8._.js:776
[  330913ms] [LOG] [Fast Refresh] done in 1401ms @ http://localhost:3000/_next/static/chunks/node_modules_next_dist_1e8vcs8._.js:776
[  330975ms] [LOG] [Fast Refresh] done in 1401ms @ http://localhost:3000/_next/static/chunks/node_modules_next_dist_1e8vcs8._.js:776
[  331039ms] [LOG] [Fast Refresh] done in 1401ms @ http://localhost:3000/_next/static/chunks/node_modules_next_dist_1e8vcs8._.js:776
[  331102ms] [LOG] [Fast Refresh] done in 1401ms @ http://localhost:3000/_next/static/chunks/node_modules_next_dist_1e8vcs8._.js:776
[  331164ms] [LOG] [Fast Refresh] done in 1401ms @ http://localhost:3000/_next/static/chunks/node_modules_next_dist_1e8vcs8._.js:776
[  331227ms] [LOG] [Fast Refresh] done in 1401ms @ http://localhost:3000/_next/static/chunks/node_modules_next_dist_1e8vcs8._.js:776
[  331289ms] [LOG] [Fast Refresh] done in 1401ms @ http://localhost:3000/_next/static/chunks/node_modules_next_dist_1e8vcs8._.js:776
[  331353ms] [LOG] [Fast Refresh] done in 1401ms @ http://localhost:3000/_next/static/chunks/node_modules_next_dist_1e8vcs8._.js:776
[  331415ms] [LOG] [Fast Refresh] done in 1401ms @ http://localhost:3000/_next/static/chunks/node_modules_next_dist_1e8vcs8._.js:776
[  331476ms] [LOG] [Fast Refresh] done in 1401ms @ http://localhost:3000/_next/static/chunks/node_modules_next_dist_1e8vcs8._.js:776
[  331539ms] [LOG] [Fast Refresh] done in 1401ms @ http://localhost:3000/_next/static/chunks/node_modules_next_dist_1e8vcs8._.js:776
[  331601ms] [LOG] [Fast Refresh] done in 1401ms @ http://localhost:3000/_next/static/chunks/node_modules_next_dist_1e8vcs8._.js:776
[  331664ms] [LOG] [Fast Refresh] done in 1401ms @ http://localhost:3000/_next/static/chunks/node_modules_next_dist_1e8vcs8._.js:776
[  331728ms] [LOG] [Fast Refresh] done in 1401ms @ http://localhost:3000/_next/static/chunks/node_modules_next_dist_1e8vcs8._.js:776
[  331791ms] [LOG] [Fast Refresh] done in 1401ms @ http://localhost:3000/_next/static/chunks/node_modules_next_dist_1e8vcs8._.js:776
[  331853ms] [LOG] [Fast Refresh] done in 1401ms @ http://localhost:3000/_next/static/chunks/node_modules_next_dist_1e8vcs8._.js:776
[  331916ms] [LOG] [Fast Refresh] done in 1401ms @ http://localhost:3000/_next/static/chunks/node_modules_next_dist_1e8vcs8._.js:776
[  331995ms] [LOG] [Fast Refresh] done in 1401ms @ http://localhost:3000/_next/static/chunks/node_modules_next_dist_1e8vcs8._.js:776
[  332058ms] [LOG] [Fast Refresh] done in 1401ms @ http://localhost:3000/_next/static/chunks/node_modules_next_dist_1e8vcs8._.js:776
[  332120ms] [LOG] [Fast Refresh] done in 1401ms @ http://localhost:3000/_next/static/chunks/node_modules_next_dist_1e8vcs8._.js:776
[  332183ms] [LOG] [Fast Refresh] done in 1401ms @ http://localhost:3000/_next/static/chunks/node_modules_next_dist_1e8vcs8._.js:776
[  332247ms] [LOG] [Fast Refresh] done in 1401ms @ http://localhost:3000/_next/static/chunks/node_modules_next_dist_1e8vcs8._.js:776
[  332311ms] [LOG] [Fast Refresh] done in 1401ms @ http://localhost:3000/_next/static/chunks/node_modules_next_dist_1e8vcs8._.js:776
[  332372ms] [LOG] [Fast Refresh] done in 1401ms @ http://localhost:3000/_next/static/chunks/node_modules_next_dist_1e8vcs8._.js:776
[  332436ms] [LOG] [Fast Refresh] done in 1401ms @ http://localhost:3000/_next/static/chunks/node_modules_next_dist_1e8vcs8._.js:776
[  332498ms] [LOG] [Fast Refresh] done in 1401ms @ http://localhost:3000/_next/static/chunks/node_modules_next_dist_1e8vcs8._.js:776
[  332561ms] [LOG] [Fast Refresh] done in 1401ms @ http://localhost:3000/_next/static/chunks/node_modules_next_dist_1e8vcs8._.js:776
[  332625ms] [LOG] [Fast Refresh] done in 1401ms @ http://localhost:3000/_next/static/chunks/node_modules_next_dist_1e8vcs8._.js:776
[  332688ms] [LOG] [Fast Refresh] done in 1401ms @ http://localhost:3000/_next/static/chunks/node_modules_next_dist_1e8vcs8._.js:776
[  332751ms] [LOG] [Fast Refresh] done in 1401ms @ http://localhost:3000/_next/static/chunks/node_modules_next_dist_1e8vcs8._.js:776
[  332813ms] [LOG] [Fast Refresh] done in 1401ms @ http://localhost:3000/_next/static/chunks/node_modules_next_dist_1e8vcs8._.js:776
[  332875ms] [LOG] [Fast Refresh] done in 1401ms @ http://localhost:3000/_next/static/chunks/node_modules_next_dist_1e8vcs8._.js:776
[  332936ms] [LOG] [Fast Refresh] done in 1401ms @ http://localhost:3000/_next/static/chunks/node_modules_next_dist_1e8vcs8._.js:776
[  332999ms] [LOG] [Fast Refresh] done in 1401ms @ http://localhost:3000/_next/static/chunks/node_modules_next_dist_1e8vcs8._.js:776
[  333062ms] [LOG] [Fast Refresh] done in 1401ms @ http://localhost:3000/_next/static/chunks/node_modules_next_dist_1e8vcs8._.js:776
[  333126ms] [LOG] [Fast Refresh] done in 1401ms @ http://localhost:3000/_next/static/chunks/node_modules_next_dist_1e8vcs8._.js:776
[  333188ms] [LOG] [Fast Refresh] done in 1401ms @ http://localhost:3000/_next/static/chunks/node_modules_next_dist_1e8vcs8._.js:776
[  333251ms] [LOG] [Fast Refresh] done in 1401ms @ http://localhost:3000/_next/static/chunks/node_modules_next_dist_1e8vcs8._.js:776
[  333315ms] [LOG] [Fast Refresh] done in 1401ms @ http://localhost:3000/_next/static/chunks/node_modules_next_dist_1e8vcs8._.js:776
[  333377ms] [LOG] [Fast Refresh] done in 1401ms @ http://localhost:3000/_next/static/chunks/node_modules_next_dist_1e8vcs8._.js:776
[  333440ms] [LOG] [Fast Refresh] done in 1401ms @ http://localhost:3000/_next/static/chunks/node_modules_next_dist_1e8vcs8._.js:776
[  333501ms] [LOG] [Fast Refresh] done in 1401ms @ http://localhost:3000/_next/static/chunks/node_modules_next_dist_1e8vcs8._.js:776
[  333565ms] [LOG] [Fast Refresh] done in 1401ms @ http://localhost:3000/_next/static/chunks/node_modules_next_dist_1e8vcs8._.js:776
[  333627ms] [LOG] [Fast Refresh] done in 1401ms @ http://localhost:3000/_next/static/chunks/node_modules_next_dist_1e8vcs8._.js:776
[  333689ms] [LOG] [Fast Refresh] done in 1401ms @ http://localhost:3000/_next/static/chunks/node_modules_next_dist_1e8vcs8._.js:776
[  333752ms] [LOG] [Fast Refresh] done in 1401ms @ http://localhost:3000/_next/static/chunks/node_modules_next_dist_1e8vcs8._.js:776
[  333814ms] [LOG] [Fast Refresh] done in 1401ms @ http://localhost:3000/_next/static/chunks/node_modules_next_dist_1e8vcs8._.js:776
[  333876ms] [LOG] [Fast Refresh] done in 1401ms @ http://localhost:3000/_next/static/chunks/node_modules_next_dist_1e8vcs8._.js:776
[  333938ms] [LOG] [Fast Refresh] done in 1401ms @ http://localhost:3000/_next/static/chunks/node_modules_next_dist_1e8vcs8._.js:776
[  334001ms] [LOG] [Fast Refresh] done in 1401ms @ http://localhost:3000/_next/static/chunks/node_modules_next_dist_1e8vcs8._.js:776
[  334065ms] [LOG] [Fast Refresh] done in 1401ms @ http://localhost:3000/_next/static/chunks/node_modules_next_dist_1e8vcs8._.js:776
[  334128ms] [LOG] [Fast Refresh] done in 1401ms @ http://localhost:3000/_next/static/chunks/node_modules_next_dist_1e8vcs8._.js:776
[  334191ms] [LOG] [Fast Refresh] done in 1401ms @ http://localhost:3000/_next/static/chunks/node_modules_next_dist_1e8vcs8._.js:776
[  334253ms] [LOG] [Fast Refresh] done in 1401ms @ http://localhost:3000/_next/static/chunks/node_modules_next_dist_1e8vcs8._.js:776
[  334317ms] [LOG] [Fast Refresh] done in 1401ms @ http://localhost:3000/_next/static/chunks/node_modules_next_dist_1e8vcs8._.js:776
[  334380ms] [LOG] [Fast Refresh] done in 1401ms @ http://localhost:3000/_next/static/chunks/node_modules_next_dist_1e8vcs8._.js:776
[  334442ms] [LOG] [Fast Refresh] done in 1401ms @ http://localhost:3000/_next/static/chunks/node_modules_next_dist_1e8vcs8._.js:776
[  334503ms] [LOG] [Fast Refresh] done in 1401ms @ http://localhost:3000/_next/static/chunks/node_modules_next_dist_1e8vcs8._.js:776
[  334566ms] [LOG] [Fast Refresh] done in 1401ms @ http://localhost:3000/_next/static/chunks/node_modules_next_dist_1e8vcs8._.js:776
[  334630ms] [LOG] [Fast Refresh] done in 1401ms @ http://localhost:3000/_next/static/chunks/node_modules_next_dist_1e8vcs8._.js:776
[  334693ms] [LOG] [Fast Refresh] done in 1401ms @ http://localhost:3000/_next/static/chunks/node_modules_next_dist_1e8vcs8._.js:776
[  334755ms] [LOG] [Fast Refresh] done in 1401ms @ http://localhost:3000/_next/static/chunks/node_modules_next_dist_1e8vcs8._.js:776
[  334818ms] [LOG] [Fast Refresh] done in 1401ms @ http://localhost:3000/_next/static/chunks/node_modules_next_dist_1e8vcs8._.js:776
[  334880ms] [LOG] [Fast Refresh] done in 1401ms @ http://localhost:3000/_next/static/chunks/node_modules_next_dist_1e8vcs8._.js:776
[  334943ms] [LOG] [Fast Refresh] done in 1401ms @ http://localhost:3000/_next/static/chunks/node_modules_next_dist_1e8vcs8._.js:776
[  335004ms] [LOG] [Fast Refresh] done in 1401ms @ http://localhost:3000/_next/static/chunks/node_modules_next_dist_1e8vcs8._.js:776
[  335068ms] [LOG] [Fast Refresh] done in 1401ms @ http://localhost:3000/_next/static/chunks/node_modules_next_dist_1e8vcs8._.js:776
[  335131ms] [LOG] [Fast Refresh] done in 1401ms @ http://localhost:3000/_next/static/chunks/node_modules_next_dist_1e8vcs8._.js:776
[  335192ms] [LOG] [Fast Refresh] done in 1401ms @ http://localhost:3000/_next/static/chunks/node_modules_next_dist_1e8vcs8._.js:776
[  335254ms] [LOG] [Fast Refresh] done in 1401ms @ http://localhost:3000/_next/static/chunks/node_modules_next_dist_1e8vcs8._.js:776
[  335316ms] [LOG] [Fast Refresh] done in 1401ms @ http://localhost:3000/_next/static/chunks/node_modules_next_dist_1e8vcs8._.js:776
[  335378ms] [LOG] [Fast Refresh] done in 1401ms @ http://localhost:3000/_next/static/chunks/node_modules_next_dist_1e8vcs8._.js:776
[  335441ms] [LOG] [Fast Refresh] done in 1401ms @ http://localhost:3000/_next/static/chunks/node_modules_next_dist_1e8vcs8._.js:776
[  335503ms] [LOG] [Fast Refresh] done in 1401ms @ http://localhost:3000/_next/static/chunks/node_modules_next_dist_1e8vcs8._.js:776
[  335566ms] [LOG] [Fast Refresh] done in 1401ms @ http://localhost:3000/_next/static/chunks/node_modules_next_dist_1e8vcs8._.js:776
[  335629ms] [LOG] [Fast Refresh] done in 1401ms @ http://localhost:3000/_next/static/chunks/node_modules_next_dist_1e8vcs8._.js:776
[  335692ms] [LOG] [Fast Refresh] done in 1401ms @ http://localhost:3000/_next/static/chunks/node_modules_next_dist_1e8vcs8._.js:776
[  335755ms] [LOG] [Fast Refresh] done in 1401ms @ http://localhost:3000/_next/static/chunks/node_modules_next_dist_1e8vcs8._.js:776
[  335817ms] [LOG] [Fast Refresh] done in 1401ms @ http://localhost:3000/_next/static/chunks/node_modules_next_dist_1e8vcs8._.js:776
[  335879ms] [LOG] [Fast Refresh] done in 1401ms @ http://localhost:3000/_next/static/chunks/node_modules_next_dist_1e8vcs8._.js:776
[  335943ms] [LOG] [Fast Refresh] done in 1401ms @ http://localhost:3000/_next/static/chunks/node_modules_next_dist_1e8vcs8._.js:776
[  336005ms] [LOG] [Fast Refresh] done in 1401ms @ http://localhost:3000/_next/static/chunks/node_modules_next_dist_1e8vcs8._.js:776
[  336069ms] [LOG] [Fast Refresh] done in 1401ms @ http://localhost:3000/_next/static/chunks/node_modules_next_dist_1e8vcs8._.js:776
[  336132ms] [LOG] [Fast Refresh] done in 1401ms @ http://localhost:3000/_next/static/chunks/node_modules_next_dist_1e8vcs8._.js:776
[  336195ms] [LOG] [Fast Refresh] done in 1401ms @ http://localhost:3000/_next/static/chunks/node_modules_next_dist_1e8vcs8._.js:776
[  336258ms] [LOG] [Fast Refresh] done in 1401ms @ http://localhost:3000/_next/static/chunks/node_modules_next_dist_1e8vcs8._.js:776
[  336322ms] [LOG] [Fast Refresh] done in 1401ms @ http://localhost:3000/_next/static/chunks/node_modules_next_dist_1e8vcs8._.js:776
[  336384ms] [LOG] [Fast Refresh] done in 1401ms @ http://localhost:3000/_next/static/chunks/node_modules_next_dist_1e8vcs8._.js:776
[  336446ms] [LOG] [Fast Refresh] done in 1401ms @ http://localhost:3000/_next/static/chunks/node_modules_next_dist_1e8vcs8._.js:776
[  336510ms] [LOG] [Fast Refresh] done in 1401ms @ http://localhost:3000/_next/static/chunks/node_modules_next_dist_1e8vcs8._.js:776
[  336573ms] [LOG] [Fast Refresh] done in 1401ms @ http://localhost:3000/_next/static/chunks/node_modules_next_dist_1e8vcs8._.js:776
[  336636ms] [LOG] [Fast Refresh] done in 1401ms @ http://localhost:3000/_next/static/chunks/node_modules_next_dist_1e8vcs8._.js:776
[  336698ms] [LOG] [Fast Refresh] done in 1401ms @ http://localhost:3000/_next/static/chunks/node_modules_next_dist_1e8vcs8._.js:776
[  336760ms] [LOG] [Fast Refresh] done in 1401ms @ http://localhost:3000/_next/static/chunks/node_modules_next_dist_1e8vcs8._.js:776
[  336822ms] [LOG] [Fast Refresh] done in 1401ms @ http://localhost:3000/_next/static/chunks/node_modules_next_dist_1e8vcs8._.js:776
[  336883ms] [LOG] [Fast Refresh] done in 1401ms @ http://localhost:3000/_next/static/chunks/node_modules_next_dist_1e8vcs8._.js:776
[  336999ms] [LOG] [Fast Refresh] done in 1401ms @ http://localhost:3000/_next/static/chunks/node_modules_next_dist_1e8vcs8._.js:776
[  337070ms] [LOG] [Fast Refresh] done in 1401ms @ http://localhost:3000/_next/static/chunks/node_modules_next_dist_1e8vcs8._.js:776
[  337133ms] [LOG] [Fast Refresh] done in 1401ms @ http://localhost:3000/_next/static/chunks/node_modules_next_dist_1e8vcs8._.js:776
[  337197ms] [LOG] [Fast Refresh] done in 1401ms @ http://localhost:3000/_next/static/chunks/node_modules_next_dist_1e8vcs8._.js:776
[  337259ms] [LOG] [Fast Refresh] done in 1401ms @ http://localhost:3000/_next/static/chunks/node_modules_next_dist_1e8vcs8._.js:776
[  337323ms] [LOG] [Fast Refresh] done in 1401ms @ http://localhost:3000/_next/static/chunks/node_modules_next_dist_1e8vcs8._.js:776
[  337386ms] [LOG] [Fast Refresh] done in 1401ms @ http://localhost:3000/_next/static/chunks/node_modules_next_dist_1e8vcs8._.js:776
[  337449ms] [LOG] [Fast Refresh] done in 1401ms @ http://localhost:3000/_next/static/chunks/node_modules_next_dist_1e8vcs8._.js:776
[  337512ms] [LOG] [Fast Refresh] done in 1401ms @ http://localhost:3000/_next/static/chunks/node_modules_next_dist_1e8vcs8._.js:776
[  337575ms] [LOG] [Fast Refresh] done in 1401ms @ http://localhost:3000/_next/static/chunks/node_modules_next_dist_1e8vcs8._.js:776
[  337637ms] [LOG] [Fast Refresh] done in 1401ms @ http://localhost:3000/_next/static/chunks/node_modules_next_dist_1e8vcs8._.js:776
[  337700ms] [LOG] [Fast Refresh] done in 1401ms @ http://localhost:3000/_next/static/chunks/node_modules_next_dist_1e8vcs8._.js:776
[  337763ms] [LOG] [Fast Refresh] done in 1401ms @ http://localhost:3000/_next/static/chunks/node_modules_next_dist_1e8vcs8._.js:776
[  337826ms] [LOG] [Fast Refresh] done in 1401ms @ http://localhost:3000/_next/static/chunks/node_modules_next_dist_1e8vcs8._.js:776
[  337888ms] [LOG] [Fast Refresh] done in 1401ms @ http://localhost:3000/_next/static/chunks/node_modules_next_dist_1e8vcs8._.js:776
[  337952ms] [LOG] [Fast Refresh] done in 1401ms @ http://localhost:3000/_next/static/chunks/node_modules_next_dist_1e8vcs8._.js:776
[  338013ms] [LOG] [Fast Refresh] done in 1401ms @ http://localhost:3000/_next/static/chunks/node_modules_next_dist_1e8vcs8._.js:776
[  338076ms] [LOG] [Fast Refresh] done in 1401ms @ http://localhost:3000/_next/static/chunks/node_modules_next_dist_1e8vcs8._.js:776
[  338137ms] [LOG] [Fast Refresh] done in 1401ms @ http://localhost:3000/_next/static/chunks/node_modules_next_dist_1e8vcs8._.js:776
[  338200ms] [LOG] [Fast Refresh] done in 1401ms @ http://localhost:3000/_next/static/chunks/node_modules_next_dist_1e8vcs8._.js:776
[  338263ms] [LOG] [Fast Refresh] done in 1401ms @ http://localhost:3000/_next/static/chunks/node_modules_next_dist_1e8vcs8._.js:776
[  338326ms] [LOG] [Fast Refresh] done in 1401ms @ http://localhost:3000/_next/static/chunks/node_modules_next_dist_1e8vcs8._.js:776
[  338390ms] [LOG] [Fast Refresh] done in 1401ms @ http://localhost:3000/_next/static/chunks/node_modules_next_dist_1e8vcs8._.js:776
[  338452ms] [LOG] [Fast Refresh] done in 1401ms @ http://localhost:3000/_next/static/chunks/node_modules_next_dist_1e8vcs8._.js:776
[  338515ms] [LOG] [Fast Refresh] done in 1401ms @ http://localhost:3000/_next/static/chunks/node_modules_next_dist_1e8vcs8._.js:776
[  338579ms] [LOG] [Fast Refresh] done in 1401ms @ http://localhost:3000/_next/static/chunks/node_modules_next_dist_1e8vcs8._.js:776
[  338643ms] [LOG] [Fast Refresh] done in 1401ms @ http://localhost:3000/_next/static/chunks/node_modules_next_dist_1e8vcs8._.js:776
[  338703ms] [LOG] [Fast Refresh] done in 1401ms @ http://localhost:3000/_next/static/chunks/node_modules_next_dist_1e8vcs8._.js:776
[  338767ms] [LOG] [Fast Refresh] done in 1401ms @ http://localhost:3000/_next/static/chunks/node_modules_next_dist_1e8vcs8._.js:776
[  338830ms] [LOG] [Fast Refresh] done in 1401ms @ http://localhost:3000/_next/static/chunks/node_modules_next_dist_1e8vcs8._.js:776
[  338907ms] [LOG] [Fast Refresh] done in 1401ms @ http://localhost:3000/_next/static/chunks/node_modules_next_dist_1e8vcs8._.js:776
[  338971ms] [LOG] [Fast Refresh] done in 1401ms @ http://localhost:3000/_next/static/chunks/node_modules_next_dist_1e8vcs8._.js:776
[  339032ms] [LOG] [Fast Refresh] done in 1401ms @ http://localhost:3000/_next/static/chunks/node_modules_next_dist_1e8vcs8._.js:776
[  339112ms] [LOG] [Fast Refresh] done in 1401ms @ http://localhost:3000/_next/static/chunks/node_modules_next_dist_1e8vcs8._.js:776
[  339176ms] [LOG] [Fast Refresh] done in 1401ms @ http://localhost:3000/_next/static/chunks/node_modules_next_dist_1e8vcs8._.js:776
[  339239ms] [LOG] [Fast Refresh] done in 1401ms @ http://localhost:3000/_next/static/chunks/node_modules_next_dist_1e8vcs8._.js:776
[  339302ms] [LOG] [Fast Refresh] done in 1401ms @ http://localhost:3000/_next/static/chunks/node_modules_next_dist_1e8vcs8._.js:776
[  339381ms] [LOG] [Fast Refresh] done in 1401ms @ http://localhost:3000/_next/static/chunks/node_modules_next_dist_1e8vcs8._.js:776
[  339443ms] [LOG] [Fast Refresh] done in 1401ms @ http://localhost:3000/_next/static/chunks/node_modules_next_dist_1e8vcs8._.js:776
[  339519ms] [LOG] [Fast Refresh] done in 1401ms @ http://localhost:3000/_next/static/chunks/node_modules_next_dist_1e8vcs8._.js:776
[  339583ms] [LOG] [Fast Refresh] done in 1401ms @ http://localhost:3000/_next/static/chunks/node_modules_next_dist_1e8vcs8._.js:776
[  339647ms] [LOG] [Fast Refresh] done in 1401ms @ http://localhost:3000/_next/static/chunks/node_modules_next_dist_1e8vcs8._.js:776
[  339707ms] [LOG] [Fast Refresh] done in 1401ms @ http://localhost:3000/_next/static/chunks/node_modules_next_dist_1e8vcs8._.js:776
[  339769ms] [LOG] [Fast Refresh] done in 1401ms @ http://localhost:3000/_next/static/chunks/node_modules_next_dist_1e8vcs8._.js:776
[  339832ms] [LOG] [Fast Refresh] done in 1401ms @ http://localhost:3000/_next/static/chunks/node_modules_next_dist_1e8vcs8._.js:776
[  339893ms] [LOG] [Fast Refresh] done in 1401ms @ http://localhost:3000/_next/static/chunks/node_modules_next_dist_1e8vcs8._.js:776
[  339953ms] [LOG] [Fast Refresh] done in 1401ms @ http://localhost:3000/_next/static/chunks/node_modules_next_dist_1e8vcs8._.js:776
[  340015ms] [LOG] [Fast Refresh] done in 1401ms @ http://localhost:3000/_next/static/chunks/node_modules_next_dist_1e8vcs8._.js:776
[  340076ms] [LOG] [Fast Refresh] done in 1401ms @ http://localhost:3000/_next/static/chunks/node_modules_next_dist_1e8vcs8._.js:776
[  340139ms] [LOG] [Fast Refresh] done in 1401ms @ http://localhost:3000/_next/static/chunks/node_modules_next_dist_1e8vcs8._.js:776
[  340203ms] [LOG] [Fast Refresh] done in 1401ms @ http://localhost:3000/_next/static/chunks/node_modules_next_dist_1e8vcs8._.js:776
[  340267ms] [LOG] [Fast Refresh] done in 1401ms @ http://localhost:3000/_next/static/chunks/node_modules_next_dist_1e8vcs8._.js:776
[  340329ms] [LOG] [Fast Refresh] done in 1401ms @ http://localhost:3000/_next/static/chunks/node_modules_next_dist_1e8vcs8._.js:776
[  340392ms] [LOG] [Fast Refresh] done in 1401ms @ http://localhost:3000/_next/static/chunks/node_modules_next_dist_1e8vcs8._.js:776
[  340454ms] [LOG] [Fast Refresh] done in 1401ms @ http://localhost:3000/_next/static/chunks/node_modules_next_dist_1e8vcs8._.js:776
[  340517ms] [LOG] [Fast Refresh] done in 1401ms @ http://localhost:3000/_next/static/chunks/node_modules_next_dist_1e8vcs8._.js:776
[  340580ms] [LOG] [Fast Refresh] done in 1401ms @ http://localhost:3000/_next/static/chunks/node_modules_next_dist_1e8vcs8._.js:776
[  340643ms] [LOG] [Fast Refresh] done in 1401ms @ http://localhost:3000/_next/static/chunks/node_modules_next_dist_1e8vcs8._.js:776
[  340706ms] [LOG] [Fast Refresh] done in 1401ms @ http://localhost:3000/_next/static/chunks/node_modules_next_dist_1e8vcs8._.js:776
[  340769ms] [LOG] [Fast Refresh] done in 1401ms @ http://localhost:3000/_next/static/chunks/node_modules_next_dist_1e8vcs8._.js:776
[  340830ms] [LOG] [Fast Refresh] done in 1401ms @ http://localhost:3000/_next/static/chunks/node_modules_next_dist_1e8vcs8._.js:776
[  340895ms] [LOG] [Fast Refresh] done in 1401ms @ http://localhost:3000/_next/static/chunks/node_modules_next_dist_1e8vcs8._.js:776
[  340957ms] [LOG] [Fast Refresh] done in 1401ms @ http://localhost:3000/_next/static/chunks/node_modules_next_dist_1e8vcs8._.js:776
[  341021ms] [LOG] [Fast Refresh] done in 1401ms @ http://localhost:3000/_next/static/chunks/node_modules_next_dist_1e8vcs8._.js:776
[  341083ms] [LOG] [Fast Refresh] done in 1401ms @ http://localhost:3000/_next/static/chunks/node_modules_next_dist_1e8vcs8._.js:776
[  341147ms] [LOG] [Fast Refresh] done in 1401ms @ http://localhost:3000/_next/static/chunks/node_modules_next_dist_1e8vcs8._.js:776
[  341209ms] [LOG] [Fast Refresh] done in 1401ms @ http://localhost:3000/_next/static/chunks/node_modules_next_dist_1e8vcs8._.js:776
[  341273ms] [LOG] [Fast Refresh] done in 1401ms @ http://localhost:3000/_next/static/chunks/node_modules_next_dist_1e8vcs8._.js:776
[  341335ms] [LOG] [Fast Refresh] done in 1401ms @ http://localhost:3000/_next/static/chunks/node_modules_next_dist_1e8vcs8._.js:776
[  341399ms] [LOG] [Fast Refresh] done in 1401ms @ http://localhost:3000/_next/static/chunks/node_modules_next_dist_1e8vcs8._.js:776
[  341463ms] [LOG] [Fast Refresh] done in 1401ms @ http://localhost:3000/_next/static/chunks/node_modules_next_dist_1e8vcs8._.js:776
[  341526ms] [LOG] [Fast Refresh] done in 1401ms @ http://localhost:3000/_next/static/chunks/node_modules_next_dist_1e8vcs8._.js:776
[  341603ms] [LOG] [Fast Refresh] done in 1401ms @ http://localhost:3000/_next/static/chunks/node_modules_next_dist_1e8vcs8._.js:776
[  341665ms] [LOG] [Fast Refresh] done in 1401ms @ http://localhost:3000/_next/static/chunks/node_modules_next_dist_1e8vcs8._.js:776
[  341729ms] [LOG] [Fast Refresh] done in 1401ms @ http://localhost:3000/_next/static/chunks/node_modules_next_dist_1e8vcs8._.js:776
[  341791ms] [LOG] [Fast Refresh] done in 1401ms @ http://localhost:3000/_next/static/chunks/node_modules_next_dist_1e8vcs8._.js:776
[  341853ms] [LOG] [Fast Refresh] done in 1401ms @ http://localhost:3000/_next/static/chunks/node_modules_next_dist_1e8vcs8._.js:776
[  341916ms] [LOG] [Fast Refresh] done in 1401ms @ http://localhost:3000/_next/static/chunks/node_modules_next_dist_1e8vcs8._.js:776
[  341980ms] [LOG] [Fast Refresh] done in 1401ms @ http://localhost:3000/_next/static/chunks/node_modules_next_dist_1e8vcs8._.js:776
[  342042ms] [LOG] [Fast Refresh] done in 1401ms @ http://localhost:3000/_next/static/chunks/node_modules_next_dist_1e8vcs8._.js:776
[  342104ms] [LOG] [Fast Refresh] done in 1401ms @ http://localhost:3000/_next/static/chunks/node_modules_next_dist_1e8vcs8._.js:776
[  342168ms] [LOG] [Fast Refresh] done in 1401ms @ http://localhost:3000/_next/static/chunks/node_modules_next_dist_1e8vcs8._.js:776
[  342230ms] [LOG] [Fast Refresh] done in 1401ms @ http://localhost:3000/_next/static/chunks/node_modules_next_dist_1e8vcs8._.js:776
[  342294ms] [LOG] [Fast Refresh] done in 1401ms @ http://localhost:3000/_next/static/chunks/node_modules_next_dist_1e8vcs8._.js:776
[  342354ms] [LOG] [Fast Refresh] done in 1401ms @ http://localhost:3000/_next/static/chunks/node_modules_next_dist_1e8vcs8._.js:776
[  342418ms] [LOG] [Fast Refresh] done in 1401ms @ http://localhost:3000/_next/static/chunks/node_modules_next_dist_1e8vcs8._.js:776
[  342480ms] [LOG] [Fast Refresh] done in 1401ms @ http://localhost:3000/_next/static/chunks/node_modules_next_dist_1e8vcs8._.js:776
[  342542ms] [LOG] [Fast Refresh] done in 1401ms @ http://localhost:3000/_next/static/chunks/node_modules_next_dist_1e8vcs8._.js:776
[  342605ms] [LOG] [Fast Refresh] done in 1401ms @ http://localhost:3000/_next/static/chunks/node_modules_next_dist_1e8vcs8._.js:776
[  342667ms] [LOG] [Fast Refresh] done in 1401ms @ http://localhost:3000/_next/static/chunks/node_modules_next_dist_1e8vcs8._.js:776
[  342730ms] [LOG] [Fast Refresh] done in 1401ms @ http://localhost:3000/_next/static/chunks/node_modules_next_dist_1e8vcs8._.js:776
[  342792ms] [LOG] [Fast Refresh] done in 1401ms @ http://localhost:3000/_next/static/chunks/node_modules_next_dist_1e8vcs8._.js:776
[  342856ms] [LOG] [Fast Refresh] done in 1401ms @ http://localhost:3000/_next/static/chunks/node_modules_next_dist_1e8vcs8._.js:776
[  342918ms] [LOG] [Fast Refresh] done in 1401ms @ http://localhost:3000/_next/static/chunks/node_modules_next_dist_1e8vcs8._.js:776
[  342982ms] [LOG] [Fast Refresh] done in 1401ms @ http://localhost:3000/_next/static/chunks/node_modules_next_dist_1e8vcs8._.js:776
[  343045ms] [LOG] [Fast Refresh] done in 1401ms @ http://localhost:3000/_next/static/chunks/node_modules_next_dist_1e8vcs8._.js:776
[  343108ms] [LOG] [Fast Refresh] done in 1401ms @ http://localhost:3000/_next/static/chunks/node_modules_next_dist_1e8vcs8._.js:776
[  343170ms] [LOG] [Fast Refresh] done in 1401ms @ http://localhost:3000/_next/static/chunks/node_modules_next_dist_1e8vcs8._.js:776
[  343232ms] [LOG] [Fast Refresh] done in 1401ms @ http://localhost:3000/_next/static/chunks/node_modules_next_dist_1e8vcs8._.js:776
[  343295ms] [LOG] [Fast Refresh] done in 1401ms @ http://localhost:3000/_next/static/chunks/node_modules_next_dist_1e8vcs8._.js:776
[  343358ms] [LOG] [Fast Refresh] done in 1401ms @ http://localhost:3000/_next/static/chunks/node_modules_next_dist_1e8vcs8._.js:776
[  343422ms] [LOG] [Fast Refresh] done in 1401ms @ http://localhost:3000/_next/static/chunks/node_modules_next_dist_1e8vcs8._.js:776
[  343486ms] [LOG] [Fast Refresh] done in 1401ms @ http://localhost:3000/_next/static/chunks/node_modules_next_dist_1e8vcs8._.js:776
[  343548ms] [LOG] [Fast Refresh] done in 1401ms @ http://localhost:3000/_next/static/chunks/node_modules_next_dist_1e8vcs8._.js:776
[  343612ms] [LOG] [Fast Refresh] done in 1401ms @ http://localhost:3000/_next/static/chunks/node_modules_next_dist_1e8vcs8._.js:776
[  343674ms] [LOG] [Fast Refresh] done in 1401ms @ http://localhost:3000/_next/static/chunks/node_modules_next_dist_1e8vcs8._.js:776
[  343738ms] [LOG] [Fast Refresh] done in 1401ms @ http://localhost:3000/_next/static/chunks/node_modules_next_dist_1e8vcs8._.js:776
[  343817ms] [LOG] [Fast Refresh] done in 1401ms @ http://localhost:3000/_next/static/chunks/node_modules_next_dist_1e8vcs8._.js:776
[  343879ms] [LOG] [Fast Refresh] done in 1401ms @ http://localhost:3000/_next/static/chunks/node_modules_next_dist_1e8vcs8._.js:776
[  343941ms] [LOG] [Fast Refresh] done in 1401ms @ http://localhost:3000/_next/static/chunks/node_modules_next_dist_1e8vcs8._.js:776
[  344005ms] [LOG] [Fast Refresh] done in 1401ms @ http://localhost:3000/_next/static/chunks/node_modules_next_dist_1e8vcs8._.js:776
[  344067ms] [LOG] [Fast Refresh] done in 1401ms @ http://localhost:3000/_next/static/chunks/node_modules_next_dist_1e8vcs8._.js:776
[  344130ms] [LOG] [Fast Refresh] done in 1401ms @ http://localhost:3000/_next/static/chunks/node_modules_next_dist_1e8vcs8._.js:776
[  344193ms] [LOG] [Fast Refresh] done in 1401ms @ http://localhost:3000/_next/static/chunks/node_modules_next_dist_1e8vcs8._.js:776
[  344295ms] [LOG] [Fast Refresh] done in 1401ms @ http://localhost:3000/_next/static/chunks/node_modules_next_dist_1e8vcs8._.js:776
[  344363ms] [LOG] [Fast Refresh] done in 1401ms @ http://localhost:3000/_next/static/chunks/node_modules_next_dist_1e8vcs8._.js:776
[  344425ms] [LOG] [Fast Refresh] done in 1401ms @ http://localhost:3000/_next/static/chunks/node_modules_next_dist_1e8vcs8._.js:776
[  344488ms] [LOG] [Fast Refresh] done in 1401ms @ http://localhost:3000/_next/static/chunks/node_modules_next_dist_1e8vcs8._.js:776
[  344550ms] [LOG] [Fast Refresh] done in 1401ms @ http://localhost:3000/_next/static/chunks/node_modules_next_dist_1e8vcs8._.js:776
[  344614ms] [LOG] [Fast Refresh] done in 1401ms @ http://localhost:3000/_next/static/chunks/node_modules_next_dist_1e8vcs8._.js:776
[  344677ms] [LOG] [Fast Refresh] done in 1401ms @ http://localhost:3000/_next/static/chunks/node_modules_next_dist_1e8vcs8._.js:776
[  344740ms] [LOG] [Fast Refresh] done in 1401ms @ http://localhost:3000/_next/static/chunks/node_modules_next_dist_1e8vcs8._.js:776
[  344804ms] [LOG] [Fast Refresh] done in 1401ms @ http://localhost:3000/_next/static/chunks/node_modules_next_dist_1e8vcs8._.js:776
[  344865ms] [LOG] [Fast Refresh] done in 1401ms @ http://localhost:3000/_next/static/chunks/node_modules_next_dist_1e8vcs8._.js:776
[  344927ms] [LOG] [Fast Refresh] done in 1401ms @ http://localhost:3000/_next/static/chunks/node_modules_next_dist_1e8vcs8._.js:776
[  344990ms] [LOG] [Fast Refresh] done in 1401ms @ http://localhost:3000/_next/static/chunks/node_modules_next_dist_1e8vcs8._.js:776
[  345054ms] [LOG] [Fast Refresh] done in 1401ms @ http://localhost:3000/_next/static/chunks/node_modules_next_dist_1e8vcs8._.js:776
[  345118ms] [LOG] [Fast Refresh] done in 1401ms @ http://localhost:3000/_next/static/chunks/node_modules_next_dist_1e8vcs8._.js:776
[  345181ms] [LOG] [Fast Refresh] done in 1401ms @ http://localhost:3000/_next/static/chunks/node_modules_next_dist_1e8vcs8._.js:776
[  345244ms] [LOG] [Fast Refresh] done in 1401ms @ http://localhost:3000/_next/static/chunks/node_modules_next_dist_1e8vcs8._.js:776
[  345307ms] [LOG] [Fast Refresh] done in 1401ms @ http://localhost:3000/_next/static/chunks/node_modules_next_dist_1e8vcs8._.js:776
[  345372ms] [LOG] [Fast Refresh] done in 1401ms @ http://localhost:3000/_next/static/chunks/node_modules_next_dist_1e8vcs8._.js:776
[  345434ms] [LOG] [Fast Refresh] done in 1401ms @ http://localhost:3000/_next/static/chunks/node_modules_next_dist_1e8vcs8._.js:776
[  345496ms] [LOG] [Fast Refresh] done in 1401ms @ http://localhost:3000/_next/static/chunks/node_modules_next_dist_1e8vcs8._.js:776
[  345558ms] [LOG] [Fast Refresh] done in 1401ms @ http://localhost:3000/_next/static/chunks/node_modules_next_dist_1e8vcs8._.js:776
[  345622ms] [LOG] [Fast Refresh] done in 1401ms @ http://localhost:3000/_next/static/chunks/node_modules_next_dist_1e8vcs8._.js:776
[  345685ms] [LOG] [Fast Refresh] done in 1401ms @ http://localhost:3000/_next/static/chunks/node_modules_next_dist_1e8vcs8._.js:776
[  345748ms] [LOG] [Fast Refresh] done in 1401ms @ http://localhost:3000/_next/static/chunks/node_modules_next_dist_1e8vcs8._.js:776
[  345811ms] [LOG] [Fast Refresh] done in 1401ms @ http://localhost:3000/_next/static/chunks/node_modules_next_dist_1e8vcs8._.js:776
[  345873ms] [LOG] [Fast Refresh] done in 1401ms @ http://localhost:3000/_next/static/chunks/node_modules_next_dist_1e8vcs8._.js:776
[  345935ms] [LOG] [Fast Refresh] done in 1401ms @ http://localhost:3000/_next/static/chunks/node_modules_next_dist_1e8vcs8._.js:776
[  345999ms] [LOG] [Fast Refresh] done in 1401ms @ http://localhost:3000/_next/static/chunks/node_modules_next_dist_1e8vcs8._.js:776
[  346062ms] [LOG] [Fast Refresh] done in 1401ms @ http://localhost:3000/_next/static/chunks/node_modules_next_dist_1e8vcs8._.js:776
[  346124ms] [LOG] [Fast Refresh] done in 1401ms @ http://localhost:3000/_next/static/chunks/node_modules_next_dist_1e8vcs8._.js:776
[  346186ms] [LOG] [Fast Refresh] done in 1401ms @ http://localhost:3000/_next/static/chunks/node_modules_next_dist_1e8vcs8._.js:776
[  346248ms] [LOG] [Fast Refresh] done in 1401ms @ http://localhost:3000/_next/static/chunks/node_modules_next_dist_1e8vcs8._.js:776
[  346311ms] [LOG] [Fast Refresh] done in 1401ms @ http://localhost:3000/_next/static/chunks/node_modules_next_dist_1e8vcs8._.js:776
[  346374ms] [LOG] [Fast Refresh] done in 1401ms @ http://localhost:3000/_next/static/chunks/node_modules_next_dist_1e8vcs8._.js:776
[  346436ms] [LOG] [Fast Refresh] done in 1401ms @ http://localhost:3000/_next/static/chunks/node_modules_next_dist_1e8vcs8._.js:776
[  346498ms] [LOG] [Fast Refresh] done in 1401ms @ http://localhost:3000/_next/static/chunks/node_modules_next_dist_1e8vcs8._.js:776
[  346560ms] [LOG] [Fast Refresh] done in 1401ms @ http://localhost:3000/_next/static/chunks/node_modules_next_dist_1e8vcs8._.js:776
[  346623ms] [LOG] [Fast Refresh] done in 1401ms @ http://localhost:3000/_next/static/chunks/node_modules_next_dist_1e8vcs8._.js:776
[  346687ms] [LOG] [Fast Refresh] done in 1401ms @ http://localhost:3000/_next/static/chunks/node_modules_next_dist_1e8vcs8._.js:776
[  346750ms] [LOG] [Fast Refresh] done in 1401ms @ http://localhost:3000/_next/static/chunks/node_modules_next_dist_1e8vcs8._.js:776
[  346813ms] [LOG] [Fast Refresh] done in 1401ms @ http://localhost:3000/_next/static/chunks/node_modules_next_dist_1e8vcs8._.js:776
[  346875ms] [LOG] [Fast Refresh] done in 1401ms @ http://localhost:3000/_next/static/chunks/node_modules_next_dist_1e8vcs8._.js:776
[  346937ms] [LOG] [Fast Refresh] done in 1401ms @ http://localhost:3000/_next/static/chunks/node_modules_next_dist_1e8vcs8._.js:776
[  347000ms] [LOG] [Fast Refresh] done in 1401ms @ http://localhost:3000/_next/static/chunks/node_modules_next_dist_1e8vcs8._.js:776
[  347061ms] [LOG] [Fast Refresh] done in 1401ms @ http://localhost:3000/_next/static/chunks/node_modules_next_dist_1e8vcs8._.js:776
[  347123ms] [LOG] [Fast Refresh] done in 1401ms @ http://localhost:3000/_next/static/chunks/node_modules_next_dist_1e8vcs8._.js:776
[  347185ms] [LOG] [Fast Refresh] done in 1401ms @ http://localhost:3000/_next/static/chunks/node_modules_next_dist_1e8vcs8._.js:776
[  347247ms] [LOG] [Fast Refresh] done in 1401ms @ http://localhost:3000/_next/static/chunks/node_modules_next_dist_1e8vcs8._.js:776
[  347311ms] [LOG] [Fast Refresh] done in 1401ms @ http://localhost:3000/_next/static/chunks/node_modules_next_dist_1e8vcs8._.js:776
[  347373ms] [LOG] [Fast Refresh] done in 1401ms @ http://localhost:3000/_next/static/chunks/node_modules_next_dist_1e8vcs8._.js:776
[  347437ms] [LOG] [Fast Refresh] done in 1401ms @ http://localhost:3000/_next/static/chunks/node_modules_next_dist_1e8vcs8._.js:776
[  347499ms] [LOG] [Fast Refresh] done in 1401ms @ http://localhost:3000/_next/static/chunks/node_modules_next_dist_1e8vcs8._.js:776
[  347563ms] [LOG] [Fast Refresh] done in 1401ms @ http://localhost:3000/_next/static/chunks/node_modules_next_dist_1e8vcs8._.js:776
[  347625ms] [LOG] [Fast Refresh] done in 1401ms @ http://localhost:3000/_next/static/chunks/node_modules_next_dist_1e8vcs8._.js:776
[  347701ms] [LOG] [Fast Refresh] done in 1401ms @ http://localhost:3000/_next/static/chunks/node_modules_next_dist_1e8vcs8._.js:776
[  347765ms] [LOG] [Fast Refresh] done in 1401ms @ http://localhost:3000/_next/static/chunks/node_modules_next_dist_1e8vcs8._.js:776
[  347828ms] [LOG] [Fast Refresh] done in 1401ms @ http://localhost:3000/_next/static/chunks/node_modules_next_dist_1e8vcs8._.js:776
[  347890ms] [LOG] [Fast Refresh] done in 1401ms @ http://localhost:3000/_next/static/chunks/node_modules_next_dist_1e8vcs8._.js:776
[  347953ms] [LOG] [Fast Refresh] done in 1401ms @ http://localhost:3000/_next/static/chunks/node_modules_next_dist_1e8vcs8._.js:776
[  348016ms] [LOG] [Fast Refresh] done in 1401ms @ http://localhost:3000/_next/static/chunks/node_modules_next_dist_1e8vcs8._.js:776
[  348079ms] [LOG] [Fast Refresh] done in 1401ms @ http://localhost:3000/_next/static/chunks/node_modules_next_dist_1e8vcs8._.js:776
[  348142ms] [LOG] [Fast Refresh] done in 1401ms @ http://localhost:3000/_next/static/chunks/node_modules_next_dist_1e8vcs8._.js:776
[  348205ms] [LOG] [Fast Refresh] done in 1401ms @ http://localhost:3000/_next/static/chunks/node_modules_next_dist_1e8vcs8._.js:776
[  348268ms] [LOG] [Fast Refresh] done in 1401ms @ http://localhost:3000/_next/static/chunks/node_modules_next_dist_1e8vcs8._.js:776
[  348332ms] [LOG] [Fast Refresh] done in 1401ms @ http://localhost:3000/_next/static/chunks/node_modules_next_dist_1e8vcs8._.js:776
[  348396ms] [LOG] [Fast Refresh] done in 1401ms @ http://localhost:3000/_next/static/chunks/node_modules_next_dist_1e8vcs8._.js:776
[  348459ms] [LOG] [Fast Refresh] done in 1401ms @ http://localhost:3000/_next/static/chunks/node_modules_next_dist_1e8vcs8._.js:776
[  348520ms] [LOG] [Fast Refresh] done in 1401ms @ http://localhost:3000/_next/static/chunks/node_modules_next_dist_1e8vcs8._.js:776
[  348583ms] [LOG] [Fast Refresh] done in 1401ms @ http://localhost:3000/_next/static/chunks/node_modules_next_dist_1e8vcs8._.js:776
[  348648ms] [LOG] [Fast Refresh] done in 1401ms @ http://localhost:3000/_next/static/chunks/node_modules_next_dist_1e8vcs8._.js:776
[  348710ms] [LOG] [Fast Refresh] done in 1401ms @ http://localhost:3000/_next/static/chunks/node_modules_next_dist_1e8vcs8._.js:776
[  348774ms] [LOG] [Fast Refresh] done in 1401ms @ http://localhost:3000/_next/static/chunks/node_modules_next_dist_1e8vcs8._.js:776
[  348836ms] [LOG] [Fast Refresh] done in 1401ms @ http://localhost:3000/_next/static/chunks/node_modules_next_dist_1e8vcs8._.js:776
[  348899ms] [LOG] [Fast Refresh] done in 1401ms @ http://localhost:3000/_next/static/chunks/node_modules_next_dist_1e8vcs8._.js:776
[  348961ms] [LOG] [Fast Refresh] done in 1401ms @ http://localhost:3000/_next/static/chunks/node_modules_next_dist_1e8vcs8._.js:776
[  349023ms] [LOG] [Fast Refresh] done in 1401ms @ http://localhost:3000/_next/static/chunks/node_modules_next_dist_1e8vcs8._.js:776
[  349085ms] [LOG] [Fast Refresh] done in 1401ms @ http://localhost:3000/_next/static/chunks/node_modules_next_dist_1e8vcs8._.js:776
[  349146ms] [LOG] [Fast Refresh] done in 1401ms @ http://localhost:3000/_next/static/chunks/node_modules_next_dist_1e8vcs8._.js:776
[  349211ms] [LOG] [Fast Refresh] done in 1401ms @ http://localhost:3000/_next/static/chunks/node_modules_next_dist_1e8vcs8._.js:776
[  349274ms] [LOG] [Fast Refresh] done in 1401ms @ http://localhost:3000/_next/static/chunks/node_modules_next_dist_1e8vcs8._.js:776
[  349336ms] [LOG] [Fast Refresh] done in 1401ms @ http://localhost:3000/_next/static/chunks/node_modules_next_dist_1e8vcs8._.js:776
[  349399ms] [LOG] [Fast Refresh] done in 1401ms @ http://localhost:3000/_next/static/chunks/node_modules_next_dist_1e8vcs8._.js:776
[  349463ms] [LOG] [Fast Refresh] done in 1401ms @ http://localhost:3000/_next/static/chunks/node_modules_next_dist_1e8vcs8._.js:776
[  349526ms] [LOG] [Fast Refresh] done in 1401ms @ http://localhost:3000/_next/static/chunks/node_modules_next_dist_1e8vcs8._.js:776
[  349588ms] [LOG] [Fast Refresh] done in 1401ms @ http://localhost:3000/_next/static/chunks/node_modules_next_dist_1e8vcs8._.js:776
[  349651ms] [LOG] [Fast Refresh] done in 1401ms @ http://localhost:3000/_next/static/chunks/node_modules_next_dist_1e8vcs8._.js:776
[  349713ms] [LOG] [Fast Refresh] done in 1401ms @ http://localhost:3000/_next/static/chunks/node_modules_next_dist_1e8vcs8._.js:776
[  349778ms] [LOG] [Fast Refresh] done in 1401ms @ http://localhost:3000/_next/static/chunks/node_modules_next_dist_1e8vcs8._.js:776
[  349860ms] [LOG] [Fast Refresh] done in 1401ms @ http://localhost:3000/_next/static/chunks/node_modules_next_dist_1e8vcs8._.js:776
[  349952ms] [LOG] [Fast Refresh] done in 1401ms @ http://localhost:3000/_next/static/chunks/node_modules_next_dist_1e8vcs8._.js:776
[  350041ms] [LOG] [Fast Refresh] done in 1401ms @ http://localhost:3000/_next/static/chunks/node_modules_next_dist_1e8vcs8._.js:776
[  350119ms] [LOG] [Fast Refresh] done in 1401ms @ http://localhost:3000/_next/static/chunks/node_modules_next_dist_1e8vcs8._.js:776
[  350181ms] [LOG] [Fast Refresh] done in 1401ms @ http://localhost:3000/_next/static/chunks/node_modules_next_dist_1e8vcs8._.js:776
[  350244ms] [LOG] [Fast Refresh] done in 1401ms @ http://localhost:3000/_next/static/chunks/node_modules_next_dist_1e8vcs8._.js:776
[  350307ms] [LOG] [Fast Refresh] done in 1401ms @ http://localhost:3000/_next/static/chunks/node_modules_next_dist_1e8vcs8._.js:776
[  350369ms] [LOG] [Fast Refresh] done in 1401ms @ http://localhost:3000/_next/static/chunks/node_modules_next_dist_1e8vcs8._.js:776
[  350432ms] [LOG] [Fast Refresh] done in 1401ms @ http://localhost:3000/_next/static/chunks/node_modules_next_dist_1e8vcs8._.js:776
[  350495ms] [LOG] [Fast Refresh] done in 1401ms @ http://localhost:3000/_next/static/chunks/node_modules_next_dist_1e8vcs8._.js:776
[  350557ms] [LOG] [Fast Refresh] done in 1401ms @ http://localhost:3000/_next/static/chunks/node_modules_next_dist_1e8vcs8._.js:776
[  350620ms] [LOG] [Fast Refresh] done in 1401ms @ http://localhost:3000/_next/static/chunks/node_modules_next_dist_1e8vcs8._.js:776
[  350684ms] [LOG] [Fast Refresh] done in 1401ms @ http://localhost:3000/_next/static/chunks/node_modules_next_dist_1e8vcs8._.js:776
[  350747ms] [LOG] [Fast Refresh] done in 1401ms @ http://localhost:3000/_next/static/chunks/node_modules_next_dist_1e8vcs8._.js:776
[  350809ms] [LOG] [Fast Refresh] done in 1401ms @ http://localhost:3000/_next/static/chunks/node_modules_next_dist_1e8vcs8._.js:776
[  350871ms] [LOG] [Fast Refresh] done in 1401ms @ http://localhost:3000/_next/static/chunks/node_modules_next_dist_1e8vcs8._.js:776
[  350935ms] [LOG] [Fast Refresh] done in 1401ms @ http://localhost:3000/_next/static/chunks/node_modules_next_dist_1e8vcs8._.js:776
[  350997ms] [LOG] [Fast Refresh] done in 1401ms @ http://localhost:3000/_next/static/chunks/node_modules_next_dist_1e8vcs8._.js:776
[  351075ms] [LOG] [Fast Refresh] done in 1401ms @ http://localhost:3000/_next/static/chunks/node_modules_next_dist_1e8vcs8._.js:776
[  351136ms] [LOG] [Fast Refresh] done in 1401ms @ http://localhost:3000/_next/static/chunks/node_modules_next_dist_1e8vcs8._.js:776
[  351309ms] [LOG] [Fast Refresh] done in 1401ms @ http://localhost:3000/_next/static/chunks/node_modules_next_dist_1e8vcs8._.js:776
[  351373ms] [LOG] [Fast Refresh] done in 1401ms @ http://localhost:3000/_next/static/chunks/node_modules_next_dist_1e8vcs8._.js:776
[  351435ms] [LOG] [Fast Refresh] done in 1401ms @ http://localhost:3000/_next/static/chunks/node_modules_next_dist_1e8vcs8._.js:776
[  351497ms] [LOG] [Fast Refresh] done in 1401ms @ http://localhost:3000/_next/static/chunks/node_modules_next_dist_1e8vcs8._.js:776
[  351560ms] [LOG] [Fast Refresh] done in 1401ms @ http://localhost:3000/_next/static/chunks/node_modules_next_dist_1e8vcs8._.js:776
[  351623ms] [LOG] [Fast Refresh] done in 1401ms @ http://localhost:3000/_next/static/chunks/node_modules_next_dist_1e8vcs8._.js:776
[  351685ms] [LOG] [Fast Refresh] done in 1401ms @ http://localhost:3000/_next/static/chunks/node_modules_next_dist_1e8vcs8._.js:776
[  351749ms] [LOG] [Fast Refresh] done in 1401ms @ http://localhost:3000/_next/static/chunks/node_modules_next_dist_1e8vcs8._.js:776
[  351812ms] [LOG] [Fast Refresh] done in 1401ms @ http://localhost:3000/_next/static/chunks/node_modules_next_dist_1e8vcs8._.js:776
[  351875ms] [LOG] [Fast Refresh] done in 1401ms @ http://localhost:3000/_next/static/chunks/node_modules_next_dist_1e8vcs8._.js:776
[  351952ms] [LOG] [Fast Refresh] done in 1401ms @ http://localhost:3000/_next/static/chunks/node_modules_next_dist_1e8vcs8._.js:776
[  352014ms] [LOG] [Fast Refresh] done in 1401ms @ http://localhost:3000/_next/static/chunks/node_modules_next_dist_1e8vcs8._.js:776
[  352077ms] [LOG] [Fast Refresh] done in 1401ms @ http://localhost:3000/_next/static/chunks/node_modules_next_dist_1e8vcs8._.js:776
[  352140ms] [LOG] [Fast Refresh] done in 1401ms @ http://localhost:3000/_next/static/chunks/node_modules_next_dist_1e8vcs8._.js:776
[  352203ms] [LOG] [Fast Refresh] done in 1401ms @ http://localhost:3000/_next/static/chunks/node_modules_next_dist_1e8vcs8._.js:776
[  352279ms] [LOG] [Fast Refresh] done in 1401ms @ http://localhost:3000/_next/static/chunks/node_modules_next_dist_1e8vcs8._.js:776
[  352342ms] [LOG] [Fast Refresh] done in 1401ms @ http://localhost:3000/_next/static/chunks/node_modules_next_dist_1e8vcs8._.js:776
[  352402ms] [LOG] [Fast Refresh] done in 1401ms @ http://localhost:3000/_next/static/chunks/node_modules_next_dist_1e8vcs8._.js:776
[  352464ms] [LOG] [Fast Refresh] done in 1401ms @ http://localhost:3000/_next/static/chunks/node_modules_next_dist_1e8vcs8._.js:776
[  352527ms] [LOG] [Fast Refresh] done in 1401ms @ http://localhost:3000/_next/static/chunks/node_modules_next_dist_1e8vcs8._.js:776
[  352589ms] [LOG] [Fast Refresh] done in 1401ms @ http://localhost:3000/_next/static/chunks/node_modules_next_dist_1e8vcs8._.js:776
[  352652ms] [LOG] [Fast Refresh] done in 1401ms @ http://localhost:3000/_next/static/chunks/node_modules_next_dist_1e8vcs8._.js:776
[  352716ms] [LOG] [Fast Refresh] done in 1401ms @ http://localhost:3000/_next/static/chunks/node_modules_next_dist_1e8vcs8._.js:776
[  352777ms] [LOG] [Fast Refresh] done in 1401ms @ http://localhost:3000/_next/static/chunks/node_modules_next_dist_1e8vcs8._.js:776
[  352840ms] [LOG] [Fast Refresh] done in 1401ms @ http://localhost:3000/_next/static/chunks/node_modules_next_dist_1e8vcs8._.js:776
[  352903ms] [LOG] [Fast Refresh] done in 1401ms @ http://localhost:3000/_next/static/chunks/node_modules_next_dist_1e8vcs8._.js:776
[  352967ms] [LOG] [Fast Refresh] done in 1401ms @ http://localhost:3000/_next/static/chunks/node_modules_next_dist_1e8vcs8._.js:776
[  353029ms] [LOG] [Fast Refresh] done in 1401ms @ http://localhost:3000/_next/static/chunks/node_modules_next_dist_1e8vcs8._.js:776
[  353093ms] [LOG] [Fast Refresh] done in 1401ms @ http://localhost:3000/_next/static/chunks/node_modules_next_dist_1e8vcs8._.js:776
[  353157ms] [LOG] [Fast Refresh] done in 1401ms @ http://localhost:3000/_next/static/chunks/node_modules_next_dist_1e8vcs8._.js:776
[  353220ms] [LOG] [Fast Refresh] done in 1401ms @ http://localhost:3000/_next/static/chunks/node_modules_next_dist_1e8vcs8._.js:776
[  353283ms] [LOG] [Fast Refresh] done in 1401ms @ http://localhost:3000/_next/static/chunks/node_modules_next_dist_1e8vcs8._.js:776
[  353346ms] [LOG] [Fast Refresh] done in 1401ms @ http://localhost:3000/_next/static/chunks/node_modules_next_dist_1e8vcs8._.js:776
[  353409ms] [LOG] [Fast Refresh] done in 1401ms @ http://localhost:3000/_next/static/chunks/node_modules_next_dist_1e8vcs8._.js:776
[  353472ms] [LOG] [Fast Refresh] done in 1401ms @ http://localhost:3000/_next/static/chunks/node_modules_next_dist_1e8vcs8._.js:776
[  353535ms] [LOG] [Fast Refresh] done in 1401ms @ http://localhost:3000/_next/static/chunks/node_modules_next_dist_1e8vcs8._.js:776
[  353598ms] [LOG] [Fast Refresh] done in 1401ms @ http://localhost:3000/_next/static/chunks/node_modules_next_dist_1e8vcs8._.js:776
[  353659ms] [LOG] [Fast Refresh] done in 1401ms @ http://localhost:3000/_next/static/chunks/node_modules_next_dist_1e8vcs8._.js:776
[  353720ms] [LOG] [Fast Refresh] done in 1401ms @ http://localhost:3000/_next/static/chunks/node_modules_next_dist_1e8vcs8._.js:776
[  353782ms] [LOG] [Fast Refresh] done in 1401ms @ http://localhost:3000/_next/static/chunks/node_modules_next_dist_1e8vcs8._.js:776
[  353843ms] [LOG] [Fast Refresh] done in 1401ms @ http://localhost:3000/_next/static/chunks/node_modules_next_dist_1e8vcs8._.js:776
[  353923ms] [LOG] [Fast Refresh] done in 1401ms @ http://localhost:3000/_next/static/chunks/node_modules_next_dist_1e8vcs8._.js:776
[  354001ms] [LOG] [Fast Refresh] done in 1401ms @ http://localhost:3000/_next/static/chunks/node_modules_next_dist_1e8vcs8._.js:776
[  354063ms] [LOG] [Fast Refresh] done in 1401ms @ http://localhost:3000/_next/static/chunks/node_modules_next_dist_1e8vcs8._.js:776
[  354125ms] [LOG] [Fast Refresh] done in 1401ms @ http://localhost:3000/_next/static/chunks/node_modules_next_dist_1e8vcs8._.js:776
[  354188ms] [LOG] [Fast Refresh] done in 1401ms @ http://localhost:3000/_next/static/chunks/node_modules_next_dist_1e8vcs8._.js:776
[  354249ms] [LOG] [Fast Refresh] done in 1401ms @ http://localhost:3000/_next/static/chunks/node_modules_next_dist_1e8vcs8._.js:776
[  354312ms] [LOG] [Fast Refresh] done in 1401ms @ http://localhost:3000/_next/static/chunks/node_modules_next_dist_1e8vcs8._.js:776
[  354374ms] [LOG] [Fast Refresh] done in 1401ms @ http://localhost:3000/_next/static/chunks/node_modules_next_dist_1e8vcs8._.js:776
[  354438ms] [LOG] [Fast Refresh] done in 1401ms @ http://localhost:3000/_next/static/chunks/node_modules_next_dist_1e8vcs8._.js:776
[  354499ms] [LOG] [Fast Refresh] done in 1401ms @ http://localhost:3000/_next/static/chunks/node_modules_next_dist_1e8vcs8._.js:776
[  354562ms] [LOG] [Fast Refresh] done in 1401ms @ http://localhost:3000/_next/static/chunks/node_modules_next_dist_1e8vcs8._.js:776
[  354625ms] [LOG] [Fast Refresh] done in 1401ms @ http://localhost:3000/_next/static/chunks/node_modules_next_dist_1e8vcs8._.js:776
[  354689ms] [LOG] [Fast Refresh] done in 1401ms @ http://localhost:3000/_next/static/chunks/node_modules_next_dist_1e8vcs8._.js:776
[  354753ms] [LOG] [Fast Refresh] done in 1401ms @ http://localhost:3000/_next/static/chunks/node_modules_next_dist_1e8vcs8._.js:776
[  354817ms] [LOG] [Fast Refresh] done in 1401ms @ http://localhost:3000/_next/static/chunks/node_modules_next_dist_1e8vcs8._.js:776
[  354880ms] [LOG] [Fast Refresh] done in 1401ms @ http://localhost:3000/_next/static/chunks/node_modules_next_dist_1e8vcs8._.js:776
[  354942ms] [LOG] [Fast Refresh] done in 1401ms @ http://localhost:3000/_next/static/chunks/node_modules_next_dist_1e8vcs8._.js:776
[  355005ms] [LOG] [Fast Refresh] done in 1401ms @ http://localhost:3000/_next/static/chunks/node_modules_next_dist_1e8vcs8._.js:776
[  355068ms] [LOG] [Fast Refresh] done in 1401ms @ http://localhost:3000/_next/static/chunks/node_modules_next_dist_1e8vcs8._.js:776
[  355130ms] [LOG] [Fast Refresh] done in 1401ms @ http://localhost:3000/_next/static/chunks/node_modules_next_dist_1e8vcs8._.js:776
[  355195ms] [LOG] [Fast Refresh] done in 1401ms @ http://localhost:3000/_next/static/chunks/node_modules_next_dist_1e8vcs8._.js:776
[  355257ms] [LOG] [Fast Refresh] done in 1401ms @ http://localhost:3000/_next/static/chunks/node_modules_next_dist_1e8vcs8._.js:776
[  355321ms] [LOG] [Fast Refresh] done in 1401ms @ http://localhost:3000/_next/static/chunks/node_modules_next_dist_1e8vcs8._.js:776
[  355382ms] [LOG] [Fast Refresh] done in 1401ms @ http://localhost:3000/_next/static/chunks/node_modules_next_dist_1e8vcs8._.js:776
[  355446ms] [LOG] [Fast Refresh] done in 1401ms @ http://localhost:3000/_next/static/chunks/node_modules_next_dist_1e8vcs8._.js:776
[  355508ms] [LOG] [Fast Refresh] done in 1401ms @ http://localhost:3000/_next/static/chunks/node_modules_next_dist_1e8vcs8._.js:776
[  355569ms] [LOG] [Fast Refresh] done in 1401ms @ http://localhost:3000/_next/static/chunks/node_modules_next_dist_1e8vcs8._.js:776
[  355632ms] [LOG] [Fast Refresh] done in 1401ms @ http://localhost:3000/_next/static/chunks/node_modules_next_dist_1e8vcs8._.js:776
[  355696ms] [LOG] [Fast Refresh] done in 1401ms @ http://localhost:3000/_next/static/chunks/node_modules_next_dist_1e8vcs8._.js:776
[  355759ms] [LOG] [Fast Refresh] done in 1401ms @ http://localhost:3000/_next/static/chunks/node_modules_next_dist_1e8vcs8._.js:776
[  355822ms] [LOG] [Fast Refresh] done in 1401ms @ http://localhost:3000/_next/static/chunks/node_modules_next_dist_1e8vcs8._.js:776
[  355884ms] [LOG] [Fast Refresh] done in 1401ms @ http://localhost:3000/_next/static/chunks/node_modules_next_dist_1e8vcs8._.js:776
[  355948ms] [LOG] [Fast Refresh] done in 1401ms @ http://localhost:3000/_next/static/chunks/node_modules_next_dist_1e8vcs8._.js:776
[  356012ms] [LOG] [Fast Refresh] done in 1401ms @ http://localhost:3000/_next/static/chunks/node_modules_next_dist_1e8vcs8._.js:776
[  356075ms] [LOG] [Fast Refresh] done in 1401ms @ http://localhost:3000/_next/static/chunks/node_modules_next_dist_1e8vcs8._.js:776
[  356136ms] [LOG] [Fast Refresh] done in 1401ms @ http://localhost:3000/_next/static/chunks/node_modules_next_dist_1e8vcs8._.js:776
[  356199ms] [LOG] [Fast Refresh] done in 1401ms @ http://localhost:3000/_next/static/chunks/node_modules_next_dist_1e8vcs8._.js:776
[  356264ms] [LOG] [Fast Refresh] done in 1401ms @ http://localhost:3000/_next/static/chunks/node_modules_next_dist_1e8vcs8._.js:776
[  356328ms] [LOG] [Fast Refresh] done in 1401ms @ http://localhost:3000/_next/static/chunks/node_modules_next_dist_1e8vcs8._.js:776
[  356390ms] [LOG] [Fast Refresh] done in 1401ms @ http://localhost:3000/_next/static/chunks/node_modules_next_dist_1e8vcs8._.js:776
[  356453ms] [LOG] [Fast Refresh] done in 1401ms @ http://localhost:3000/_next/static/chunks/node_modules_next_dist_1e8vcs8._.js:776
[  356514ms] [LOG] [Fast Refresh] done in 1401ms @ http://localhost:3000/_next/static/chunks/node_modules_next_dist_1e8vcs8._.js:776
[  356578ms] [LOG] [Fast Refresh] done in 1401ms @ http://localhost:3000/_next/static/chunks/node_modules_next_dist_1e8vcs8._.js:776
[  356639ms] [LOG] [Fast Refresh] done in 1401ms @ http://localhost:3000/_next/static/chunks/node_modules_next_dist_1e8vcs8._.js:776
[  356703ms] [LOG] [Fast Refresh] done in 1401ms @ http://localhost:3000/_next/static/chunks/node_modules_next_dist_1e8vcs8._.js:776
[  356765ms] [LOG] [Fast Refresh] done in 1401ms @ http://localhost:3000/_next/static/chunks/node_modules_next_dist_1e8vcs8._.js:776
[  356828ms] [LOG] [Fast Refresh] done in 1401ms @ http://localhost:3000/_next/static/chunks/node_modules_next_dist_1e8vcs8._.js:776
[  356891ms] [LOG] [Fast Refresh] done in 1401ms @ http://localhost:3000/_next/static/chunks/node_modules_next_dist_1e8vcs8._.js:776
[  356968ms] [LOG] [Fast Refresh] done in 1401ms @ http://localhost:3000/_next/static/chunks/node_modules_next_dist_1e8vcs8._.js:776
[  357030ms] [LOG] [Fast Refresh] done in 1401ms @ http://localhost:3000/_next/static/chunks/node_modules_next_dist_1e8vcs8._.js:776
[  357094ms] [LOG] [Fast Refresh] done in 1401ms @ http://localhost:3000/_next/static/chunks/node_modules_next_dist_1e8vcs8._.js:776
[  357156ms] [LOG] [Fast Refresh] done in 1401ms @ http://localhost:3000/_next/static/chunks/node_modules_next_dist_1e8vcs8._.js:776
[  357219ms] [LOG] [Fast Refresh] done in 1401ms @ http://localhost:3000/_next/static/chunks/node_modules_next_dist_1e8vcs8._.js:776
[  357282ms] [LOG] [Fast Refresh] done in 1401ms @ http://localhost:3000/_next/static/chunks/node_modules_next_dist_1e8vcs8._.js:776
[  357345ms] [LOG] [Fast Refresh] done in 1401ms @ http://localhost:3000/_next/static/chunks/node_modules_next_dist_1e8vcs8._.js:776
[  357408ms] [LOG] [Fast Refresh] done in 1401ms @ http://localhost:3000/_next/static/chunks/node_modules_next_dist_1e8vcs8._.js:776
[  357470ms] [LOG] [Fast Refresh] done in 1401ms @ http://localhost:3000/_next/static/chunks/node_modules_next_dist_1e8vcs8._.js:776
[  357531ms] [LOG] [Fast Refresh] done in 1401ms @ http://localhost:3000/_next/static/chunks/node_modules_next_dist_1e8vcs8._.js:776
[  357595ms] [LOG] [Fast Refresh] done in 1401ms @ http://localhost:3000/_next/static/chunks/node_modules_next_dist_1e8vcs8._.js:776
[  357658ms] [LOG] [Fast Refresh] done in 1401ms @ http://localhost:3000/_next/static/chunks/node_modules_next_dist_1e8vcs8._.js:776
[  357722ms] [LOG] [Fast Refresh] done in 1401ms @ http://localhost:3000/_next/static/chunks/node_modules_next_dist_1e8vcs8._.js:776
[  357785ms] [LOG] [Fast Refresh] done in 1401ms @ http://localhost:3000/_next/static/chunks/node_modules_next_dist_1e8vcs8._.js:776
[  357849ms] [LOG] [Fast Refresh] done in 1401ms @ http://localhost:3000/_next/static/chunks/node_modules_next_dist_1e8vcs8._.js:776
[  357911ms] [LOG] [Fast Refresh] done in 1401ms @ http://localhost:3000/_next/static/chunks/node_modules_next_dist_1e8vcs8._.js:776
[  357975ms] [LOG] [Fast Refresh] done in 1401ms @ http://localhost:3000/_next/static/chunks/node_modules_next_dist_1e8vcs8._.js:776
[  358038ms] [LOG] [Fast Refresh] done in 1401ms @ http://localhost:3000/_next/static/chunks/node_modules_next_dist_1e8vcs8._.js:776
[  358099ms] [LOG] [Fast Refresh] done in 1401ms @ http://localhost:3000/_next/static/chunks/node_modules_next_dist_1e8vcs8._.js:776
[  358162ms] [LOG] [Fast Refresh] done in 1401ms @ http://localhost:3000/_next/static/chunks/node_modules_next_dist_1e8vcs8._.js:776
[  358224ms] [LOG] [Fast Refresh] done in 1401ms @ http://localhost:3000/_next/static/chunks/node_modules_next_dist_1e8vcs8._.js:776
[  358287ms] [LOG] [Fast Refresh] done in 1401ms @ http://localhost:3000/_next/static/chunks/node_modules_next_dist_1e8vcs8._.js:776
[  358351ms] [LOG] [Fast Refresh] done in 1401ms @ http://localhost:3000/_next/static/chunks/node_modules_next_dist_1e8vcs8._.js:776
[  358456ms] [LOG] [Fast Refresh] done in 1401ms @ http://localhost:3000/_next/static/chunks/node_modules_next_dist_1e8vcs8._.js:776
[  358523ms] [LOG] [Fast Refresh] done in 1401ms @ http://localhost:3000/_next/static/chunks/node_modules_next_dist_1e8vcs8._.js:776
[  358585ms] [LOG] [Fast Refresh] done in 1401ms @ http://localhost:3000/_next/static/chunks/node_modules_next_dist_1e8vcs8._.js:776
[  358649ms] [LOG] [Fast Refresh] done in 1401ms @ http://localhost:3000/_next/static/chunks/node_modules_next_dist_1e8vcs8._.js:776
[  358711ms] [LOG] [Fast Refresh] done in 1401ms @ http://localhost:3000/_next/static/chunks/node_modules_next_dist_1e8vcs8._.js:776
[  358773ms] [LOG] [Fast Refresh] done in 1401ms @ http://localhost:3000/_next/static/chunks/node_modules_next_dist_1e8vcs8._.js:776
[  358836ms] [LOG] [Fast Refresh] done in 1401ms @ http://localhost:3000/_next/static/chunks/node_modules_next_dist_1e8vcs8._.js:776
[  358899ms] [LOG] [Fast Refresh] done in 1401ms @ http://localhost:3000/_next/static/chunks/node_modules_next_dist_1e8vcs8._.js:776
[  358963ms] [LOG] [Fast Refresh] done in 1401ms @ http://localhost:3000/_next/static/chunks/node_modules_next_dist_1e8vcs8._.js:776
[  359027ms] [LOG] [Fast Refresh] done in 1401ms @ http://localhost:3000/_next/static/chunks/node_modules_next_dist_1e8vcs8._.js:776
[  359104ms] [LOG] [Fast Refresh] done in 1401ms @ http://localhost:3000/_next/static/chunks/node_modules_next_dist_1e8vcs8._.js:776
[  359167ms] [LOG] [Fast Refresh] done in 1401ms @ http://localhost:3000/_next/static/chunks/node_modules_next_dist_1e8vcs8._.js:776
[  359231ms] [LOG] [Fast Refresh] done in 1401ms @ http://localhost:3000/_next/static/chunks/node_modules_next_dist_1e8vcs8._.js:776
[  359294ms] [LOG] [Fast Refresh] done in 1401ms @ http://localhost:3000/_next/static/chunks/node_modules_next_dist_1e8vcs8._.js:776
[  359356ms] [LOG] [Fast Refresh] done in 1401ms @ http://localhost:3000/_next/static/chunks/node_modules_next_dist_1e8vcs8._.js:776
[  359420ms] [LOG] [Fast Refresh] done in 1401ms @ http://localhost:3000/_next/static/chunks/node_modules_next_dist_1e8vcs8._.js:776
[  359483ms] [LOG] [Fast Refresh] done in 1401ms @ http://localhost:3000/_next/static/chunks/node_modules_next_dist_1e8vcs8._.js:776
[  359560ms] [LOG] [Fast Refresh] done in 1401ms @ http://localhost:3000/_next/static/chunks/node_modules_next_dist_1e8vcs8._.js:776
[  359622ms] [LOG] [Fast Refresh] done in 1401ms @ http://localhost:3000/_next/static/chunks/node_modules_next_dist_1e8vcs8._.js:776
[  359684ms] [LOG] [Fast Refresh] done in 1401ms @ http://localhost:3000/_next/static/chunks/node_modules_next_dist_1e8vcs8._.js:776
[  359746ms] [LOG] [Fast Refresh] done in 1401ms @ http://localhost:3000/_next/static/chunks/node_modules_next_dist_1e8vcs8._.js:776
[  359810ms] [LOG] [Fast Refresh] done in 1401ms @ http://localhost:3000/_next/static/chunks/node_modules_next_dist_1e8vcs8._.js:776
[  359872ms] [LOG] [Fast Refresh] done in 1401ms @ http://localhost:3000/_next/static/chunks/node_modules_next_dist_1e8vcs8._.js:776
[  359936ms] [LOG] [Fast Refresh] done in 1401ms @ http://localhost:3000/_next/static/chunks/node_modules_next_dist_1e8vcs8._.js:776
[  359998ms] [LOG] [Fast Refresh] done in 1401ms @ http://localhost:3000/_next/static/chunks/node_modules_next_dist_1e8vcs8._.js:776
[  360062ms] [LOG] [Fast Refresh] done in 1401ms @ http://localhost:3000/_next/static/chunks/node_modules_next_dist_1e8vcs8._.js:776
[  360140ms] [LOG] [Fast Refresh] done in 1401ms @ http://localhost:3000/_next/static/chunks/node_modules_next_dist_1e8vcs8._.js:776
[  360204ms] [LOG] [Fast Refresh] done in 1401ms @ http://localhost:3000/_next/static/chunks/node_modules_next_dist_1e8vcs8._.js:776
[  360268ms] [LOG] [Fast Refresh] done in 1401ms @ http://localhost:3000/_next/static/chunks/node_modules_next_dist_1e8vcs8._.js:776
[  360365ms] [LOG] [Fast Refresh] done in 1401ms @ http://localhost:3000/_next/static/chunks/node_modules_next_dist_1e8vcs8._.js:776
[  360655ms] [LOG] [Fast Refresh] done in 1401ms @ http://localhost:3000/_next/static/chunks/node_modules_next_dist_1e8vcs8._.js:776
[  360724ms] [LOG] [Fast Refresh] done in 1401ms @ http://localhost:3000/_next/static/chunks/node_modules_next_dist_1e8vcs8._.js:776
[  360799ms] [LOG] [Fast Refresh] done in 1401ms @ http://localhost:3000/_next/static/chunks/node_modules_next_dist_1e8vcs8._.js:776
[  360878ms] [LOG] [Fast Refresh] done in 1401ms @ http://localhost:3000/_next/static/chunks/node_modules_next_dist_1e8vcs8._.js:776
[  360942ms] [LOG] [Fast Refresh] done in 1401ms @ http://localhost:3000/_next/static/chunks/node_modules_next_dist_1e8vcs8._.js:776
[  361018ms] [LOG] [Fast Refresh] done in 1401ms @ http://localhost:3000/_next/static/chunks/node_modules_next_dist_1e8vcs8._.js:776
[  361100ms] [LOG] [Fast Refresh] done in 1401ms @ http://localhost:3000/_next/static/chunks/node_modules_next_dist_1e8vcs8._.js:776
[  361162ms] [LOG] [Fast Refresh] done in 1401ms @ http://localhost:3000/_next/static/chunks/node_modules_next_dist_1e8vcs8._.js:776
[  361225ms] [LOG] [Fast Refresh] done in 1401ms @ http://localhost:3000/_next/static/chunks/node_modules_next_dist_1e8vcs8._.js:776
[  361303ms] [LOG] [Fast Refresh] done in 1401ms @ http://localhost:3000/_next/static/chunks/node_modules_next_dist_1e8vcs8._.js:776
[  361382ms] [LOG] [Fast Refresh] done in 1401ms @ http://localhost:3000/_next/static/chunks/node_modules_next_dist_1e8vcs8._.js:776
[  361445ms] [LOG] [Fast Refresh] done in 1401ms @ http://localhost:3000/_next/static/chunks/node_modules_next_dist_1e8vcs8._.js:776
[  361520ms] [LOG] [Fast Refresh] done in 1401ms @ http://localhost:3000/_next/static/chunks/node_modules_next_dist_1e8vcs8._.js:776
[  361598ms] [LOG] [Fast Refresh] done in 1401ms @ http://localhost:3000/_next/static/chunks/node_modules_next_dist_1e8vcs8._.js:776
[  361662ms] [LOG] [Fast Refresh] done in 1401ms @ http://localhost:3000/_next/static/chunks/node_modules_next_dist_1e8vcs8._.js:776
[  361728ms] [LOG] [Fast Refresh] done in 1401ms @ http://localhost:3000/_next/static/chunks/node_modules_next_dist_1e8vcs8._.js:776
[  361804ms] [LOG] [Fast Refresh] done in 1401ms @ http://localhost:3000/_next/static/chunks/node_modules_next_dist_1e8vcs8._.js:776
[  361881ms] [LOG] [Fast Refresh] done in 1401ms @ http://localhost:3000/_next/static/chunks/node_modules_next_dist_1e8vcs8._.js:776
[  361958ms] [LOG] [Fast Refresh] done in 1401ms @ http://localhost:3000/_next/static/chunks/node_modules_next_dist_1e8vcs8._.js:776
[  362037ms] [LOG] [Fast Refresh] done in 1401ms @ http://localhost:3000/_next/static/chunks/node_modules_next_dist_1e8vcs8._.js:776
[  362114ms] [LOG] [Fast Refresh] done in 1401ms @ http://localhost:3000/_next/static/chunks/node_modules_next_dist_1e8vcs8._.js:776
[  362176ms] [LOG] [Fast Refresh] done in 1401ms @ http://localhost:3000/_next/static/chunks/node_modules_next_dist_1e8vcs8._.js:776
[  362254ms] [LOG] [Fast Refresh] done in 1401ms @ http://localhost:3000/_next/static/chunks/node_modules_next_dist_1e8vcs8._.js:776
[  362332ms] [LOG] [Fast Refresh] done in 1401ms @ http://localhost:3000/_next/static/chunks/node_modules_next_dist_1e8vcs8._.js:776
[  362412ms] [LOG] [Fast Refresh] done in 1401ms @ http://localhost:3000/_next/static/chunks/node_modules_next_dist_1e8vcs8._.js:776
[  362472ms] [LOG] [Fast Refresh] done in 1401ms @ http://localhost:3000/_next/static/chunks/node_modules_next_dist_1e8vcs8._.js:776
[  362535ms] [LOG] [Fast Refresh] done in 1401ms @ http://localhost:3000/_next/static/chunks/node_modules_next_dist_1e8vcs8._.js:776
[  362597ms] [LOG] [Fast Refresh] done in 1401ms @ http://localhost:3000/_next/static/chunks/node_modules_next_dist_1e8vcs8._.js:776
[  362660ms] [LOG] [Fast Refresh] done in 1401ms @ http://localhost:3000/_next/static/chunks/node_modules_next_dist_1e8vcs8._.js:776
[  362737ms] [LOG] [Fast Refresh] done in 1401ms @ http://localhost:3000/_next/static/chunks/node_modules_next_dist_1e8vcs8._.js:776
[  362799ms] [LOG] [Fast Refresh] done in 1401ms @ http://localhost:3000/_next/static/chunks/node_modules_next_dist_1e8vcs8._.js:776
[  362862ms] [LOG] [Fast Refresh] done in 1401ms @ http://localhost:3000/_next/static/chunks/node_modules_next_dist_1e8vcs8._.js:776
[  362929ms] [LOG] [Fast Refresh] done in 1401ms @ http://localhost:3000/_next/static/chunks/node_modules_next_dist_1e8vcs8._.js:776
[  362989ms] [LOG] [Fast Refresh] done in 1401ms @ http://localhost:3000/_next/static/chunks/node_modules_next_dist_1e8vcs8._.js:776
[  363052ms] [LOG] [Fast Refresh] done in 1401ms @ http://localhost:3000/_next/static/chunks/node_modules_next_dist_1e8vcs8._.js:776
[  363129ms] [LOG] [Fast Refresh] done in 1401ms @ http://localhost:3000/_next/static/chunks/node_modules_next_dist_1e8vcs8._.js:776
[  363208ms] [LOG] [Fast Refresh] done in 1401ms @ http://localhost:3000/_next/static/chunks/node_modules_next_dist_1e8vcs8._.js:776
[  363270ms] [LOG] [Fast Refresh] done in 1401ms @ http://localhost:3000/_next/static/chunks/node_modules_next_dist_1e8vcs8._.js:776
[  363334ms] [LOG] [Fast Refresh] done in 1401ms @ http://localhost:3000/_next/static/chunks/node_modules_next_dist_1e8vcs8._.js:776
[  363397ms] [LOG] [Fast Refresh] done in 1401ms @ http://localhost:3000/_next/static/chunks/node_modules_next_dist_1e8vcs8._.js:776
[  363460ms] [LOG] [Fast Refresh] done in 1401ms @ http://localhost:3000/_next/static/chunks/node_modules_next_dist_1e8vcs8._.js:776
[  363523ms] [LOG] [Fast Refresh] done in 1401ms @ http://localhost:3000/_next/static/chunks/node_modules_next_dist_1e8vcs8._.js:776
[  363601ms] [LOG] [Fast Refresh] done in 1401ms @ http://localhost:3000/_next/static/chunks/node_modules_next_dist_1e8vcs8._.js:776
[  363663ms] [LOG] [Fast Refresh] done in 1401ms @ http://localhost:3000/_next/static/chunks/node_modules_next_dist_1e8vcs8._.js:776
[  363724ms] [LOG] [Fast Refresh] done in 1401ms @ http://localhost:3000/_next/static/chunks/node_modules_next_dist_1e8vcs8._.js:776
[  363788ms] [LOG] [Fast Refresh] done in 1401ms @ http://localhost:3000/_next/static/chunks/node_modules_next_dist_1e8vcs8._.js:776
[  363850ms] [LOG] [Fast Refresh] done in 1401ms @ http://localhost:3000/_next/static/chunks/node_modules_next_dist_1e8vcs8._.js:776
[  363911ms] [LOG] [Fast Refresh] done in 1401ms @ http://localhost:3000/_next/static/chunks/node_modules_next_dist_1e8vcs8._.js:776
[  363974ms] [LOG] [Fast Refresh] done in 1401ms @ http://localhost:3000/_next/static/chunks/node_modules_next_dist_1e8vcs8._.js:776
[  364198ms] [LOG] [Fast Refresh] done in 1401ms @ http://localhost:3000/_next/static/chunks/node_modules_next_dist_1e8vcs8._.js:776
[  364418ms] [LOG] [Fast Refresh] done in 1401ms @ http://localhost:3000/_next/static/chunks/node_modules_next_dist_1e8vcs8._.js:776
[  364488ms] [LOG] [Fast Refresh] done in 1401ms @ http://localhost:3000/_next/static/chunks/node_modules_next_dist_1e8vcs8._.js:776
[  364586ms] [LOG] [Fast Refresh] done in 1401ms @ http://localhost:3000/_next/static/chunks/node_modules_next_dist_1e8vcs8._.js:776
[  364663ms] [LOG] [Fast Refresh] done in 1401ms @ http://localhost:3000/_next/static/chunks/node_modules_next_dist_1e8vcs8._.js:776
[  364741ms] [LOG] [Fast Refresh] done in 1401ms @ http://localhost:3000/_next/static/chunks/node_modules_next_dist_1e8vcs8._.js:776
[  364803ms] [LOG] [Fast Refresh] done in 1401ms @ http://localhost:3000/_next/static/chunks/node_modules_next_dist_1e8vcs8._.js:776
[  364881ms] [LOG] [Fast Refresh] done in 1401ms @ http://localhost:3000/_next/static/chunks/node_modules_next_dist_1e8vcs8._.js:776
[  364943ms] [LOG] [Fast Refresh] done in 1401ms @ http://localhost:3000/_next/static/chunks/node_modules_next_dist_1e8vcs8._.js:776
[  365021ms] [LOG] [Fast Refresh] done in 1401ms @ http://localhost:3000/_next/static/chunks/node_modules_next_dist_1e8vcs8._.js:776
[  365082ms] [LOG] [Fast Refresh] done in 1401ms @ http://localhost:3000/_next/static/chunks/node_modules_next_dist_1e8vcs8._.js:776
[  365147ms] [LOG] [Fast Refresh] done in 1401ms @ http://localhost:3000/_next/static/chunks/node_modules_next_dist_1e8vcs8._.js:776
[  365222ms] [LOG] [Fast Refresh] done in 1401ms @ http://localhost:3000/_next/static/chunks/node_modules_next_dist_1e8vcs8._.js:776
[  365284ms] [LOG] [Fast Refresh] done in 1401ms @ http://localhost:3000/_next/static/chunks/node_modules_next_dist_1e8vcs8._.js:776
[  365347ms] [LOG] [Fast Refresh] done in 1401ms @ http://localhost:3000/_next/static/chunks/node_modules_next_dist_1e8vcs8._.js:776
[  365410ms] [LOG] [Fast Refresh] done in 1401ms @ http://localhost:3000/_next/static/chunks/node_modules_next_dist_1e8vcs8._.js:776
[  365476ms] [LOG] [Fast Refresh] done in 1401ms @ http://localhost:3000/_next/static/chunks/node_modules_next_dist_1e8vcs8._.js:776
[  365537ms] [LOG] [Fast Refresh] done in 1401ms @ http://localhost:3000/_next/static/chunks/node_modules_next_dist_1e8vcs8._.js:776
[  365628ms] [LOG] [Fast Refresh] done in 1401ms @ http://localhost:3000/_next/static/chunks/node_modules_next_dist_1e8vcs8._.js:776
[  365776ms] [LOG] [Fast Refresh] done in 1401ms @ http://localhost:3000/_next/static/chunks/node_modules_next_dist_1e8vcs8._.js:776
[  365881ms] [LOG] [Fast Refresh] done in 1401ms @ http://localhost:3000/_next/static/chunks/node_modules_next_dist_1e8vcs8._.js:776
[  365997ms] [LOG] [Fast Refresh] done in 1401ms @ http://localhost:3000/_next/static/chunks/node_modules_next_dist_1e8vcs8._.js:776
[  366087ms] [LOG] [Fast Refresh] done in 1401ms @ http://localhost:3000/_next/static/chunks/node_modules_next_dist_1e8vcs8._.js:776
[  366163ms] [LOG] [Fast Refresh] done in 1401ms @ http://localhost:3000/_next/static/chunks/node_modules_next_dist_1e8vcs8._.js:776
[  366228ms] [LOG] [Fast Refresh] done in 1401ms @ http://localhost:3000/_next/static/chunks/node_modules_next_dist_1e8vcs8._.js:776
[  366289ms] [LOG] [Fast Refresh] done in 1401ms @ http://localhost:3000/_next/static/chunks/node_modules_next_dist_1e8vcs8._.js:776
[  366367ms] [LOG] [Fast Refresh] done in 1401ms @ http://localhost:3000/_next/static/chunks/node_modules_next_dist_1e8vcs8._.js:776
[  366431ms] [LOG] [Fast Refresh] done in 1401ms @ http://localhost:3000/_next/static/chunks/node_modules_next_dist_1e8vcs8._.js:776
[  366492ms] [LOG] [Fast Refresh] done in 1401ms @ http://localhost:3000/_next/static/chunks/node_modules_next_dist_1e8vcs8._.js:776
[  366570ms] [LOG] [Fast Refresh] done in 1401ms @ http://localhost:3000/_next/static/chunks/node_modules_next_dist_1e8vcs8._.js:776
[  366648ms] [LOG] [Fast Refresh] done in 1401ms @ http://localhost:3000/_next/static/chunks/node_modules_next_dist_1e8vcs8._.js:776
[  366767ms] [LOG] [Fast Refresh] done in 1401ms @ http://localhost:3000/_next/static/chunks/node_modules_next_dist_1e8vcs8._.js:776
[  367119ms] [LOG] [Fast Refresh] done in 1401ms @ http://localhost:3000/_next/static/chunks/node_modules_next_dist_1e8vcs8._.js:776
[  367361ms] [LOG] [Fast Refresh] done in 1401ms @ http://localhost:3000/_next/static/chunks/node_modules_next_dist_1e8vcs8._.js:776
[  367433ms] [LOG] [Fast Refresh] done in 1401ms @ http://localhost:3000/_next/static/chunks/node_modules_next_dist_1e8vcs8._.js:776
[  367510ms] [LOG] [Fast Refresh] done in 1401ms @ http://localhost:3000/_next/static/chunks/node_modules_next_dist_1e8vcs8._.js:776
[  367572ms] [LOG] [Fast Refresh] done in 1401ms @ http://localhost:3000/_next/static/chunks/node_modules_next_dist_1e8vcs8._.js:776
[  367648ms] [LOG] [Fast Refresh] done in 1401ms @ http://localhost:3000/_next/static/chunks/node_modules_next_dist_1e8vcs8._.js:776
[  367716ms] [LOG] [Fast Refresh] done in 1401ms @ http://localhost:3000/_next/static/chunks/node_modules_next_dist_1e8vcs8._.js:776
[  367779ms] [LOG] [Fast Refresh] done in 1401ms @ http://localhost:3000/_next/static/chunks/node_modules_next_dist_1e8vcs8._.js:776
[  367857ms] [LOG] [Fast Refresh] done in 1401ms @ http://localhost:3000/_next/static/chunks/node_modules_next_dist_1e8vcs8._.js:776
[  367948ms] [LOG] [Fast Refresh] done in 1401ms @ http://localhost:3000/_next/static/chunks/node_modules_next_dist_1e8vcs8._.js:776
[  368036ms] [LOG] [Fast Refresh] done in 1401ms @ http://localhost:3000/_next/static/chunks/node_modules_next_dist_1e8vcs8._.js:776
[  368149ms] [LOG] [Fast Refresh] done in 1401ms @ http://localhost:3000/_next/static/chunks/node_modules_next_dist_1e8vcs8._.js:776
[  368255ms] [LOG] [Fast Refresh] done in 1401ms @ http://localhost:3000/_next/static/chunks/node_modules_next_dist_1e8vcs8._.js:776
[  368376ms] [LOG] [Fast Refresh] done in 1401ms @ http://localhost:3000/_next/static/chunks/node_modules_next_dist_1e8vcs8._.js:776
[  368469ms] [LOG] [Fast Refresh] done in 1401ms @ http://localhost:3000/_next/static/chunks/node_modules_next_dist_1e8vcs8._.js:776
[  368532ms] [LOG] [Fast Refresh] done in 1401ms @ http://localhost:3000/_next/static/chunks/node_modules_next_dist_1e8vcs8._.js:776
[  368612ms] [LOG] [Fast Refresh] done in 1401ms @ http://localhost:3000/_next/static/chunks/node_modules_next_dist_1e8vcs8._.js:776
[  368674ms] [LOG] [Fast Refresh] done in 1401ms @ http://localhost:3000/_next/static/chunks/node_modules_next_dist_1e8vcs8._.js:776
[  368739ms] [LOG] [Fast Refresh] done in 1401ms @ http://localhost:3000/_next/static/chunks/node_modules_next_dist_1e8vcs8._.js:776
[  368815ms] [LOG] [Fast Refresh] done in 1401ms @ http://localhost:3000/_next/static/chunks/node_modules_next_dist_1e8vcs8._.js:776
[  368976ms] [LOG] [Fast Refresh] done in 1401ms @ http://localhost:3000/_next/static/chunks/node_modules_next_dist_1e8vcs8._.js:776
[  369063ms] [LOG] [Fast Refresh] done in 1401ms @ http://localhost:3000/_next/static/chunks/node_modules_next_dist_1e8vcs8._.js:776
[  369142ms] [LOG] [Fast Refresh] done in 1401ms @ http://localhost:3000/_next/static/chunks/node_modules_next_dist_1e8vcs8._.js:776
[  369206ms] [LOG] [Fast Refresh] done in 1401ms @ http://localhost:3000/_next/static/chunks/node_modules_next_dist_1e8vcs8._.js:776
[  369292ms] [LOG] [Fast Refresh] done in 1401ms @ http://localhost:3000/_next/static/chunks/node_modules_next_dist_1e8vcs8._.js:776
[  369374ms] [LOG] [Fast Refresh] done in 1401ms @ http://localhost:3000/_next/static/chunks/node_modules_next_dist_1e8vcs8._.js:776
[  369493ms] [LOG] [Fast Refresh] done in 1401ms @ http://localhost:3000/_next/static/chunks/node_modules_next_dist_1e8vcs8._.js:776
[  369596ms] [LOG] [Fast Refresh] done in 1401ms @ http://localhost:3000/_next/static/chunks/node_modules_next_dist_1e8vcs8._.js:776
[  369673ms] [LOG] [Fast Refresh] done in 1401ms @ http://localhost:3000/_next/static/chunks/node_modules_next_dist_1e8vcs8._.js:776
[  369751ms] [LOG] [Fast Refresh] done in 1401ms @ http://localhost:3000/_next/static/chunks/node_modules_next_dist_1e8vcs8._.js:776
[  369813ms] [LOG] [Fast Refresh] done in 1401ms @ http://localhost:3000/_next/static/chunks/node_modules_next_dist_1e8vcs8._.js:776
[  369890ms] [LOG] [Fast Refresh] done in 1401ms @ http://localhost:3000/_next/static/chunks/node_modules_next_dist_1e8vcs8._.js:776
[  369984ms] [LOG] [Fast Refresh] done in 1401ms @ http://localhost:3000/_next/static/chunks/node_modules_next_dist_1e8vcs8._.js:776
[  370046ms] [LOG] [Fast Refresh] done in 1401ms @ http://localhost:3000/_next/static/chunks/node_modules_next_dist_1e8vcs8._.js:776
[  370109ms] [LOG] [Fast Refresh] done in 1401ms @ http://localhost:3000/_next/static/chunks/node_modules_next_dist_1e8vcs8._.js:776
[  370172ms] [LOG] [Fast Refresh] done in 1401ms @ http://localhost:3000/_next/static/chunks/node_modules_next_dist_1e8vcs8._.js:776
[  370235ms] [LOG] [Fast Refresh] done in 1401ms @ http://localhost:3000/_next/static/chunks/node_modules_next_dist_1e8vcs8._.js:776
[  370298ms] [LOG] [Fast Refresh] done in 1401ms @ http://localhost:3000/_next/static/chunks/node_modules_next_dist_1e8vcs8._.js:776
[  553487ms] [LOG] [Fast Refresh] rebuilding @ http://localhost:3000/_next/static/chunks/node_modules_next_dist_1e8vcs8._.js:776
[  553578ms] [LOG] [Fast Refresh] done in 193ms @ http://localhost:3000/_next/static/chunks/node_modules_next_dist_1e8vcs8._.js:776
[  670430ms] [LOG] [Fast Refresh] rebuilding @ http://localhost:3000/_next/static/chunks/node_modules_next_dist_1e8vcs8._.js:776
[  670448ms] [LOG] [Fast Refresh] done in 129ms @ http://localhost:3000/_next/static/chunks/node_modules_next_dist_1e8vcs8._.js:776
[ 1708587ms] [LOG] [Fast Refresh] rebuilding @ http://localhost:3000/_next/static/chunks/node_modules_next_dist_1e8vcs8._.js:776
[ 1709447ms] [LOG] [Fast Refresh] done in 903ms @ http://localhost:3000/_next/static/chunks/node_modules_next_dist_1e8vcs8._.js:776
[ 1709747ms] [LOG] [Fast Refresh] done in 903ms @ http://localhost:3000/_next/static/chunks/node_modules_next_dist_1e8vcs8._.js:776
[ 1709865ms] [LOG] [Fast Refresh] done in 903ms @ http://localhost:3000/_next/static/chunks/node_modules_next_dist_1e8vcs8._.js:776
[ 1709945ms] [LOG] [Fast Refresh] done in 903ms @ http://localhost:3000/_next/static/chunks/node_modules_next_dist_1e8vcs8._.js:776
[ 1710038ms] [LOG] [Fast Refresh] done in 903ms @ http://localhost:3000/_next/static/chunks/node_modules_next_dist_1e8vcs8._.js:776
[ 1722246ms] [LOG] [Fast Refresh] rebuilding @ http://localhost:3000/_next/static/chunks/node_modules_next_dist_1e8vcs8._.js:776
[ 1723925ms] [LOG] [Fast Refresh] done in 1681ms @ http://localhost:3000/_next/static/chunks/node_modules_next_dist_1e8vcs8._.js:776
[ 1724042ms] [LOG] [Fast Refresh] done in 1681ms @ http://localhost:3000/_next/static/chunks/node_modules_next_dist_1e8vcs8._.js:776
[ 1738823ms] [LOG] [Fast Refresh] rebuilding @ http://localhost:3000/_next/static/chunks/node_modules_next_dist_1e8vcs8._.js:776
[ 1739574ms] [LOG] [Fast Refresh] done in 814ms @ http://localhost:3000/_next/static/chunks/node_modules_next_dist_1e8vcs8._.js:776
[ 1747051ms] [LOG] [Fast Refresh] rebuilding @ http://localhost:3000/_next/static/chunks/node_modules_next_dist_1e8vcs8._.js:776
[ 1747728ms] [LOG] [Fast Refresh] done in 701ms @ http://localhost:3000/_next/static/chunks/node_modules_next_dist_1e8vcs8._.js:776
[ 1747926ms] [LOG] [Fast Refresh] done in 701ms @ http://localhost:3000/_next/static/chunks/node_modules_next_dist_1e8vcs8._.js:776
[ 1748122ms] [LOG] [Fast Refresh] done in 701ms @ http://localhost:3000/_next/static/chunks/node_modules_next_dist_1e8vcs8._.js:776
[ 1748191ms] [LOG] [Fast Refresh] done in 701ms @ http://localhost:3000/_next/static/chunks/node_modules_next_dist_1e8vcs8._.js:776
[ 1748269ms] [LOG] [Fast Refresh] done in 701ms @ http://localhost:3000/_next/static/chunks/node_modules_next_dist_1e8vcs8._.js:776
[ 1748345ms] [LOG] [Fast Refresh] done in 701ms @ http://localhost:3000/_next/static/chunks/node_modules_next_dist_1e8vcs8._.js:776
[ 1748423ms] [LOG] [Fast Refresh] done in 701ms @ http://localhost:3000/_next/static/chunks/node_modules_next_dist_1e8vcs8._.js:776
[ 1748503ms] [LOG] [Fast Refresh] done in 701ms @ http://localhost:3000/_next/static/chunks/node_modules_next_dist_1e8vcs8._.js:776
[ 1748582ms] [LOG] [Fast Refresh] done in 701ms @ http://localhost:3000/_next/static/chunks/node_modules_next_dist_1e8vcs8._.js:776
[ 1748661ms] [LOG] [Fast Refresh] done in 701ms @ http://localhost:3000/_next/static/chunks/node_modules_next_dist_1e8vcs8._.js:776
[ 1748739ms] [LOG] [Fast Refresh] done in 701ms @ http://localhost:3000/_next/static/chunks/node_modules_next_dist_1e8vcs8._.js:776
[ 1748817ms] [LOG] [Fast Refresh] done in 701ms @ http://localhost:3000/_next/static/chunks/node_modules_next_dist_1e8vcs8._.js:776
[ 1748895ms] [LOG] [Fast Refresh] done in 701ms @ http://localhost:3000/_next/static/chunks/node_modules_next_dist_1e8vcs8._.js:776
[ 1748974ms] [LOG] [Fast Refresh] done in 701ms @ http://localhost:3000/_next/static/chunks/node_modules_next_dist_1e8vcs8._.js:776
[ 1749052ms] [LOG] [Fast Refresh] done in 701ms @ http://localhost:3000/_next/static/chunks/node_modules_next_dist_1e8vcs8._.js:776
[ 1749130ms] [LOG] [Fast Refresh] done in 701ms @ http://localhost:3000/_next/static/chunks/node_modules_next_dist_1e8vcs8._.js:776
[ 1749208ms] [LOG] [Fast Refresh] done in 701ms @ http://localhost:3000/_next/static/chunks/node_modules_next_dist_1e8vcs8._.js:776
[ 1749287ms] [LOG] [Fast Refresh] done in 701ms @ http://localhost:3000/_next/static/chunks/node_modules_next_dist_1e8vcs8._.js:776
[ 1749366ms] [LOG] [Fast Refresh] done in 701ms @ http://localhost:3000/_next/static/chunks/node_modules_next_dist_1e8vcs8._.js:776
[ 1749445ms] [LOG] [Fast Refresh] done in 701ms @ http://localhost:3000/_next/static/chunks/node_modules_next_dist_1e8vcs8._.js:776
[ 1749523ms] [LOG] [Fast Refresh] done in 701ms @ http://localhost:3000/_next/static/chunks/node_modules_next_dist_1e8vcs8._.js:776
[ 1749602ms] [LOG] [Fast Refresh] done in 701ms @ http://localhost:3000/_next/static/chunks/node_modules_next_dist_1e8vcs8._.js:776
[ 1749680ms] [LOG] [Fast Refresh] done in 701ms @ http://localhost:3000/_next/static/chunks/node_modules_next_dist_1e8vcs8._.js:776
[ 1749876ms] [LOG] [Fast Refresh] done in 701ms @ http://localhost:3000/_next/static/chunks/node_modules_next_dist_1e8vcs8._.js:776
[ 1749952ms] [LOG] [Fast Refresh] done in 701ms @ http://localhost:3000/_next/static/chunks/node_modules_next_dist_1e8vcs8._.js:776
[ 1750029ms] [LOG] [Fast Refresh] done in 701ms @ http://localhost:3000/_next/static/chunks/node_modules_next_dist_1e8vcs8._.js:776
[ 1750107ms] [LOG] [Fast Refresh] done in 701ms @ http://localhost:3000/_next/static/chunks/node_modules_next_dist_1e8vcs8._.js:776
[ 1750187ms] [LOG] [Fast Refresh] done in 701ms @ http://localhost:3000/_next/static/chunks/node_modules_next_dist_1e8vcs8._.js:776
[ 1750265ms] [LOG] [Fast Refresh] done in 701ms @ http://localhost:3000/_next/static/chunks/node_modules_next_dist_1e8vcs8._.js:776
[ 1750345ms] [LOG] [Fast Refresh] done in 701ms @ http://localhost:3000/_next/static/chunks/node_modules_next_dist_1e8vcs8._.js:776
[ 1750424ms] [LOG] [Fast Refresh] done in 701ms @ http://localhost:3000/_next/static/chunks/node_modules_next_dist_1e8vcs8._.js:776
[ 1750501ms] [LOG] [Fast Refresh] done in 701ms @ http://localhost:3000/_next/static/chunks/node_modules_next_dist_1e8vcs8._.js:776
[ 1750580ms] [LOG] [Fast Refresh] done in 701ms @ http://localhost:3000/_next/static/chunks/node_modules_next_dist_1e8vcs8._.js:776
[ 1750658ms] [LOG] [Fast Refresh] done in 701ms @ http://localhost:3000/_next/static/chunks/node_modules_next_dist_1e8vcs8._.js:776
[ 1750736ms] [LOG] [Fast Refresh] done in 701ms @ http://localhost:3000/_next/static/chunks/node_modules_next_dist_1e8vcs8._.js:776
[ 1750815ms] [LOG] [Fast Refresh] done in 701ms @ http://localhost:3000/_next/static/chunks/node_modules_next_dist_1e8vcs8._.js:776
[ 1750893ms] [LOG] [Fast Refresh] done in 701ms @ http://localhost:3000/_next/static/chunks/node_modules_next_dist_1e8vcs8._.js:776
[ 1750972ms] [LOG] [Fast Refresh] done in 701ms @ http://localhost:3000/_next/static/chunks/node_modules_next_dist_1e8vcs8._.js:776
[ 1751049ms] [LOG] [Fast Refresh] done in 701ms @ http://localhost:3000/_next/static/chunks/node_modules_next_dist_1e8vcs8._.js:776
[ 1751129ms] [LOG] [Fast Refresh] done in 701ms @ http://localhost:3000/_next/static/chunks/node_modules_next_dist_1e8vcs8._.js:776
[ 1751207ms] [LOG] [Fast Refresh] done in 701ms @ http://localhost:3000/_next/static/chunks/node_modules_next_dist_1e8vcs8._.js:776
[ 1751284ms] [LOG] [Fast Refresh] done in 701ms @ http://localhost:3000/_next/static/chunks/node_modules_next_dist_1e8vcs8._.js:776
[ 1751362ms] [LOG] [Fast Refresh] done in 701ms @ http://localhost:3000/_next/static/chunks/node_modules_next_dist_1e8vcs8._.js:776
[ 1751439ms] [LOG] [Fast Refresh] done in 701ms @ http://localhost:3000/_next/static/chunks/node_modules_next_dist_1e8vcs8._.js:776
[ 1751519ms] [LOG] [Fast Refresh] done in 701ms @ http://localhost:3000/_next/static/chunks/node_modules_next_dist_1e8vcs8._.js:776
[ 1751595ms] [LOG] [Fast Refresh] done in 701ms @ http://localhost:3000/_next/static/chunks/node_modules_next_dist_1e8vcs8._.js:776
[ 1751674ms] [LOG] [Fast Refresh] done in 701ms @ http://localhost:3000/_next/static/chunks/node_modules_next_dist_1e8vcs8._.js:776
[ 1751751ms] [LOG] [Fast Refresh] done in 701ms @ http://localhost:3000/_next/static/chunks/node_modules_next_dist_1e8vcs8._.js:776
[ 1751829ms] [LOG] [Fast Refresh] done in 701ms @ http://localhost:3000/_next/static/chunks/node_modules_next_dist_1e8vcs8._.js:776
[ 1751907ms] [LOG] [Fast Refresh] done in 701ms @ http://localhost:3000/_next/static/chunks/node_modules_next_dist_1e8vcs8._.js:776
[ 1751986ms] [LOG] [Fast Refresh] done in 701ms @ http://localhost:3000/_next/static/chunks/node_modules_next_dist_1e8vcs8._.js:776
[ 1752064ms] [LOG] [Fast Refresh] done in 701ms @ http://localhost:3000/_next/static/chunks/node_modules_next_dist_1e8vcs8._.js:776
[ 1752142ms] [LOG] [Fast Refresh] done in 701ms @ http://localhost:3000/_next/static/chunks/node_modules_next_dist_1e8vcs8._.js:776
[ 1752220ms] [LOG] [Fast Refresh] done in 701ms @ http://localhost:3000/_next/static/chunks/node_modules_next_dist_1e8vcs8._.js:776
[ 1752298ms] [LOG] [Fast Refresh] done in 701ms @ http://localhost:3000/_next/static/chunks/node_modules_next_dist_1e8vcs8._.js:776
[ 1752379ms] [LOG] [Fast Refresh] done in 701ms @ http://localhost:3000/_next/static/chunks/node_modules_next_dist_1e8vcs8._.js:776
[ 1752455ms] [LOG] [Fast Refresh] done in 701ms @ http://localhost:3000/_next/static/chunks/node_modules_next_dist_1e8vcs8._.js:776
[ 1752532ms] [LOG] [Fast Refresh] done in 701ms @ http://localhost:3000/_next/static/chunks/node_modules_next_dist_1e8vcs8._.js:776
[ 1752612ms] [LOG] [Fast Refresh] done in 701ms @ http://localhost:3000/_next/static/chunks/node_modules_next_dist_1e8vcs8._.js:776
[ 1752691ms] [LOG] [Fast Refresh] done in 701ms @ http://localhost:3000/_next/static/chunks/node_modules_next_dist_1e8vcs8._.js:776
[ 1752768ms] [LOG] [Fast Refresh] done in 701ms @ http://localhost:3000/_next/static/chunks/node_modules_next_dist_1e8vcs8._.js:776
[ 1752847ms] [LOG] [Fast Refresh] done in 701ms @ http://localhost:3000/_next/static/chunks/node_modules_next_dist_1e8vcs8._.js:776
[ 1752925ms] [LOG] [Fast Refresh] done in 701ms @ http://localhost:3000/_next/static/chunks/node_modules_next_dist_1e8vcs8._.js:776
[ 1753004ms] [LOG] [Fast Refresh] done in 701ms @ http://localhost:3000/_next/static/chunks/node_modules_next_dist_1e8vcs8._.js:776
[ 1753078ms] [LOG] [Fast Refresh] done in 701ms @ http://localhost:3000/_next/static/chunks/node_modules_next_dist_1e8vcs8._.js:776
[ 1753145ms] [LOG] [Fast Refresh] done in 701ms @ http://localhost:3000/_next/static/chunks/node_modules_next_dist_1e8vcs8._.js:776
[ 1753223ms] [LOG] [Fast Refresh] done in 701ms @ http://localhost:3000/_next/static/chunks/node_modules_next_dist_1e8vcs8._.js:776
[ 1753301ms] [LOG] [Fast Refresh] done in 701ms @ http://localhost:3000/_next/static/chunks/node_modules_next_dist_1e8vcs8._.js:776
[ 1753425ms] [LOG] [Fast Refresh] done in 701ms @ http://localhost:3000/_next/static/chunks/node_modules_next_dist_1e8vcs8._.js:776
[ 1753539ms] [LOG] [Fast Refresh] done in 701ms @ http://localhost:3000/_next/static/chunks/node_modules_next_dist_1e8vcs8._.js:776
[ 1753672ms] [LOG] [Fast Refresh] done in 701ms @ http://localhost:3000/_next/static/chunks/node_modules_next_dist_1e8vcs8._.js:776
[ 1753748ms] [LOG] [Fast Refresh] done in 701ms @ http://localhost:3000/_next/static/chunks/node_modules_next_dist_1e8vcs8._.js:776
[ 1753974ms] [LOG] [Fast Refresh] rebuilding @ http://localhost:3000/_next/static/chunks/node_modules_next_dist_1e8vcs8._.js:776
[ 1755192ms] [LOG] [Fast Refresh] done in 1172ms @ http://localhost:3000/_next/static/chunks/node_modules_next_dist_1e8vcs8._.js:776
[ 1755336ms] [LOG] [Fast Refresh] done in 1172ms @ http://localhost:3000/_next/static/chunks/node_modules_next_dist_1e8vcs8._.js:776
[ 1755430ms] [LOG] [Fast Refresh] done in 1172ms @ http://localhost:3000/_next/static/chunks/node_modules_next_dist_1e8vcs8._.js:776
[ 1755509ms] [LOG] [Fast Refresh] done in 1172ms @ http://localhost:3000/_next/static/chunks/node_modules_next_dist_1e8vcs8._.js:776
[ 1755586ms] [LOG] [Fast Refresh] done in 1172ms @ http://localhost:3000/_next/static/chunks/node_modules_next_dist_1e8vcs8._.js:776
[ 1755671ms] [LOG] [Fast Refresh] done in 1172ms @ http://localhost:3000/_next/static/chunks/node_modules_next_dist_1e8vcs8._.js:776
[ 1755760ms] [LOG] [Fast Refresh] done in 1172ms @ http://localhost:3000/_next/static/chunks/node_modules_next_dist_1e8vcs8._.js:776
[ 1755871ms] [LOG] [Fast Refresh] done in 1172ms @ http://localhost:3000/_next/static/chunks/node_modules_next_dist_1e8vcs8._.js:776
[ 1755955ms] [LOG] [Fast Refresh] done in 1172ms @ http://localhost:3000/_next/static/chunks/node_modules_next_dist_1e8vcs8._.js:776
[ 1756040ms] [LOG] [Fast Refresh] done in 1172ms @ http://localhost:3000/_next/static/chunks/node_modules_next_dist_1e8vcs8._.js:776
[ 1756120ms] [LOG] [Fast Refresh] done in 1172ms @ http://localhost:3000/_next/static/chunks/node_modules_next_dist_1e8vcs8._.js:776
[ 1756229ms] [LOG] [Fast Refresh] done in 1172ms @ http://localhost:3000/_next/static/chunks/node_modules_next_dist_1e8vcs8._.js:776
[ 1756330ms] [LOG] [Fast Refresh] done in 1172ms @ http://localhost:3000/_next/static/chunks/node_modules_next_dist_1e8vcs8._.js:776
[ 1756435ms] [LOG] [Fast Refresh] done in 1172ms @ http://localhost:3000/_next/static/chunks/node_modules_next_dist_1e8vcs8._.js:776
[ 1756606ms] [LOG] [Fast Refresh] done in 1172ms @ http://localhost:3000/_next/static/chunks/node_modules_next_dist_1e8vcs8._.js:776
[ 1756685ms] [LOG] [Fast Refresh] done in 1172ms @ http://localhost:3000/_next/static/chunks/node_modules_next_dist_1e8vcs8._.js:776
[ 1756764ms] [LOG] [Fast Refresh] done in 1172ms @ http://localhost:3000/_next/static/chunks/node_modules_next_dist_1e8vcs8._.js:776
[ 1756843ms] [LOG] [Fast Refresh] done in 1172ms @ http://localhost:3000/_next/static/chunks/node_modules_next_dist_1e8vcs8._.js:776
[ 1756922ms] [LOG] [Fast Refresh] done in 1172ms @ http://localhost:3000/_next/static/chunks/node_modules_next_dist_1e8vcs8._.js:776
[ 1757000ms] [LOG] [Fast Refresh] done in 1172ms @ http://localhost:3000/_next/static/chunks/node_modules_next_dist_1e8vcs8._.js:776
[ 1757077ms] [LOG] [Fast Refresh] done in 1172ms @ http://localhost:3000/_next/static/chunks/node_modules_next_dist_1e8vcs8._.js:776
[ 1757157ms] [LOG] [Fast Refresh] done in 1172ms @ http://localhost:3000/_next/static/chunks/node_modules_next_dist_1e8vcs8._.js:776
[ 1757240ms] [LOG] [Fast Refresh] done in 1172ms @ http://localhost:3000/_next/static/chunks/node_modules_next_dist_1e8vcs8._.js:776
[ 1757328ms] [LOG] [Fast Refresh] done in 1172ms @ http://localhost:3000/_next/static/chunks/node_modules_next_dist_1e8vcs8._.js:776
[ 1757423ms] [LOG] [Fast Refresh] done in 1172ms @ http://localhost:3000/_next/static/chunks/node_modules_next_dist_1e8vcs8._.js:776
[ 1757502ms] [LOG] [Fast Refresh] done in 1172ms @ http://localhost:3000/_next/static/chunks/node_modules_next_dist_1e8vcs8._.js:776
[ 1757585ms] [LOG] [Fast Refresh] done in 1172ms @ http://localhost:3000/_next/static/chunks/node_modules_next_dist_1e8vcs8._.js:776
[ 1757659ms] [LOG] [Fast Refresh] done in 1172ms @ http://localhost:3000/_next/static/chunks/node_modules_next_dist_1e8vcs8._.js:776
[ 1757739ms] [LOG] [Fast Refresh] done in 1172ms @ http://localhost:3000/_next/static/chunks/node_modules_next_dist_1e8vcs8._.js:776
[ 1757816ms] [LOG] [Fast Refresh] done in 1172ms @ http://localhost:3000/_next/static/chunks/node_modules_next_dist_1e8vcs8._.js:776
[ 1757894ms] [LOG] [Fast Refresh] done in 1172ms @ http://localhost:3000/_next/static/chunks/node_modules_next_dist_1e8vcs8._.js:776
[ 1757973ms] [LOG] [Fast Refresh] done in 1172ms @ http://localhost:3000/_next/static/chunks/node_modules_next_dist_1e8vcs8._.js:776
[ 1758053ms] [LOG] [Fast Refresh] done in 1172ms @ http://localhost:3000/_next/static/chunks/node_modules_next_dist_1e8vcs8._.js:776
[ 1758153ms] [LOG] [Fast Refresh] done in 1172ms @ http://localhost:3000/_next/static/chunks/node_modules_next_dist_1e8vcs8._.js:776
[ 1758273ms] [LOG] [Fast Refresh] done in 1172ms @ http://localhost:3000/_next/static/chunks/node_modules_next_dist_1e8vcs8._.js:776
[ 1758354ms] [LOG] [Fast Refresh] done in 1172ms @ http://localhost:3000/_next/static/chunks/node_modules_next_dist_1e8vcs8._.js:776
[ 1758429ms] [LOG] [Fast Refresh] done in 1172ms @ http://localhost:3000/_next/static/chunks/node_modules_next_dist_1e8vcs8._.js:776
[ 1758509ms] [LOG] [Fast Refresh] done in 1172ms @ http://localhost:3000/_next/static/chunks/node_modules_next_dist_1e8vcs8._.js:776
[ 1758588ms] [LOG] [Fast Refresh] done in 1172ms @ http://localhost:3000/_next/static/chunks/node_modules_next_dist_1e8vcs8._.js:776
[ 1758666ms] [LOG] [Fast Refresh] done in 1172ms @ http://localhost:3000/_next/static/chunks/node_modules_next_dist_1e8vcs8._.js:776
[ 1758745ms] [LOG] [Fast Refresh] done in 1172ms @ http://localhost:3000/_next/static/chunks/node_modules_next_dist_1e8vcs8._.js:776
[ 1758824ms] [LOG] [Fast Refresh] done in 1172ms @ http://localhost:3000/_next/static/chunks/node_modules_next_dist_1e8vcs8._.js:776
[ 1758903ms] [LOG] [Fast Refresh] done in 1172ms @ http://localhost:3000/_next/static/chunks/node_modules_next_dist_1e8vcs8._.js:776
[ 1758982ms] [LOG] [Fast Refresh] done in 1172ms @ http://localhost:3000/_next/static/chunks/node_modules_next_dist_1e8vcs8._.js:776
[ 1759061ms] [LOG] [Fast Refresh] done in 1172ms @ http://localhost:3000/_next/static/chunks/node_modules_next_dist_1e8vcs8._.js:776
[ 1759139ms] [LOG] [Fast Refresh] done in 1172ms @ http://localhost:3000/_next/static/chunks/node_modules_next_dist_1e8vcs8._.js:776
[ 1759216ms] [LOG] [Fast Refresh] done in 1172ms @ http://localhost:3000/_next/static/chunks/node_modules_next_dist_1e8vcs8._.js:776
[ 1759294ms] [LOG] [Fast Refresh] done in 1172ms @ http://localhost:3000/_next/static/chunks/node_modules_next_dist_1e8vcs8._.js:776
[ 1759372ms] [LOG] [Fast Refresh] done in 1172ms @ http://localhost:3000/_next/static/chunks/node_modules_next_dist_1e8vcs8._.js:776
[ 1759450ms] [LOG] [Fast Refresh] done in 1172ms @ http://localhost:3000/_next/static/chunks/node_modules_next_dist_1e8vcs8._.js:776
[ 1759529ms] [LOG] [Fast Refresh] done in 1172ms @ http://localhost:3000/_next/static/chunks/node_modules_next_dist_1e8vcs8._.js:776
[ 1759607ms] [LOG] [Fast Refresh] done in 1172ms @ http://localhost:3000/_next/static/chunks/node_modules_next_dist_1e8vcs8._.js:776
[ 1759685ms] [LOG] [Fast Refresh] done in 1172ms @ http://localhost:3000/_next/static/chunks/node_modules_next_dist_1e8vcs8._.js:776
[ 1759761ms] [LOG] [Fast Refresh] done in 1172ms @ http://localhost:3000/_next/static/chunks/node_modules_next_dist_1e8vcs8._.js:776
[ 1759838ms] [LOG] [Fast Refresh] done in 1172ms @ http://localhost:3000/_next/static/chunks/node_modules_next_dist_1e8vcs8._.js:776
[ 1759916ms] [LOG] [Fast Refresh] done in 1172ms @ http://localhost:3000/_next/static/chunks/node_modules_next_dist_1e8vcs8._.js:776
[ 1759996ms] [LOG] [Fast Refresh] done in 1172ms @ http://localhost:3000/_next/static/chunks/node_modules_next_dist_1e8vcs8._.js:776
[ 1760065ms] [LOG] [Fast Refresh] done in 1172ms @ http://localhost:3000/_next/static/chunks/node_modules_next_dist_1e8vcs8._.js:776
[ 1760135ms] [LOG] [Fast Refresh] done in 1172ms @ http://localhost:3000/_next/static/chunks/node_modules_next_dist_1e8vcs8._.js:776
[ 1760214ms] [LOG] [Fast Refresh] done in 1172ms @ http://localhost:3000/_next/static/chunks/node_modules_next_dist_1e8vcs8._.js:776
[ 1760292ms] [LOG] [Fast Refresh] done in 1172ms @ http://localhost:3000/_next/static/chunks/node_modules_next_dist_1e8vcs8._.js:776
[ 1760372ms] [LOG] [Fast Refresh] done in 1172ms @ http://localhost:3000/_next/static/chunks/node_modules_next_dist_1e8vcs8._.js:776
[ 1760450ms] [LOG] [Fast Refresh] done in 1172ms @ http://localhost:3000/_next/static/chunks/node_modules_next_dist_1e8vcs8._.js:776
[ 1760527ms] [LOG] [Fast Refresh] done in 1172ms @ http://localhost:3000/_next/static/chunks/node_modules_next_dist_1e8vcs8._.js:776
[ 1760606ms] [LOG] [Fast Refresh] done in 1172ms @ http://localhost:3000/_next/static/chunks/node_modules_next_dist_1e8vcs8._.js:776
[ 1760684ms] [LOG] [Fast Refresh] done in 1172ms @ http://localhost:3000/_next/static/chunks/node_modules_next_dist_1e8vcs8._.js:776
[ 1760762ms] [LOG] [Fast Refresh] done in 1172ms @ http://localhost:3000/_next/static/chunks/node_modules_next_dist_1e8vcs8._.js:776
[ 1760839ms] [LOG] [Fast Refresh] done in 1172ms @ http://localhost:3000/_next/static/chunks/node_modules_next_dist_1e8vcs8._.js:776
[ 1760919ms] [LOG] [Fast Refresh] done in 1172ms @ http://localhost:3000/_next/static/chunks/node_modules_next_dist_1e8vcs8._.js:776
[ 1760999ms] [LOG] [Fast Refresh] done in 1172ms @ http://localhost:3000/_next/static/chunks/node_modules_next_dist_1e8vcs8._.js:776
[ 1761068ms] [LOG] [Fast Refresh] done in 1172ms @ http://localhost:3000/_next/static/chunks/node_modules_next_dist_1e8vcs8._.js:776
[ 1761145ms] [LOG] [Fast Refresh] done in 1172ms @ http://localhost:3000/_next/static/chunks/node_modules_next_dist_1e8vcs8._.js:776
[ 1761219ms] [LOG] [Fast Refresh] done in 1172ms @ http://localhost:3000/_next/static/chunks/node_modules_next_dist_1e8vcs8._.js:776
[ 1761296ms] [LOG] [Fast Refresh] done in 1172ms @ http://localhost:3000/_next/static/chunks/node_modules_next_dist_1e8vcs8._.js:776
[ 1761373ms] [LOG] [Fast Refresh] done in 1172ms @ http://localhost:3000/_next/static/chunks/node_modules_next_dist_1e8vcs8._.js:776
[ 1761456ms] [LOG] [Fast Refresh] done in 1172ms @ http://localhost:3000/_next/static/chunks/node_modules_next_dist_1e8vcs8._.js:776
[ 1761530ms] [LOG] [Fast Refresh] done in 1172ms @ http://localhost:3000/_next/static/chunks/node_modules_next_dist_1e8vcs8._.js:776
[ 1761610ms] [LOG] [Fast Refresh] done in 1172ms @ http://localhost:3000/_next/static/chunks/node_modules_next_dist_1e8vcs8._.js:776
[ 1761744ms] [LOG] [Fast Refresh] done in 1172ms @ http://localhost:3000/_next/static/chunks/node_modules_next_dist_1e8vcs8._.js:776
[ 1761817ms] [LOG] [Fast Refresh] done in 1172ms @ http://localhost:3000/_next/static/chunks/node_modules_next_dist_1e8vcs8._.js:776
[ 1761895ms] [LOG] [Fast Refresh] done in 1172ms @ http://localhost:3000/_next/static/chunks/node_modules_next_dist_1e8vcs8._.js:776
[ 1761974ms] [LOG] [Fast Refresh] done in 1172ms @ http://localhost:3000/_next/static/chunks/node_modules_next_dist_1e8vcs8._.js:776
[ 1762054ms] [LOG] [Fast Refresh] done in 1172ms @ http://localhost:3000/_next/static/chunks/node_modules_next_dist_1e8vcs8._.js:776
[ 1762115ms] [LOG] [Fast Refresh] done in 1172ms @ http://localhost:3000/_next/static/chunks/node_modules_next_dist_1e8vcs8._.js:776
[ 1762195ms] [LOG] [Fast Refresh] done in 1172ms @ http://localhost:3000/_next/static/chunks/node_modules_next_dist_1e8vcs8._.js:776
[ 1762272ms] [LOG] [Fast Refresh] done in 1172ms @ http://localhost:3000/_next/static/chunks/node_modules_next_dist_1e8vcs8._.js:776
[ 1762352ms] [LOG] [Fast Refresh] done in 1172ms @ http://localhost:3000/_next/static/chunks/node_modules_next_dist_1e8vcs8._.js:776
[ 1762430ms] [LOG] [Fast Refresh] done in 1172ms @ http://localhost:3000/_next/static/chunks/node_modules_next_dist_1e8vcs8._.js:776
[ 1762508ms] [LOG] [Fast Refresh] done in 1172ms @ http://localhost:3000/_next/static/chunks/node_modules_next_dist_1e8vcs8._.js:776
[ 1762587ms] [LOG] [Fast Refresh] done in 1172ms @ http://localhost:3000/_next/static/chunks/node_modules_next_dist_1e8vcs8._.js:776
[ 1762666ms] [LOG] [Fast Refresh] done in 1172ms @ http://localhost:3000/_next/static/chunks/node_modules_next_dist_1e8vcs8._.js:776
[ 1762744ms] [LOG] [Fast Refresh] done in 1172ms @ http://localhost:3000/_next/static/chunks/node_modules_next_dist_1e8vcs8._.js:776
[ 1762823ms] [LOG] [Fast Refresh] done in 1172ms @ http://localhost:3000/_next/static/chunks/node_modules_next_dist_1e8vcs8._.js:776
[ 1762902ms] [LOG] [Fast Refresh] done in 1172ms @ http://localhost:3000/_next/static/chunks/node_modules_next_dist_1e8vcs8._.js:776
[ 1762981ms] [LOG] [Fast Refresh] done in 1172ms @ http://localhost:3000/_next/static/chunks/node_modules_next_dist_1e8vcs8._.js:776
[ 1763060ms] [LOG] [Fast Refresh] done in 1172ms @ http://localhost:3000/_next/static/chunks/node_modules_next_dist_1e8vcs8._.js:776
[ 1763138ms] [LOG] [Fast Refresh] done in 1172ms @ http://localhost:3000/_next/static/chunks/node_modules_next_dist_1e8vcs8._.js:776
[ 1763216ms] [LOG] [Fast Refresh] done in 1172ms @ http://localhost:3000/_next/static/chunks/node_modules_next_dist_1e8vcs8._.js:776
[ 1763294ms] [LOG] [Fast Refresh] done in 1172ms @ http://localhost:3000/_next/static/chunks/node_modules_next_dist_1e8vcs8._.js:776
[ 1763373ms] [LOG] [Fast Refresh] done in 1172ms @ http://localhost:3000/_next/static/chunks/node_modules_next_dist_1e8vcs8._.js:776
[ 1763449ms] [LOG] [Fast Refresh] done in 1172ms @ http://localhost:3000/_next/static/chunks/node_modules_next_dist_1e8vcs8._.js:776
[ 1763527ms] [LOG] [Fast Refresh] done in 1172ms @ http://localhost:3000/_next/static/chunks/node_modules_next_dist_1e8vcs8._.js:776
[ 1763604ms] [LOG] [Fast Refresh] done in 1172ms @ http://localhost:3000/_next/static/chunks/node_modules_next_dist_1e8vcs8._.js:776
[ 1763684ms] [LOG] [Fast Refresh] done in 1172ms @ http://localhost:3000/_next/static/chunks/node_modules_next_dist_1e8vcs8._.js:776
[ 1763762ms] [LOG] [Fast Refresh] done in 1172ms @ http://localhost:3000/_next/static/chunks/node_modules_next_dist_1e8vcs8._.js:776
[ 1763840ms] [LOG] [Fast Refresh] done in 1172ms @ http://localhost:3000/_next/static/chunks/node_modules_next_dist_1e8vcs8._.js:776
[ 1763918ms] [LOG] [Fast Refresh] done in 1172ms @ http://localhost:3000/_next/static/chunks/node_modules_next_dist_1e8vcs8._.js:776
[ 1763995ms] [LOG] [Fast Refresh] done in 1172ms @ http://localhost:3000/_next/static/chunks/node_modules_next_dist_1e8vcs8._.js:776
[ 1764075ms] [LOG] [Fast Refresh] done in 1172ms @ http://localhost:3000/_next/static/chunks/node_modules_next_dist_1e8vcs8._.js:776
[ 1764152ms] [LOG] [Fast Refresh] done in 1172ms @ http://localhost:3000/_next/static/chunks/node_modules_next_dist_1e8vcs8._.js:776
[ 1764363ms] [LOG] [Fast Refresh] rebuilding @ http://localhost:3000/_next/static/chunks/node_modules_next_dist_1e8vcs8._.js:776
[ 1765064ms] [LOG] [Fast Refresh] done in 733ms @ http://localhost:3000/_next/static/chunks/node_modules_next_dist_1e8vcs8._.js:776
[ 1765199ms] [LOG] [Fast Refresh] done in 733ms @ http://localhost:3000/_next/static/chunks/node_modules_next_dist_1e8vcs8._.js:776
[ 1765404ms] [LOG] [Fast Refresh] done in 733ms @ http://localhost:3000/_next/static/chunks/node_modules_next_dist_1e8vcs8._.js:776
[ 1772496ms] [LOG] [Fast Refresh] rebuilding @ http://localhost:3000/_next/static/chunks/node_modules_next_dist_1e8vcs8._.js:776
[ 1773772ms] [LOG] [Fast Refresh] done in 1320ms @ http://localhost:3000/_next/static/chunks/node_modules_next_dist_1e8vcs8._.js:776
[ 1773849ms] [LOG] [Fast Refresh] done in 1320ms @ http://localhost:3000/_next/static/chunks/node_modules_next_dist_1e8vcs8._.js:776
[ 1773920ms] [LOG] [Fast Refresh] done in 1320ms @ http://localhost:3000/_next/static/chunks/node_modules_next_dist_1e8vcs8._.js:776
[ 1773997ms] [LOG] [Fast Refresh] done in 1320ms @ http://localhost:3000/_next/static/chunks/node_modules_next_dist_1e8vcs8._.js:776
[ 1774076ms] [LOG] [Fast Refresh] done in 1320ms @ http://localhost:3000/_next/static/chunks/node_modules_next_dist_1e8vcs8._.js:776
[ 1774155ms] [LOG] [Fast Refresh] done in 1320ms @ http://localhost:3000/_next/static/chunks/node_modules_next_dist_1e8vcs8._.js:776
[ 1774233ms] [LOG] [Fast Refresh] done in 1320ms @ http://localhost:3000/_next/static/chunks/node_modules_next_dist_1e8vcs8._.js:776
[ 1774312ms] [LOG] [Fast Refresh] done in 1320ms @ http://localhost:3000/_next/static/chunks/node_modules_next_dist_1e8vcs8._.js:776
[ 1774390ms] [LOG] [Fast Refresh] done in 1320ms @ http://localhost:3000/_next/static/chunks/node_modules_next_dist_1e8vcs8._.js:776
[ 1774469ms] [LOG] [Fast Refresh] done in 1320ms @ http://localhost:3000/_next/static/chunks/node_modules_next_dist_1e8vcs8._.js:776
[ 1774546ms] [LOG] [Fast Refresh] done in 1320ms @ http://localhost:3000/_next/static/chunks/node_modules_next_dist_1e8vcs8._.js:776
[ 1774627ms] [LOG] [Fast Refresh] done in 1320ms @ http://localhost:3000/_next/static/chunks/node_modules_next_dist_1e8vcs8._.js:776
[ 1774701ms] [LOG] [Fast Refresh] done in 1320ms @ http://localhost:3000/_next/static/chunks/node_modules_next_dist_1e8vcs8._.js:776
[ 1774779ms] [LOG] [Fast Refresh] done in 1320ms @ http://localhost:3000/_next/static/chunks/node_modules_next_dist_1e8vcs8._.js:776
[ 1774857ms] [LOG] [Fast Refresh] done in 1320ms @ http://localhost:3000/_next/static/chunks/node_modules_next_dist_1e8vcs8._.js:776
[ 1774936ms] [LOG] [Fast Refresh] done in 1320ms @ http://localhost:3000/_next/static/chunks/node_modules_next_dist_1e8vcs8._.js:776
[ 1775014ms] [LOG] [Fast Refresh] done in 1320ms @ http://localhost:3000/_next/static/chunks/node_modules_next_dist_1e8vcs8._.js:776
[ 1775125ms] [LOG] [Fast Refresh] done in 1320ms @ http://localhost:3000/_next/static/chunks/node_modules_next_dist_1e8vcs8._.js:776
[ 1775202ms] [LOG] [Fast Refresh] done in 1320ms @ http://localhost:3000/_next/static/chunks/node_modules_next_dist_1e8vcs8._.js:776
[ 1775279ms] [LOG] [Fast Refresh] done in 1320ms @ http://localhost:3000/_next/static/chunks/node_modules_next_dist_1e8vcs8._.js:776
[ 1775357ms] [LOG] [Fast Refresh] done in 1320ms @ http://localhost:3000/_next/static/chunks/node_modules_next_dist_1e8vcs8._.js:776
[ 1775433ms] [LOG] [Fast Refresh] done in 1320ms @ http://localhost:3000/_next/static/chunks/node_modules_next_dist_1e8vcs8._.js:776
[ 1775512ms] [LOG] [Fast Refresh] done in 1320ms @ http://localhost:3000/_next/static/chunks/node_modules_next_dist_1e8vcs8._.js:776
[ 1775592ms] [LOG] [Fast Refresh] done in 1320ms @ http://localhost:3000/_next/static/chunks/node_modules_next_dist_1e8vcs8._.js:776
[ 1775672ms] [LOG] [Fast Refresh] done in 1320ms @ http://localhost:3000/_next/static/chunks/node_modules_next_dist_1e8vcs8._.js:776
[ 1775750ms] [LOG] [Fast Refresh] done in 1320ms @ http://localhost:3000/_next/static/chunks/node_modules_next_dist_1e8vcs8._.js:776
[ 1775829ms] [LOG] [Fast Refresh] done in 1320ms @ http://localhost:3000/_next/static/chunks/node_modules_next_dist_1e8vcs8._.js:776
[ 1775909ms] [LOG] [Fast Refresh] done in 1320ms @ http://localhost:3000/_next/static/chunks/node_modules_next_dist_1e8vcs8._.js:776
[ 1775988ms] [LOG] [Fast Refresh] done in 1320ms @ http://localhost:3000/_next/static/chunks/node_modules_next_dist_1e8vcs8._.js:776
[ 1776068ms] [LOG] [Fast Refresh] done in 1320ms @ http://localhost:3000/_next/static/chunks/node_modules_next_dist_1e8vcs8._.js:776
[ 1776153ms] [LOG] [Fast Refresh] done in 1320ms @ http://localhost:3000/_next/static/chunks/node_modules_next_dist_1e8vcs8._.js:776
[ 1776278ms] [LOG] [Fast Refresh] done in 1320ms @ http://localhost:3000/_next/static/chunks/node_modules_next_dist_1e8vcs8._.js:776
[ 1776517ms] [LOG] [Fast Refresh] rebuilding @ http://localhost:3000/_next/static/chunks/node_modules_next_dist_1e8vcs8._.js:776
[ 1778316ms] [LOG] [Fast Refresh] done in 1886ms @ http://localhost:3000/_next/static/chunks/node_modules_next_dist_1e8vcs8._.js:776
[ 1778416ms] [LOG] [Fast Refresh] done in 1886ms @ http://localhost:3000/_next/static/chunks/node_modules_next_dist_1e8vcs8._.js:776
[ 1778509ms] [LOG] [Fast Refresh] done in 1886ms @ http://localhost:3000/_next/static/chunks/node_modules_next_dist_1e8vcs8._.js:776
[ 1784159ms] [LOG] [Fast Refresh] rebuilding @ http://localhost:3000/_next/static/chunks/node_modules_next_dist_1e8vcs8._.js:776
[ 1784815ms] [LOG] [Fast Refresh] done in 484ms @ http://localhost:3000/_next/static/chunks/node_modules_next_dist_1e8vcs8._.js:776
[ 1785107ms] [LOG] [Fast Refresh] done in 484ms @ http://localhost:3000/_next/static/chunks/node_modules_next_dist_1e8vcs8._.js:776
[ 1785382ms] [LOG] [Fast Refresh] done in 484ms @ http://localhost:3000/_next/static/chunks/node_modules_next_dist_1e8vcs8._.js:776
[ 1785509ms] [LOG] [Fast Refresh] done in 484ms @ http://localhost:3000/_next/static/chunks/node_modules_next_dist_1e8vcs8._.js:776
[ 1785590ms] [LOG] [Fast Refresh] done in 484ms @ http://localhost:3000/_next/static/chunks/node_modules_next_dist_1e8vcs8._.js:776
[ 1785668ms] [LOG] [Fast Refresh] done in 484ms @ http://localhost:3000/_next/static/chunks/node_modules_next_dist_1e8vcs8._.js:776
[ 1785747ms] [LOG] [Fast Refresh] done in 484ms @ http://localhost:3000/_next/static/chunks/node_modules_next_dist_1e8vcs8._.js:776
[ 1785827ms] [LOG] [Fast Refresh] done in 484ms @ http://localhost:3000/_next/static/chunks/node_modules_next_dist_1e8vcs8._.js:776
[ 1785904ms] [LOG] [Fast Refresh] done in 484ms @ http://localhost:3000/_next/static/chunks/node_modules_next_dist_1e8vcs8._.js:776
[ 1785982ms] [LOG] [Fast Refresh] done in 484ms @ http://localhost:3000/_next/static/chunks/node_modules_next_dist_1e8vcs8._.js:776
[ 1786060ms] [LOG] [Fast Refresh] done in 484ms @ http://localhost:3000/_next/static/chunks/node_modules_next_dist_1e8vcs8._.js:776
[ 1786141ms] [LOG] [Fast Refresh] done in 484ms @ http://localhost:3000/_next/static/chunks/node_modules_next_dist_1e8vcs8._.js:776
[ 1786219ms] [LOG] [Fast Refresh] done in 484ms @ http://localhost:3000/_next/static/chunks/node_modules_next_dist_1e8vcs8._.js:776
[ 1786298ms] [LOG] [Fast Refresh] done in 484ms @ http://localhost:3000/_next/static/chunks/node_modules_next_dist_1e8vcs8._.js:776
[ 1786376ms] [LOG] [Fast Refresh] done in 484ms @ http://localhost:3000/_next/static/chunks/node_modules_next_dist_1e8vcs8._.js:776
[ 1786455ms] [LOG] [Fast Refresh] done in 484ms @ http://localhost:3000/_next/static/chunks/node_modules_next_dist_1e8vcs8._.js:776
[ 1786537ms] [LOG] [Fast Refresh] done in 484ms @ http://localhost:3000/_next/static/chunks/node_modules_next_dist_1e8vcs8._.js:776
[ 1786613ms] [LOG] [Fast Refresh] done in 484ms @ http://localhost:3000/_next/static/chunks/node_modules_next_dist_1e8vcs8._.js:776
[ 1786707ms] [LOG] [Fast Refresh] done in 484ms @ http://localhost:3000/_next/static/chunks/node_modules_next_dist_1e8vcs8._.js:776
[ 1786789ms] [LOG] [Fast Refresh] done in 484ms @ http://localhost:3000/_next/static/chunks/node_modules_next_dist_1e8vcs8._.js:776
[ 1786862ms] [LOG] [Fast Refresh] done in 484ms @ http://localhost:3000/_next/static/chunks/node_modules_next_dist_1e8vcs8._.js:776
[ 1786941ms] [LOG] [Fast Refresh] done in 484ms @ http://localhost:3000/_next/static/chunks/node_modules_next_dist_1e8vcs8._.js:776
[ 1787023ms] [LOG] [Fast Refresh] done in 484ms @ http://localhost:3000/_next/static/chunks/node_modules_next_dist_1e8vcs8._.js:776
[ 1787131ms] [LOG] [Fast Refresh] done in 484ms @ http://localhost:3000/_next/static/chunks/node_modules_next_dist_1e8vcs8._.js:776
[ 1787210ms] [LOG] [Fast Refresh] done in 484ms @ http://localhost:3000/_next/static/chunks/node_modules_next_dist_1e8vcs8._.js:776
[ 1787288ms] [LOG] [Fast Refresh] done in 484ms @ http://localhost:3000/_next/static/chunks/node_modules_next_dist_1e8vcs8._.js:776
[ 1787367ms] [LOG] [Fast Refresh] done in 484ms @ http://localhost:3000/_next/static/chunks/node_modules_next_dist_1e8vcs8._.js:776
[ 1787444ms] [LOG] [Fast Refresh] done in 484ms @ http://localhost:3000/_next/static/chunks/node_modules_next_dist_1e8vcs8._.js:776
[ 1787572ms] [LOG] [Fast Refresh] done in 484ms @ http://localhost:3000/_next/static/chunks/node_modules_next_dist_1e8vcs8._.js:776
[ 1787761ms] [LOG] [Fast Refresh] done in 484ms @ http://localhost:3000/_next/static/chunks/node_modules_next_dist_1e8vcs8._.js:776
[ 1787840ms] [LOG] [Fast Refresh] done in 484ms @ http://localhost:3000/_next/static/chunks/node_modules_next_dist_1e8vcs8._.js:776
[ 1788045ms] [LOG] [Fast Refresh] done in 484ms @ http://localhost:3000/_next/static/chunks/node_modules_next_dist_1e8vcs8._.js:776
[ 1788118ms] [LOG] [Fast Refresh] done in 484ms @ http://localhost:3000/_next/static/chunks/node_modules_next_dist_1e8vcs8._.js:776
[ 1788196ms] [LOG] [Fast Refresh] done in 484ms @ http://localhost:3000/_next/static/chunks/node_modules_next_dist_1e8vcs8._.js:776
[ 1788277ms] [LOG] [Fast Refresh] done in 484ms @ http://localhost:3000/_next/static/chunks/node_modules_next_dist_1e8vcs8._.js:776
[ 1788355ms] [LOG] [Fast Refresh] done in 484ms @ http://localhost:3000/_next/static/chunks/node_modules_next_dist_1e8vcs8._.js:776
[ 1788432ms] [LOG] [Fast Refresh] done in 484ms @ http://localhost:3000/_next/static/chunks/node_modules_next_dist_1e8vcs8._.js:776
[ 1788511ms] [LOG] [Fast Refresh] done in 484ms @ http://localhost:3000/_next/static/chunks/node_modules_next_dist_1e8vcs8._.js:776
[ 1788589ms] [LOG] [Fast Refresh] done in 484ms @ http://localhost:3000/_next/static/chunks/node_modules_next_dist_1e8vcs8._.js:776
[ 1788668ms] [LOG] [Fast Refresh] done in 484ms @ http://localhost:3000/_next/static/chunks/node_modules_next_dist_1e8vcs8._.js:776
[ 1788747ms] [LOG] [Fast Refresh] done in 484ms @ http://localhost:3000/_next/static/chunks/node_modules_next_dist_1e8vcs8._.js:776
[ 1788832ms] [LOG] [Fast Refresh] done in 484ms @ http://localhost:3000/_next/static/chunks/node_modules_next_dist_1e8vcs8._.js:776
[ 1788902ms] [LOG] [Fast Refresh] done in 484ms @ http://localhost:3000/_next/static/chunks/node_modules_next_dist_1e8vcs8._.js:776
[ 1788980ms] [LOG] [Fast Refresh] done in 484ms @ http://localhost:3000/_next/static/chunks/node_modules_next_dist_1e8vcs8._.js:776
[ 1789059ms] [LOG] [Fast Refresh] done in 484ms @ http://localhost:3000/_next/static/chunks/node_modules_next_dist_1e8vcs8._.js:776
[ 1789170ms] [LOG] [Fast Refresh] done in 484ms @ http://localhost:3000/_next/static/chunks/node_modules_next_dist_1e8vcs8._.js:776
[ 1789246ms] [LOG] [Fast Refresh] done in 484ms @ http://localhost:3000/_next/static/chunks/node_modules_next_dist_1e8vcs8._.js:776
[ 1789324ms] [LOG] [Fast Refresh] done in 484ms @ http://localhost:3000/_next/static/chunks/node_modules_next_dist_1e8vcs8._.js:776
[ 1789404ms] [LOG] [Fast Refresh] done in 484ms @ http://localhost:3000/_next/static/chunks/node_modules_next_dist_1e8vcs8._.js:776
[ 1789483ms] [LOG] [Fast Refresh] done in 484ms @ http://localhost:3000/_next/static/chunks/node_modules_next_dist_1e8vcs8._.js:776
[ 1789564ms] [LOG] [Fast Refresh] done in 484ms @ http://localhost:3000/_next/static/chunks/node_modules_next_dist_1e8vcs8._.js:776
[ 1789721ms] [LOG] [Fast Refresh] done in 484ms @ http://localhost:3000/_next/static/chunks/node_modules_next_dist_1e8vcs8._.js:776
[ 1789830ms] [LOG] [Fast Refresh] done in 484ms @ http://localhost:3000/_next/static/chunks/node_modules_next_dist_1e8vcs8._.js:776
[ 1789908ms] [LOG] [Fast Refresh] done in 484ms @ http://localhost:3000/_next/static/chunks/node_modules_next_dist_1e8vcs8._.js:776
[ 1790006ms] [LOG] [Fast Refresh] done in 484ms @ http://localhost:3000/_next/static/chunks/node_modules_next_dist_1e8vcs8._.js:776
[ 1790097ms] [LOG] [Fast Refresh] done in 484ms @ http://localhost:3000/_next/static/chunks/node_modules_next_dist_1e8vcs8._.js:776
[ 1790175ms] [LOG] [Fast Refresh] done in 484ms @ http://localhost:3000/_next/static/chunks/node_modules_next_dist_1e8vcs8._.js:776
[ 1790253ms] [LOG] [Fast Refresh] done in 484ms @ http://localhost:3000/_next/static/chunks/node_modules_next_dist_1e8vcs8._.js:776
[ 1790338ms] [LOG] [Fast Refresh] done in 484ms @ http://localhost:3000/_next/static/chunks/node_modules_next_dist_1e8vcs8._.js:776
[ 1790407ms] [LOG] [Fast Refresh] done in 484ms @ http://localhost:3000/_next/static/chunks/node_modules_next_dist_1e8vcs8._.js:776
[ 1790491ms] [LOG] [Fast Refresh] done in 484ms @ http://localhost:3000/_next/static/chunks/node_modules_next_dist_1e8vcs8._.js:776
[ 1790568ms] [LOG] [Fast Refresh] done in 484ms @ http://localhost:3000/_next/static/chunks/node_modules_next_dist_1e8vcs8._.js:776
[ 1790646ms] [LOG] [Fast Refresh] done in 484ms @ http://localhost:3000/_next/static/chunks/node_modules_next_dist_1e8vcs8._.js:776
[ 1790726ms] [LOG] [Fast Refresh] done in 484ms @ http://localhost:3000/_next/static/chunks/node_modules_next_dist_1e8vcs8._.js:776
[ 1790804ms] [LOG] [Fast Refresh] done in 484ms @ http://localhost:3000/_next/static/chunks/node_modules_next_dist_1e8vcs8._.js:776
[ 1790884ms] [LOG] [Fast Refresh] done in 484ms @ http://localhost:3000/_next/static/chunks/node_modules_next_dist_1e8vcs8._.js:776
[ 1790978ms] [LOG] [Fast Refresh] done in 484ms @ http://localhost:3000/_next/static/chunks/node_modules_next_dist_1e8vcs8._.js:776
[ 1791053ms] [LOG] [Fast Refresh] done in 484ms @ http://localhost:3000/_next/static/chunks/node_modules_next_dist_1e8vcs8._.js:776
[ 1791115ms] [LOG] [Fast Refresh] done in 484ms @ http://localhost:3000/_next/static/chunks/node_modules_next_dist_1e8vcs8._.js:776
[ 1791223ms] [LOG] [Fast Refresh] done in 484ms @ http://localhost:3000/_next/static/chunks/node_modules_next_dist_1e8vcs8._.js:776
[ 1791304ms] [LOG] [Fast Refresh] done in 484ms @ http://localhost:3000/_next/static/chunks/node_modules_next_dist_1e8vcs8._.js:776
[ 1791380ms] [LOG] [Fast Refresh] done in 484ms @ http://localhost:3000/_next/static/chunks/node_modules_next_dist_1e8vcs8._.js:776
[ 1791460ms] [LOG] [Fast Refresh] done in 484ms @ http://localhost:3000/_next/static/chunks/node_modules_next_dist_1e8vcs8._.js:776
[ 1791541ms] [LOG] [Fast Refresh] done in 484ms @ http://localhost:3000/_next/static/chunks/node_modules_next_dist_1e8vcs8._.js:776
[ 1791632ms] [LOG] [Fast Refresh] done in 484ms @ http://localhost:3000/_next/static/chunks/node_modules_next_dist_1e8vcs8._.js:776
[ 1791712ms] [LOG] [Fast Refresh] done in 484ms @ http://localhost:3000/_next/static/chunks/node_modules_next_dist_1e8vcs8._.js:776
[ 1791789ms] [LOG] [Fast Refresh] done in 484ms @ http://localhost:3000/_next/static/chunks/node_modules_next_dist_1e8vcs8._.js:776
[ 1791869ms] [LOG] [Fast Refresh] done in 484ms @ http://localhost:3000/_next/static/chunks/node_modules_next_dist_1e8vcs8._.js:776
[ 1791947ms] [LOG] [Fast Refresh] done in 484ms @ http://localhost:3000/_next/static/chunks/node_modules_next_dist_1e8vcs8._.js:776
[ 1792025ms] [LOG] [Fast Refresh] done in 484ms @ http://localhost:3000/_next/static/chunks/node_modules_next_dist_1e8vcs8._.js:776
[ 1792104ms] [LOG] [Fast Refresh] done in 484ms @ http://localhost:3000/_next/static/chunks/node_modules_next_dist_1e8vcs8._.js:776
[ 1792183ms] [LOG] [Fast Refresh] done in 484ms @ http://localhost:3000/_next/static/chunks/node_modules_next_dist_1e8vcs8._.js:776
[ 1792261ms] [LOG] [Fast Refresh] done in 484ms @ http://localhost:3000/_next/static/chunks/node_modules_next_dist_1e8vcs8._.js:776
[ 1792340ms] [LOG] [Fast Refresh] done in 484ms @ http://localhost:3000/_next/static/chunks/node_modules_next_dist_1e8vcs8._.js:776
[ 1792420ms] [LOG] [Fast Refresh] done in 484ms @ http://localhost:3000/_next/static/chunks/node_modules_next_dist_1e8vcs8._.js:776
[ 1792496ms] [LOG] [Fast Refresh] done in 484ms @ http://localhost:3000/_next/static/chunks/node_modules_next_dist_1e8vcs8._.js:776
[ 1792573ms] [LOG] [Fast Refresh] done in 484ms @ http://localhost:3000/_next/static/chunks/node_modules_next_dist_1e8vcs8._.js:776
[ 1792650ms] [LOG] [Fast Refresh] done in 484ms @ http://localhost:3000/_next/static/chunks/node_modules_next_dist_1e8vcs8._.js:776
[ 1792730ms] [LOG] [Fast Refresh] done in 484ms @ http://localhost:3000/_next/static/chunks/node_modules_next_dist_1e8vcs8._.js:776
[ 1792809ms] [LOG] [Fast Refresh] done in 484ms @ http://localhost:3000/_next/static/chunks/node_modules_next_dist_1e8vcs8._.js:776
[ 1792888ms] [LOG] [Fast Refresh] done in 484ms @ http://localhost:3000/_next/static/chunks/node_modules_next_dist_1e8vcs8._.js:776
[ 1792967ms] [LOG] [Fast Refresh] done in 484ms @ http://localhost:3000/_next/static/chunks/node_modules_next_dist_1e8vcs8._.js:776
[ 1793044ms] [LOG] [Fast Refresh] done in 484ms @ http://localhost:3000/_next/static/chunks/node_modules_next_dist_1e8vcs8._.js:776
[ 1793138ms] [LOG] [Fast Refresh] done in 484ms @ http://localhost:3000/_next/static/chunks/node_modules_next_dist_1e8vcs8._.js:776
[ 1793216ms] [LOG] [Fast Refresh] done in 484ms @ http://localhost:3000/_next/static/chunks/node_modules_next_dist_1e8vcs8._.js:776
[ 1793294ms] [LOG] [Fast Refresh] done in 484ms @ http://localhost:3000/_next/static/chunks/node_modules_next_dist_1e8vcs8._.js:776
[ 1793373ms] [LOG] [Fast Refresh] done in 484ms @ http://localhost:3000/_next/static/chunks/node_modules_next_dist_1e8vcs8._.js:776
[ 1793451ms] [LOG] [Fast Refresh] done in 484ms @ http://localhost:3000/_next/static/chunks/node_modules_next_dist_1e8vcs8._.js:776
[ 1793539ms] [LOG] [Fast Refresh] done in 484ms @ http://localhost:3000/_next/static/chunks/node_modules_next_dist_1e8vcs8._.js:776
[ 1793621ms] [LOG] [Fast Refresh] done in 484ms @ http://localhost:3000/_next/static/chunks/node_modules_next_dist_1e8vcs8._.js:776
[ 1793759ms] [LOG] [Fast Refresh] done in 484ms @ http://localhost:3000/_next/static/chunks/node_modules_next_dist_1e8vcs8._.js:776
[ 1793829ms] [LOG] [Fast Refresh] done in 484ms @ http://localhost:3000/_next/static/chunks/node_modules_next_dist_1e8vcs8._.js:776
[ 1793923ms] [LOG] [Fast Refresh] done in 484ms @ http://localhost:3000/_next/static/chunks/node_modules_next_dist_1e8vcs8._.js:776
[ 1794026ms] [LOG] [Fast Refresh] done in 484ms @ http://localhost:3000/_next/static/chunks/node_modules_next_dist_1e8vcs8._.js:776
[ 1794135ms] [LOG] [Fast Refresh] done in 484ms @ http://localhost:3000/_next/static/chunks/node_modules_next_dist_1e8vcs8._.js:776
[ 1794211ms] [LOG] [Fast Refresh] done in 484ms @ http://localhost:3000/_next/static/chunks/node_modules_next_dist_1e8vcs8._.js:776
[ 1794289ms] [LOG] [Fast Refresh] done in 484ms @ http://localhost:3000/_next/static/chunks/node_modules_next_dist_1e8vcs8._.js:776
[ 1794368ms] [LOG] [Fast Refresh] done in 484ms @ http://localhost:3000/_next/static/chunks/node_modules_next_dist_1e8vcs8._.js:776
[ 1794445ms] [LOG] [Fast Refresh] done in 484ms @ http://localhost:3000/_next/static/chunks/node_modules_next_dist_1e8vcs8._.js:776
[ 1794523ms] [LOG] [Fast Refresh] done in 484ms @ http://localhost:3000/_next/static/chunks/node_modules_next_dist_1e8vcs8._.js:776
[ 1794603ms] [LOG] [Fast Refresh] done in 484ms @ http://localhost:3000/_next/static/chunks/node_modules_next_dist_1e8vcs8._.js:776
[ 1794683ms] [LOG] [Fast Refresh] done in 484ms @ http://localhost:3000/_next/static/chunks/node_modules_next_dist_1e8vcs8._.js:776
[ 1794757ms] [LOG] [Fast Refresh] done in 484ms @ http://localhost:3000/_next/static/chunks/node_modules_next_dist_1e8vcs8._.js:776
[ 1794836ms] [LOG] [Fast Refresh] done in 484ms @ http://localhost:3000/_next/static/chunks/node_modules_next_dist_1e8vcs8._.js:776
[ 1794914ms] [LOG] [Fast Refresh] done in 484ms @ http://localhost:3000/_next/static/chunks/node_modules_next_dist_1e8vcs8._.js:776
[ 1795009ms] [LOG] [Fast Refresh] done in 484ms @ http://localhost:3000/_next/static/chunks/node_modules_next_dist_1e8vcs8._.js:776
[ 1795132ms] [LOG] [Fast Refresh] done in 484ms @ http://localhost:3000/_next/static/chunks/node_modules_next_dist_1e8vcs8._.js:776
[ 1795217ms] [LOG] [Fast Refresh] done in 484ms @ http://localhost:3000/_next/static/chunks/node_modules_next_dist_1e8vcs8._.js:776
[ 1795352ms] [LOG] [Fast Refresh] done in 484ms @ http://localhost:3000/_next/static/chunks/node_modules_next_dist_1e8vcs8._.js:776
[ 1795542ms] [LOG] [Fast Refresh] done in 484ms @ http://localhost:3000/_next/static/chunks/node_modules_next_dist_1e8vcs8._.js:776
[ 1795645ms] [LOG] [Fast Refresh] done in 484ms @ http://localhost:3000/_next/static/chunks/node_modules_next_dist_1e8vcs8._.js:776
[ 1795768ms] [LOG] [Fast Refresh] done in 484ms @ http://localhost:3000/_next/static/chunks/node_modules_next_dist_1e8vcs8._.js:776
[ 1795936ms] [LOG] [Fast Refresh] done in 484ms @ http://localhost:3000/_next/static/chunks/node_modules_next_dist_1e8vcs8._.js:776
[ 1796019ms] [LOG] [Fast Refresh] done in 484ms @ http://localhost:3000/_next/static/chunks/node_modules_next_dist_1e8vcs8._.js:776
[ 1796099ms] [LOG] [Fast Refresh] done in 484ms @ http://localhost:3000/_next/static/chunks/node_modules_next_dist_1e8vcs8._.js:776
[ 1796190ms] [LOG] [Fast Refresh] done in 484ms @ http://localhost:3000/_next/static/chunks/node_modules_next_dist_1e8vcs8._.js:776
[ 1796267ms] [LOG] [Fast Refresh] done in 484ms @ http://localhost:3000/_next/static/chunks/node_modules_next_dist_1e8vcs8._.js:776
[ 1796348ms] [LOG] [Fast Refresh] done in 484ms @ http://localhost:3000/_next/static/chunks/node_modules_next_dist_1e8vcs8._.js:776
[ 1796423ms] [LOG] [Fast Refresh] done in 484ms @ http://localhost:3000/_next/static/chunks/node_modules_next_dist_1e8vcs8._.js:776
[ 1796510ms] [LOG] [Fast Refresh] done in 484ms @ http://localhost:3000/_next/static/chunks/node_modules_next_dist_1e8vcs8._.js:776
[ 1796584ms] [LOG] [Fast Refresh] done in 484ms @ http://localhost:3000/_next/static/chunks/node_modules_next_dist_1e8vcs8._.js:776
[ 1796660ms] [LOG] [Fast Refresh] done in 484ms @ http://localhost:3000/_next/static/chunks/node_modules_next_dist_1e8vcs8._.js:776
[ 1796740ms] [LOG] [Fast Refresh] done in 484ms @ http://localhost:3000/_next/static/chunks/node_modules_next_dist_1e8vcs8._.js:776
[ 1796816ms] [LOG] [Fast Refresh] done in 484ms @ http://localhost:3000/_next/static/chunks/node_modules_next_dist_1e8vcs8._.js:776
[ 1796892ms] [LOG] [Fast Refresh] done in 484ms @ http://localhost:3000/_next/static/chunks/node_modules_next_dist_1e8vcs8._.js:776
[ 1796970ms] [LOG] [Fast Refresh] done in 484ms @ http://localhost:3000/_next/static/chunks/node_modules_next_dist_1e8vcs8._.js:776
[ 1797049ms] [LOG] [Fast Refresh] done in 484ms @ http://localhost:3000/_next/static/chunks/node_modules_next_dist_1e8vcs8._.js:776
[ 1797142ms] [LOG] [Fast Refresh] done in 484ms @ http://localhost:3000/_next/static/chunks/node_modules_next_dist_1e8vcs8._.js:776
[ 1797223ms] [LOG] [Fast Refresh] done in 484ms @ http://localhost:3000/_next/static/chunks/node_modules_next_dist_1e8vcs8._.js:776
[ 1797301ms] [LOG] [Fast Refresh] done in 484ms @ http://localhost:3000/_next/static/chunks/node_modules_next_dist_1e8vcs8._.js:776
[ 1797380ms] [LOG] [Fast Refresh] done in 484ms @ http://localhost:3000/_next/static/chunks/node_modules_next_dist_1e8vcs8._.js:776
[ 1797463ms] [LOG] [Fast Refresh] done in 484ms @ http://localhost:3000/_next/static/chunks/node_modules_next_dist_1e8vcs8._.js:776
[ 1797559ms] [LOG] [Fast Refresh] done in 484ms @ http://localhost:3000/_next/static/chunks/node_modules_next_dist_1e8vcs8._.js:776
[ 1797642ms] [LOG] [Fast Refresh] done in 484ms @ http://localhost:3000/_next/static/chunks/node_modules_next_dist_1e8vcs8._.js:776
[ 1797729ms] [LOG] [Fast Refresh] done in 484ms @ http://localhost:3000/_next/static/chunks/node_modules_next_dist_1e8vcs8._.js:776
[ 1797830ms] [LOG] [Fast Refresh] done in 484ms @ http://localhost:3000/_next/static/chunks/node_modules_next_dist_1e8vcs8._.js:776
[ 1797925ms] [LOG] [Fast Refresh] done in 484ms @ http://localhost:3000/_next/static/chunks/node_modules_next_dist_1e8vcs8._.js:776
[ 1798003ms] [LOG] [Fast Refresh] done in 484ms @ http://localhost:3000/_next/static/chunks/node_modules_next_dist_1e8vcs8._.js:776
[ 1798083ms] [LOG] [Fast Refresh] done in 484ms @ http://localhost:3000/_next/static/chunks/node_modules_next_dist_1e8vcs8._.js:776
[ 1798176ms] [LOG] [Fast Refresh] done in 484ms @ http://localhost:3000/_next/static/chunks/node_modules_next_dist_1e8vcs8._.js:776
[ 1798281ms] [LOG] [Fast Refresh] done in 484ms @ http://localhost:3000/_next/static/chunks/node_modules_next_dist_1e8vcs8._.js:776
[ 1798382ms] [LOG] [Fast Refresh] done in 484ms @ http://localhost:3000/_next/static/chunks/node_modules_next_dist_1e8vcs8._.js:776
[ 1798460ms] [LOG] [Fast Refresh] done in 484ms @ http://localhost:3000/_next/static/chunks/node_modules_next_dist_1e8vcs8._.js:776
[ 1798547ms] [LOG] [Fast Refresh] done in 484ms @ http://localhost:3000/_next/static/chunks/node_modules_next_dist_1e8vcs8._.js:776
[ 1798632ms] [LOG] [Fast Refresh] done in 484ms @ http://localhost:3000/_next/static/chunks/node_modules_next_dist_1e8vcs8._.js:776
[ 1798711ms] [LOG] [Fast Refresh] done in 484ms @ http://localhost:3000/_next/static/chunks/node_modules_next_dist_1e8vcs8._.js:776
[ 1798789ms] [LOG] [Fast Refresh] done in 484ms @ http://localhost:3000/_next/static/chunks/node_modules_next_dist_1e8vcs8._.js:776
[ 1798869ms] [LOG] [Fast Refresh] done in 484ms @ http://localhost:3000/_next/static/chunks/node_modules_next_dist_1e8vcs8._.js:776
[ 1798948ms] [LOG] [Fast Refresh] done in 484ms @ http://localhost:3000/_next/static/chunks/node_modules_next_dist_1e8vcs8._.js:776
[ 1799028ms] [LOG] [Fast Refresh] done in 484ms @ http://localhost:3000/_next/static/chunks/node_modules_next_dist_1e8vcs8._.js:776
[ 1799151ms] [LOG] [Fast Refresh] done in 484ms @ http://localhost:3000/_next/static/chunks/node_modules_next_dist_1e8vcs8._.js:776
[ 1799230ms] [LOG] [Fast Refresh] done in 484ms @ http://localhost:3000/_next/static/chunks/node_modules_next_dist_1e8vcs8._.js:776
[ 1799309ms] [LOG] [Fast Refresh] done in 484ms @ http://localhost:3000/_next/static/chunks/node_modules_next_dist_1e8vcs8._.js:776
[ 1799419ms] [LOG] [Fast Refresh] done in 484ms @ http://localhost:3000/_next/static/chunks/node_modules_next_dist_1e8vcs8._.js:776
[ 1799497ms] [LOG] [Fast Refresh] done in 484ms @ http://localhost:3000/_next/static/chunks/node_modules_next_dist_1e8vcs8._.js:776
[ 1799590ms] [LOG] [Fast Refresh] done in 484ms @ http://localhost:3000/_next/static/chunks/node_modules_next_dist_1e8vcs8._.js:776
[ 1799669ms] [LOG] [Fast Refresh] done in 484ms @ http://localhost:3000/_next/static/chunks/node_modules_next_dist_1e8vcs8._.js:776
[ 1799747ms] [LOG] [Fast Refresh] done in 484ms @ http://localhost:3000/_next/static/chunks/node_modules_next_dist_1e8vcs8._.js:776
[ 1799832ms] [LOG] [Fast Refresh] done in 484ms @ http://localhost:3000/_next/static/chunks/node_modules_next_dist_1e8vcs8._.js:776
[ 1799923ms] [LOG] [Fast Refresh] done in 484ms @ http://localhost:3000/_next/static/chunks/node_modules_next_dist_1e8vcs8._.js:776
[ 1800033ms] [LOG] [Fast Refresh] done in 484ms @ http://localhost:3000/_next/static/chunks/node_modules_next_dist_1e8vcs8._.js:776
[ 1800140ms] [LOG] [Fast Refresh] done in 484ms @ http://localhost:3000/_next/static/chunks/node_modules_next_dist_1e8vcs8._.js:776
[ 1800270ms] [LOG] [Fast Refresh] done in 484ms @ http://localhost:3000/_next/static/chunks/node_modules_next_dist_1e8vcs8._.js:776
[ 1800348ms] [LOG] [Fast Refresh] done in 484ms @ http://localhost:3000/_next/static/chunks/node_modules_next_dist_1e8vcs8._.js:776
[ 1800422ms] [LOG] [Fast Refresh] done in 484ms @ http://localhost:3000/_next/static/chunks/node_modules_next_dist_1e8vcs8._.js:776
[ 1800501ms] [LOG] [Fast Refresh] done in 484ms @ http://localhost:3000/_next/static/chunks/node_modules_next_dist_1e8vcs8._.js:776
[ 1800580ms] [LOG] [Fast Refresh] done in 484ms @ http://localhost:3000/_next/static/chunks/node_modules_next_dist_1e8vcs8._.js:776
[ 1800659ms] [LOG] [Fast Refresh] done in 484ms @ http://localhost:3000/_next/static/chunks/node_modules_next_dist_1e8vcs8._.js:776
[ 1800750ms] [LOG] [Fast Refresh] done in 484ms @ http://localhost:3000/_next/static/chunks/node_modules_next_dist_1e8vcs8._.js:776
[ 1800847ms] [LOG] [Fast Refresh] done in 484ms @ http://localhost:3000/_next/static/chunks/node_modules_next_dist_1e8vcs8._.js:776
[ 1800925ms] [LOG] [Fast Refresh] done in 484ms @ http://localhost:3000/_next/static/chunks/node_modules_next_dist_1e8vcs8._.js:776
[ 1801002ms] [LOG] [Fast Refresh] done in 484ms @ http://localhost:3000/_next/static/chunks/node_modules_next_dist_1e8vcs8._.js:776
[ 1801080ms] [LOG] [Fast Refresh] done in 484ms @ http://localhost:3000/_next/static/chunks/node_modules_next_dist_1e8vcs8._.js:776
[ 1801196ms] [LOG] [Fast Refresh] done in 484ms @ http://localhost:3000/_next/static/chunks/node_modules_next_dist_1e8vcs8._.js:776
[ 1801270ms] [LOG] [Fast Refresh] done in 484ms @ http://localhost:3000/_next/static/chunks/node_modules_next_dist_1e8vcs8._.js:776
[ 1801380ms] [LOG] [Fast Refresh] done in 484ms @ http://localhost:3000/_next/static/chunks/node_modules_next_dist_1e8vcs8._.js:776
[ 1801478ms] [LOG] [Fast Refresh] done in 484ms @ http://localhost:3000/_next/static/chunks/node_modules_next_dist_1e8vcs8._.js:776
[ 1801586ms] [LOG] [Fast Refresh] done in 484ms @ http://localhost:3000/_next/static/chunks/node_modules_next_dist_1e8vcs8._.js:776
[ 1801684ms] [LOG] [Fast Refresh] done in 484ms @ http://localhost:3000/_next/static/chunks/node_modules_next_dist_1e8vcs8._.js:776
[ 1801773ms] [LOG] [Fast Refresh] done in 484ms @ http://localhost:3000/_next/static/chunks/node_modules_next_dist_1e8vcs8._.js:776
[ 1801850ms] [LOG] [Fast Refresh] done in 484ms @ http://localhost:3000/_next/static/chunks/node_modules_next_dist_1e8vcs8._.js:776
[ 1801928ms] [LOG] [Fast Refresh] done in 484ms @ http://localhost:3000/_next/static/chunks/node_modules_next_dist_1e8vcs8._.js:776
[ 1802006ms] [LOG] [Fast Refresh] done in 484ms @ http://localhost:3000/_next/static/chunks/node_modules_next_dist_1e8vcs8._.js:776
[ 1802157ms] [LOG] [Fast Refresh] done in 484ms @ http://localhost:3000/_next/static/chunks/node_modules_next_dist_1e8vcs8._.js:776
[ 1802293ms] [LOG] [Fast Refresh] done in 484ms @ http://localhost:3000/_next/static/chunks/node_modules_next_dist_1e8vcs8._.js:776
[ 1802383ms] [LOG] [Fast Refresh] done in 484ms @ http://localhost:3000/_next/static/chunks/node_modules_next_dist_1e8vcs8._.js:776
[ 1802470ms] [LOG] [Fast Refresh] done in 484ms @ http://localhost:3000/_next/static/chunks/node_modules_next_dist_1e8vcs8._.js:776
[ 1802553ms] [LOG] [Fast Refresh] done in 484ms @ http://localhost:3000/_next/static/chunks/node_modules_next_dist_1e8vcs8._.js:776
[ 1802708ms] [LOG] [Fast Refresh] done in 484ms @ http://localhost:3000/_next/static/chunks/node_modules_next_dist_1e8vcs8._.js:776
[ 1802879ms] [LOG] [Fast Refresh] done in 484ms @ http://localhost:3000/_next/static/chunks/node_modules_next_dist_1e8vcs8._.js:776
[ 1802962ms] [LOG] [Fast Refresh] done in 484ms @ http://localhost:3000/_next/static/chunks/node_modules_next_dist_1e8vcs8._.js:776
[ 1803038ms] [LOG] [Fast Refresh] done in 484ms @ http://localhost:3000/_next/static/chunks/node_modules_next_dist_1e8vcs8._.js:776
[ 1803131ms] [LOG] [Fast Refresh] done in 484ms @ http://localhost:3000/_next/static/chunks/node_modules_next_dist_1e8vcs8._.js:776
[ 1803217ms] [LOG] [Fast Refresh] done in 484ms @ http://localhost:3000/_next/static/chunks/node_modules_next_dist_1e8vcs8._.js:776
[ 1803303ms] [LOG] [Fast Refresh] done in 484ms @ http://localhost:3000/_next/static/chunks/node_modules_next_dist_1e8vcs8._.js:776
[ 1803396ms] [LOG] [Fast Refresh] done in 484ms @ http://localhost:3000/_next/static/chunks/node_modules_next_dist_1e8vcs8._.js:776
[ 1803493ms] [LOG] [Fast Refresh] done in 484ms @ http://localhost:3000/_next/static/chunks/node_modules_next_dist_1e8vcs8._.js:776
[ 1803578ms] [LOG] [Fast Refresh] done in 484ms @ http://localhost:3000/_next/static/chunks/node_modules_next_dist_1e8vcs8._.js:776
[ 1803683ms] [LOG] [Fast Refresh] done in 484ms @ http://localhost:3000/_next/static/chunks/node_modules_next_dist_1e8vcs8._.js:776
[ 1803766ms] [LOG] [Fast Refresh] done in 484ms @ http://localhost:3000/_next/static/chunks/node_modules_next_dist_1e8vcs8._.js:776
[ 1803841ms] [LOG] [Fast Refresh] done in 484ms @ http://localhost:3000/_next/static/chunks/node_modules_next_dist_1e8vcs8._.js:776
[ 1803945ms] [LOG] [Fast Refresh] done in 484ms @ http://localhost:3000/_next/static/chunks/node_modules_next_dist_1e8vcs8._.js:776
[ 1804049ms] [LOG] [Fast Refresh] done in 484ms @ http://localhost:3000/_next/static/chunks/node_modules_next_dist_1e8vcs8._.js:776
[ 1804172ms] [LOG] [Fast Refresh] done in 484ms @ http://localhost:3000/_next/static/chunks/node_modules_next_dist_1e8vcs8._.js:776
[ 1804249ms] [LOG] [Fast Refresh] done in 484ms @ http://localhost:3000/_next/static/chunks/node_modules_next_dist_1e8vcs8._.js:776
[ 1804332ms] [LOG] [Fast Refresh] done in 484ms @ http://localhost:3000/_next/static/chunks/node_modules_next_dist_1e8vcs8._.js:776
[ 1804407ms] [LOG] [Fast Refresh] done in 484ms @ http://localhost:3000/_next/static/chunks/node_modules_next_dist_1e8vcs8._.js:776
[ 1804487ms] [LOG] [Fast Refresh] done in 484ms @ http://localhost:3000/_next/static/chunks/node_modules_next_dist_1e8vcs8._.js:776
[ 1804563ms] [LOG] [Fast Refresh] done in 484ms @ http://localhost:3000/_next/static/chunks/node_modules_next_dist_1e8vcs8._.js:776
[ 1804641ms] [LOG] [Fast Refresh] done in 484ms @ http://localhost:3000/_next/static/chunks/node_modules_next_dist_1e8vcs8._.js:776
[ 1804720ms] [LOG] [Fast Refresh] done in 484ms @ http://localhost:3000/_next/static/chunks/node_modules_next_dist_1e8vcs8._.js:776
[ 1804825ms] [LOG] [Fast Refresh] done in 484ms @ http://localhost:3000/_next/static/chunks/node_modules_next_dist_1e8vcs8._.js:776
[ 1804907ms] [LOG] [Fast Refresh] done in 484ms @ http://localhost:3000/_next/static/chunks/node_modules_next_dist_1e8vcs8._.js:776
[ 1804985ms] [LOG] [Fast Refresh] done in 484ms @ http://localhost:3000/_next/static/chunks/node_modules_next_dist_1e8vcs8._.js:776
[ 1805064ms] [LOG] [Fast Refresh] done in 484ms @ http://localhost:3000/_next/static/chunks/node_modules_next_dist_1e8vcs8._.js:776
[ 1805160ms] [LOG] [Fast Refresh] done in 484ms @ http://localhost:3000/_next/static/chunks/node_modules_next_dist_1e8vcs8._.js:776
[ 1805238ms] [LOG] [Fast Refresh] done in 484ms @ http://localhost:3000/_next/static/chunks/node_modules_next_dist_1e8vcs8._.js:776
[ 1805320ms] [LOG] [Fast Refresh] done in 484ms @ http://localhost:3000/_next/static/chunks/node_modules_next_dist_1e8vcs8._.js:776
[ 1805393ms] [LOG] [Fast Refresh] done in 484ms @ http://localhost:3000/_next/static/chunks/node_modules_next_dist_1e8vcs8._.js:776
[ 1805471ms] [LOG] [Fast Refresh] done in 484ms @ http://localhost:3000/_next/static/chunks/node_modules_next_dist_1e8vcs8._.js:776
[ 1805550ms] [LOG] [Fast Refresh] done in 484ms @ http://localhost:3000/_next/static/chunks/node_modules_next_dist_1e8vcs8._.js:776
[ 1805630ms] [LOG] [Fast Refresh] done in 484ms @ http://localhost:3000/_next/static/chunks/node_modules_next_dist_1e8vcs8._.js:776
[ 1805709ms] [LOG] [Fast Refresh] done in 484ms @ http://localhost:3000/_next/static/chunks/node_modules_next_dist_1e8vcs8._.js:776
[ 1805787ms] [LOG] [Fast Refresh] done in 484ms @ http://localhost:3000/_next/static/chunks/node_modules_next_dist_1e8vcs8._.js:776
[ 1805865ms] [LOG] [Fast Refresh] done in 484ms @ http://localhost:3000/_next/static/chunks/node_modules_next_dist_1e8vcs8._.js:776
[ 1805942ms] [LOG] [Fast Refresh] done in 484ms @ http://localhost:3000/_next/static/chunks/node_modules_next_dist_1e8vcs8._.js:776
[ 1806020ms] [LOG] [Fast Refresh] done in 484ms @ http://localhost:3000/_next/static/chunks/node_modules_next_dist_1e8vcs8._.js:776
[ 1806098ms] [LOG] [Fast Refresh] done in 484ms @ http://localhost:3000/_next/static/chunks/node_modules_next_dist_1e8vcs8._.js:776
[ 1806175ms] [LOG] [Fast Refresh] done in 484ms @ http://localhost:3000/_next/static/chunks/node_modules_next_dist_1e8vcs8._.js:776
[ 1806253ms] [LOG] [Fast Refresh] done in 484ms @ http://localhost:3000/_next/static/chunks/node_modules_next_dist_1e8vcs8._.js:776
[ 1806332ms] [LOG] [Fast Refresh] done in 484ms @ http://localhost:3000/_next/static/chunks/node_modules_next_dist_1e8vcs8._.js:776
[ 1806411ms] [LOG] [Fast Refresh] done in 484ms @ http://localhost:3000/_next/static/chunks/node_modules_next_dist_1e8vcs8._.js:776
[ 1806490ms] [LOG] [Fast Refresh] done in 484ms @ http://localhost:3000/_next/static/chunks/node_modules_next_dist_1e8vcs8._.js:776
[ 1806569ms] [LOG] [Fast Refresh] done in 484ms @ http://localhost:3000/_next/static/chunks/node_modules_next_dist_1e8vcs8._.js:776
[ 1806694ms] [LOG] [Fast Refresh] done in 484ms @ http://localhost:3000/_next/static/chunks/node_modules_next_dist_1e8vcs8._.js:776
[ 1806773ms] [LOG] [Fast Refresh] done in 484ms @ http://localhost:3000/_next/static/chunks/node_modules_next_dist_1e8vcs8._.js:776
[ 1806922ms] [LOG] [Fast Refresh] done in 484ms @ http://localhost:3000/_next/static/chunks/node_modules_next_dist_1e8vcs8._.js:776
[ 1807020ms] [LOG] [Fast Refresh] done in 484ms @ http://localhost:3000/_next/static/chunks/node_modules_next_dist_1e8vcs8._.js:776
[ 1807113ms] [LOG] [Fast Refresh] done in 484ms @ http://localhost:3000/_next/static/chunks/node_modules_next_dist_1e8vcs8._.js:776
[ 1807191ms] [LOG] [Fast Refresh] done in 484ms @ http://localhost:3000/_next/static/chunks/node_modules_next_dist_1e8vcs8._.js:776
[ 1807269ms] [LOG] [Fast Refresh] done in 484ms @ http://localhost:3000/_next/static/chunks/node_modules_next_dist_1e8vcs8._.js:776
[ 1807347ms] [LOG] [Fast Refresh] done in 484ms @ http://localhost:3000/_next/static/chunks/node_modules_next_dist_1e8vcs8._.js:776
[ 1807426ms] [LOG] [Fast Refresh] done in 484ms @ http://localhost:3000/_next/static/chunks/node_modules_next_dist_1e8vcs8._.js:776
[ 1807505ms] [LOG] [Fast Refresh] done in 484ms @ http://localhost:3000/_next/static/chunks/node_modules_next_dist_1e8vcs8._.js:776
[ 1807582ms] [LOG] [Fast Refresh] done in 484ms @ http://localhost:3000/_next/static/chunks/node_modules_next_dist_1e8vcs8._.js:776
[ 1807680ms] [LOG] [Fast Refresh] done in 484ms @ http://localhost:3000/_next/static/chunks/node_modules_next_dist_1e8vcs8._.js:776
[ 1807755ms] [LOG] [Fast Refresh] done in 484ms @ http://localhost:3000/_next/static/chunks/node_modules_next_dist_1e8vcs8._.js:776
[ 1807835ms] [LOG] [Fast Refresh] done in 484ms @ http://localhost:3000/_next/static/chunks/node_modules_next_dist_1e8vcs8._.js:776
[ 1807913ms] [LOG] [Fast Refresh] done in 484ms @ http://localhost:3000/_next/static/chunks/node_modules_next_dist_1e8vcs8._.js:776
[ 1807990ms] [LOG] [Fast Refresh] done in 484ms @ http://localhost:3000/_next/static/chunks/node_modules_next_dist_1e8vcs8._.js:776
[ 1808069ms] [LOG] [Fast Refresh] done in 484ms @ http://localhost:3000/_next/static/chunks/node_modules_next_dist_1e8vcs8._.js:776
[ 1808147ms] [LOG] [Fast Refresh] done in 484ms @ http://localhost:3000/_next/static/chunks/node_modules_next_dist_1e8vcs8._.js:776
[ 1808224ms] [LOG] [Fast Refresh] done in 484ms @ http://localhost:3000/_next/static/chunks/node_modules_next_dist_1e8vcs8._.js:776
[ 1808302ms] [LOG] [Fast Refresh] done in 484ms @ http://localhost:3000/_next/static/chunks/node_modules_next_dist_1e8vcs8._.js:776
[ 1808387ms] [LOG] [Fast Refresh] done in 484ms @ http://localhost:3000/_next/static/chunks/node_modules_next_dist_1e8vcs8._.js:776
[ 1808461ms] [LOG] [Fast Refresh] done in 484ms @ http://localhost:3000/_next/static/chunks/node_modules_next_dist_1e8vcs8._.js:776
[ 1808537ms] [LOG] [Fast Refresh] done in 484ms @ http://localhost:3000/_next/static/chunks/node_modules_next_dist_1e8vcs8._.js:776
[ 1808617ms] [LOG] [Fast Refresh] done in 484ms @ http://localhost:3000/_next/static/chunks/node_modules_next_dist_1e8vcs8._.js:776
[ 1808694ms] [LOG] [Fast Refresh] done in 484ms @ http://localhost:3000/_next/static/chunks/node_modules_next_dist_1e8vcs8._.js:776
[ 1808772ms] [LOG] [Fast Refresh] done in 484ms @ http://localhost:3000/_next/static/chunks/node_modules_next_dist_1e8vcs8._.js:776
[ 1808853ms] [LOG] [Fast Refresh] done in 484ms @ http://localhost:3000/_next/static/chunks/node_modules_next_dist_1e8vcs8._.js:776
[ 1808928ms] [LOG] [Fast Refresh] done in 484ms @ http://localhost:3000/_next/static/chunks/node_modules_next_dist_1e8vcs8._.js:776
[ 1809006ms] [LOG] [Fast Refresh] done in 484ms @ http://localhost:3000/_next/static/chunks/node_modules_next_dist_1e8vcs8._.js:776
[ 1809084ms] [LOG] [Fast Refresh] done in 484ms @ http://localhost:3000/_next/static/chunks/node_modules_next_dist_1e8vcs8._.js:776
